datetime,instance,mode,method,seed,threads,time_limit_s,status,obj,bound,gap,solver_time_s,total_wall_s,lag_lb,lag_ub,lag_time_s,benders_cuts,heuristic_cost,verified_cost,verified_ok,gurobi_version,gurobi_log
20260710-212130,kstar_nI20_nJ20_nK100_nL10_tI2_tJ2_s1,exact,0,0,0,600,OPTIMAL,134555.00,134555.00,0.00000000,0.29,0.36,-1.00,-1.00,-1.00,0,-1.00,134555.00,1,13.0.2,logs/kstar_nI20_nJ20_nK100_nL10_tI2_tJ2_s1_m0_exact_s0_20260710-212130.gurobi.log
20260710-212130,kstar_nI20_nJ20_nK100_nL10_tI2_tJ2_s1,exact,1,0,0,600,OPTIMAL,134555.00,134555.00,0.00000000,487.69,488.06,-1.00,-1.00,-1.00,48617,-1.00,134555.00,1,13.0.2,logs/kstar_nI20_nJ20_nK100_nL10_tI2_tJ2_s1_m1_exact_s0_20260710-212130.gurobi.log
20260710-212938,kstar_nI20_nJ20_nK100_nL10_tI2_tJ2_s2,exact,0,0,0,600,OPTIMAL,129583.00,129583.00,0.00000000,0.30,0.36,-1.00,-1.00,-1.00,0,-1.00,129583.00,1,13.0.2,logs/kstar_nI20_nJ20_nK100_nL10_tI2_tJ2_s2_m0_exact_s0_20260710-212938.gurobi.log
20260710-212939,kstar_nI20_nJ20_nK100_nL10_tI2_tJ2_s2,exact,1,0,0,600,FEASIBLE,263233.00,118092.50,0.55137654,601.78,602.07,-1.00,-1.00,-1.00,51326,-1.00,263233.00,1,13.0.2,logs/kstar_nI20_nJ20_nK100_nL10_tI2_tJ2_s2_m1_exact_s0_20260710-212939.gurobi.log
20260710-213941,kstar_nI20_nJ20_nK100_nL10_tI2_tJ2_s3,exact,0,0,0,600,OPTIMAL,127495.00,127495.00,0.00000000,0.32,0.38,-1.00,-1.00,-1.00,0,-1.00,127495.00,1,13.0.2,logs/kstar_nI20_nJ20_nK100_nL10_tI2_tJ2_s3_m0_exact_s0_20260710-213941.gurobi.log
20260710-213941,kstar_nI20_nJ20_nK100_nL10_tI2_tJ2_s3,exact,1,0,0,600,FEASIBLE,269164.00,117063.65,0.56508428,601.39,601.61,-1.00,-1.00,-1.00,48487,-1.00,269164.00,1,13.0.2,logs/kstar_nI20_nJ20_nK100_nL10_tI2_tJ2_s3_m1_exact_s0_20260710-213941.gurobi.log
20260710-214943,kstar_nI20_nJ20_nK100_nL10_tI2_tJ2_s4,exact,0,0,0,600,OPTIMAL,126887.00,126887.00,0.00000000,0.31,0.36,-1.00,-1.00,-1.00,0,-1.00,126887.00,1,13.0.2,logs/kstar_nI20_nJ20_nK100_nL10_tI2_tJ2_s4_m0_exact_s0_20260710-214943.gurobi.log
20260710-214943,kstar_nI20_nJ20_nK100_nL10_tI2_tJ2_s4,exact,1,0,0,600,FEASIBLE,228257.00,116668.35,0.48887286,602.35,602.63,-1.00,-1.00,-1.00,54790,-1.00,228257.00,1,13.0.2,logs/kstar_nI20_nJ20_nK100_nL10_tI2_tJ2_s4_m1_exact_s0_20260710-214943.gurobi.log
20260710-215946,kstar_nI20_nJ20_nK100_nL10_tI2_tJ2_s5,exact,0,0,0,600,OPTIMAL,129745.00,129744.66,0.00000259,0.32,0.39,-1.00,-1.00,-1.00,0,-1.00,129745.00,1,13.0.2,logs/kstar_nI20_nJ20_nK100_nL10_tI2_tJ2_s5_m0_exact_s0_20260710-215946.gurobi.log
20260710-215947,kstar_nI20_nJ20_nK100_nL10_tI2_tJ2_s5,exact,1,0,0,600,FEASIBLE,255525.00,119397.96,0.53273473,601.75,602.12,-1.00,-1.00,-1.00,58042,-1.00,255525.00,1,13.0.2,logs/kstar_nI20_nJ20_nK100_nL10_tI2_tJ2_s5_m1_exact_s0_20260710-215947.gurobi.log
20260710-220949,kstar_nI20_nJ20_nK100_nL10_tI3_tJ3_s1,exact,0,0,0,600,OPTIMAL,127987.00,127987.00,0.00000000,0.33,0.40,-1.00,-1.00,-1.00,0,-1.00,127987.00,1,13.0.2,logs/kstar_nI20_nJ20_nK100_nL10_tI3_tJ3_s1_m0_exact_s0_20260710-220949.gurobi.log
20260710-220949,kstar_nI20_nJ20_nK100_nL10_tI3_tJ3_s1,exact,1,0,0,600,FEASIBLE,227056.00,116185.15,0.48829737,602.12,602.56,-1.00,-1.00,-1.00,57858,-1.00,227056.00,1,13.0.2,logs/kstar_nI20_nJ20_nK100_nL10_tI3_tJ3_s1_m1_exact_s0_20260710-220949.gurobi.log
20260710-221952,kstar_nI20_nJ20_nK100_nL10_tI3_tJ3_s2,exact,0,0,0,600,OPTIMAL,127389.00,127389.00,0.00000000,0.25,0.31,-1.00,-1.00,-1.00,0,-1.00,127389.00,1,13.0.2,logs/kstar_nI20_nJ20_nK100_nL10_tI3_tJ3_s2_m0_exact_s0_20260710-221952.gurobi.log
20260710-221952,kstar_nI20_nJ20_nK100_nL10_tI3_tJ3_s2,exact,1,0,0,600,FEASIBLE,180787.00,119037.58,0.34155898,601.20,601.88,-1.00,-1.00,-1.00,56405,-1.00,180787.00,1,13.0.2,logs/kstar_nI20_nJ20_nK100_nL10_tI3_tJ3_s2_m1_exact_s0_20260710-221952.gurobi.log
20260710-222954,kstar_nI20_nJ20_nK100_nL10_tI3_tJ3_s3,exact,0,0,0,600,OPTIMAL,125312.00,125312.00,0.00000000,0.33,0.38,-1.00,-1.00,-1.00,0,-1.00,125312.00,1,13.0.2,logs/kstar_nI20_nJ20_nK100_nL10_tI3_tJ3_s3_m0_exact_s0_20260710-222954.gurobi.log
20260710-222955,kstar_nI20_nJ20_nK100_nL10_tI3_tJ3_s3,exact,1,0,0,600,FEASIBLE,290467.00,115130.00,0.60363828,602.67,603.19,-1.00,-1.00,-1.00,60544,-1.00,290467.00,1,13.0.2,logs/kstar_nI20_nJ20_nK100_nL10_tI3_tJ3_s3_m1_exact_s0_20260710-222955.gurobi.log
20260710-223958,kstar_nI20_nJ20_nK100_nL10_tI3_tJ3_s4,exact,0,0,0,600,OPTIMAL,129942.00,129942.00,0.00000000,0.34,0.40,-1.00,-1.00,-1.00,0,-1.00,129942.00,1,13.0.2,logs/kstar_nI20_nJ20_nK100_nL10_tI3_tJ3_s4_m0_exact_s0_20260710-223958.gurobi.log
20260710-223958,kstar_nI20_nJ20_nK100_nL10_tI3_tJ3_s4,exact,1,0,0,600,FEASIBLE,205398.00,120203.59,0.41477723,602.42,602.90,-1.00,-1.00,-1.00,52741,-1.00,205398.00,1,13.0.2,logs/kstar_nI20_nJ20_nK100_nL10_tI3_tJ3_s4_m1_exact_s0_20260710-223958.gurobi.log
20260710-225001,kstar_nI20_nJ20_nK100_nL10_tI3_tJ3_s5,exact,0,0,0,600,OPTIMAL,130876.00,130876.00,0.00000000,0.32,0.37,-1.00,-1.00,-1.00,0,-1.00,130876.00,1,13.0.2,logs/kstar_nI20_nJ20_nK100_nL10_tI3_tJ3_s5_m0_exact_s0_20260710-225001.gurobi.log
20260710-225002,kstar_nI20_nJ20_nK100_nL10_tI3_tJ3_s5,exact,1,0,0,600,FEASIBLE,179277.00,121365.39,0.32302869,601.39,601.72,-1.00,-1.00,-1.00,45825,-1.00,179277.00,1,13.0.2,logs/kstar_nI20_nJ20_nK100_nL10_tI3_tJ3_s5_m1_exact_s0_20260710-225002.gurobi.log
20260710-230003,kstar_nI20_nJ20_nK100_nL10_tI4_tJ4_s1,exact,0,0,0,600,OPTIMAL,128135.00,128135.00,0.00000000,0.24,0.30,-1.00,-1.00,-1.00,0,-1.00,128135.00,1,13.0.2,logs/kstar_nI20_nJ20_nK100_nL10_tI4_tJ4_s1_m0_exact_s0_20260710-230003.gurobi.log
20260710-230004,kstar_nI20_nJ20_nK100_nL10_tI4_tJ4_s1,exact,1,0,0,600,FEASIBLE,172037.00,119676.24,0.30435752,600.58,601.13,-1.00,-1.00,-1.00,45285,-1.00,172037.00,1,13.0.2,logs/kstar_nI20_nJ20_nK100_nL10_tI4_tJ4_s1_m1_exact_s0_20260710-230004.gurobi.log
20260710-231005,kstar_nI20_nJ20_nK100_nL10_tI4_tJ4_s2,exact,0,0,0,600,OPTIMAL,126435.00,126435.00,0.00000000,0.32,0.37,-1.00,-1.00,-1.00,0,-1.00,126435.00,1,13.0.2,logs/kstar_nI20_nJ20_nK100_nL10_tI4_tJ4_s2_m0_exact_s0_20260710-231005.gurobi.log
20260710-231005,kstar_nI20_nJ20_nK100_nL10_tI4_tJ4_s2,exact,1,0,0,600,FEASIBLE,213427.00,116489.10,0.45419698,601.17,601.92,-1.00,-1.00,-1.00,47681,-1.00,213427.00,1,13.0.2,logs/kstar_nI20_nJ20_nK100_nL10_tI4_tJ4_s2_m1_exact_s0_20260710-231005.gurobi.log
20260710-232007,kstar_nI20_nJ20_nK100_nL10_tI4_tJ4_s3,exact,0,0,0,600,OPTIMAL,132458.00,132458.00,0.00000000,0.27,0.32,-1.00,-1.00,-1.00,0,-1.00,132458.00,1,13.0.2,logs/kstar_nI20_nJ20_nK100_nL10_tI4_tJ4_s3_m0_exact_s0_20260710-232007.gurobi.log
20260710-232008,kstar_nI20_nJ20_nK100_nL10_tI4_tJ4_s3,exact,1,0,0,600,FEASIBLE,188804.00,124782.27,0.33909096,601.59,602.42,-1.00,-1.00,-1.00,46240,-1.00,188804.00,1,13.0.2,logs/kstar_nI20_nJ20_nK100_nL10_tI4_tJ4_s3_m1_exact_s0_20260710-232008.gurobi.log
20260710-233010,kstar_nI20_nJ20_nK100_nL10_tI4_tJ4_s4,exact,0,0,0,600,OPTIMAL,126395.00,126395.00,0.00000000,0.24,0.31,-1.00,-1.00,-1.00,0,-1.00,126395.00,1,13.0.2,logs/kstar_nI20_nJ20_nK100_nL10_tI4_tJ4_s4_m0_exact_s0_20260710-233010.gurobi.log
20260710-233011,kstar_nI20_nJ20_nK100_nL10_tI4_tJ4_s4,exact,1,0,0,600,FEASIBLE,126395.00,124874.04,0.01203341,600.55,600.80,-1.00,-1.00,-1.00,46611,-1.00,126395.00,1,13.0.2,logs/kstar_nI20_nJ20_nK100_nL10_tI4_tJ4_s4_m1_exact_s0_20260710-233011.gurobi.log
20260710-234011,kstar_nI20_nJ20_nK100_nL10_tI4_tJ4_s5,exact,0,0,0,600,OPTIMAL,128558.00,128558.00,0.00000000,0.29,0.35,-1.00,-1.00,-1.00,0,-1.00,128558.00,1,13.0.2,logs/kstar_nI20_nJ20_nK100_nL10_tI4_tJ4_s5_m0_exact_s0_20260710-234011.gurobi.log
20260710-234012,kstar_nI20_nJ20_nK100_nL10_tI4_tJ4_s5,exact,1,0,0,600,FEASIBLE,201913.00,119577.75,0.40777586,602.01,602.52,-1.00,-1.00,-1.00,49544,-1.00,201913.00,1,13.0.2,logs/kstar_nI20_nJ20_nK100_nL10_tI4_tJ4_s5_m1_exact_s0_20260710-234012.gurobi.log
20260710-235014,kstar_nI20_nJ20_nK100_nL10_tI5_tJ5_s1,exact,0,0,0,600,OPTIMAL,126078.00,126078.00,0.00000000,0.27,0.33,-1.00,-1.00,-1.00,0,-1.00,126078.00,1,13.0.2,logs/kstar_nI20_nJ20_nK100_nL10_tI5_tJ5_s1_m0_exact_s0_20260710-235014.gurobi.log
20260710-235015,kstar_nI20_nJ20_nK100_nL10_tI5_tJ5_s1,exact,1,0,0,600,FEASIBLE,186652.00,118317.31,0.36610749,602.15,602.65,-1.00,-1.00,-1.00,48260,-1.00,186652.00,1,13.0.2,logs/kstar_nI20_nJ20_nK100_nL10_tI5_tJ5_s1_m1_exact_s0_20260710-235015.gurobi.log
20260711-000017,kstar_nI20_nJ20_nK100_nL10_tI5_tJ5_s2,exact,0,0,0,600,OPTIMAL,125451.00,125451.00,0.00000000,0.29,0.36,-1.00,-1.00,-1.00,0,-1.00,125451.00,1,13.0.2,logs/kstar_nI20_nJ20_nK100_nL10_tI5_tJ5_s2_m0_exact_s0_20260711-000017.gurobi.log
20260711-000018,kstar_nI20_nJ20_nK100_nL10_tI5_tJ5_s2,exact,1,0,0,600,FEASIBLE,163662.00,118674.82,0.27487861,602.47,603.16,-1.00,-1.00,-1.00,51777,-1.00,163662.00,1,13.0.2,logs/kstar_nI20_nJ20_nK100_nL10_tI5_tJ5_s2_m1_exact_s0_20260711-000018.gurobi.log
20260711-001021,kstar_nI20_nJ20_nK100_nL10_tI5_tJ5_s3,exact,0,0,0,600,OPTIMAL,129102.00,129102.00,0.00000000,0.30,0.36,-1.00,-1.00,-1.00,0,-1.00,129102.00,1,13.0.2,logs/kstar_nI20_nJ20_nK100_nL10_tI5_tJ5_s3_m0_exact_s0_20260711-001021.gurobi.log
20260711-001021,kstar_nI20_nJ20_nK100_nL10_tI5_tJ5_s3,exact,1,0,0,600,FEASIBLE,185337.00,120802.87,0.34819885,600.67,601.29,-1.00,-1.00,-1.00,47556,-1.00,185337.00,1,13.0.2,logs/kstar_nI20_nJ20_nK100_nL10_tI5_tJ5_s3_m1_exact_s0_20260711-001021.gurobi.log
20260711-002023,kstar_nI20_nJ20_nK100_nL10_tI5_tJ5_s4,exact,0,0,0,600,OPTIMAL,129254.00,129254.00,0.00000000,0.32,0.38,-1.00,-1.00,-1.00,0,-1.00,129254.00,1,13.0.2,logs/kstar_nI20_nJ20_nK100_nL10_tI5_tJ5_s4_m0_exact_s0_20260711-002023.gurobi.log
20260711-002023,kstar_nI20_nJ20_nK100_nL10_tI5_tJ5_s4,exact,1,0,0,600,FEASIBLE,191892.00,121202.75,0.36838040,602.26,602.99,-1.00,-1.00,-1.00,51526,-1.00,191892.00,1,13.0.2,logs/kstar_nI20_nJ20_nK100_nL10_tI5_tJ5_s4_m1_exact_s0_20260711-002023.gurobi.log
20260711-003026,kstar_nI20_nJ20_nK100_nL10_tI5_tJ5_s5,exact,0,0,0,600,OPTIMAL,131866.00,131866.00,0.00000000,0.35,0.42,-1.00,-1.00,-1.00,0,-1.00,131866.00,1,13.0.2,logs/kstar_nI20_nJ20_nK100_nL10_tI5_tJ5_s5_m0_exact_s0_20260711-003026.gurobi.log
20260711-003027,kstar_nI20_nJ20_nK100_nL10_tI5_tJ5_s5,exact,1,0,0,600,OPTIMAL,131866.00,131866.00,0.00000000,206.92,207.04,-1.00,-1.00,-1.00,28194,-1.00,131866.00,1,13.0.2,logs/kstar_nI20_nJ20_nK100_nL10_tI5_tJ5_s5_m1_exact_s0_20260711-003027.gurobi.log
20260711-003354,kstar_nI20_nJ20_nK100_nL10_tI6_tJ6_s1,exact,0,0,0,600,OPTIMAL,130316.00,130316.00,0.00000000,0.40,0.45,-1.00,-1.00,-1.00,0,-1.00,130316.00,1,13.0.2,logs/kstar_nI20_nJ20_nK100_nL10_tI6_tJ6_s1_m0_exact_s0_20260711-003354.gurobi.log
20260711-003354,kstar_nI20_nJ20_nK100_nL10_tI6_tJ6_s1,exact,1,0,0,600,FEASIBLE,134964.00,127451.79,0.05566087,601.18,602.00,-1.00,-1.00,-1.00,52204,-1.00,134964.00,1,13.0.2,logs/kstar_nI20_nJ20_nK100_nL10_tI6_tJ6_s1_m1_exact_s0_20260711-003354.gurobi.log
20260711-004356,kstar_nI20_nJ20_nK100_nL10_tI6_tJ6_s2,exact,0,0,0,600,OPTIMAL,130939.00,130939.00,0.00000000,0.22,0.28,-1.00,-1.00,-1.00,0,-1.00,130939.00,1,13.0.2,logs/kstar_nI20_nJ20_nK100_nL10_tI6_tJ6_s2_m0_exact_s0_20260711-004356.gurobi.log
20260711-004357,kstar_nI20_nJ20_nK100_nL10_tI6_tJ6_s2,exact,1,0,0,600,OPTIMAL,130939.00,130939.00,0.00000000,27.69,27.81,-1.00,-1.00,-1.00,9988,-1.00,130939.00,1,13.0.2,logs/kstar_nI20_nJ20_nK100_nL10_tI6_tJ6_s2_m1_exact_s0_20260711-004357.gurobi.log
20260711-004425,kstar_nI20_nJ20_nK100_nL10_tI6_tJ6_s3,exact,0,0,0,600,OPTIMAL,129687.00,129687.00,0.00000000,0.27,0.33,-1.00,-1.00,-1.00,0,-1.00,129687.00,1,13.0.2,logs/kstar_nI20_nJ20_nK100_nL10_tI6_tJ6_s3_m0_exact_s0_20260711-004425.gurobi.log
20260711-004425,kstar_nI20_nJ20_nK100_nL10_tI6_tJ6_s3,exact,1,0,0,600,OPTIMAL,129687.00,129687.00,0.00000000,186.63,186.80,-1.00,-1.00,-1.00,26294,-1.00,129687.00,1,13.0.2,logs/kstar_nI20_nJ20_nK100_nL10_tI6_tJ6_s3_m1_exact_s0_20260711-004425.gurobi.log
20260711-004732,kstar_nI20_nJ20_nK100_nL10_tI6_tJ6_s4,exact,0,0,0,600,OPTIMAL,132153.00,132153.00,0.00000000,0.33,0.39,-1.00,-1.00,-1.00,0,-1.00,132153.00,1,13.0.2,logs/kstar_nI20_nJ20_nK100_nL10_tI6_tJ6_s4_m0_exact_s0_20260711-004732.gurobi.log
20260711-004732,kstar_nI20_nJ20_nK100_nL10_tI6_tJ6_s4,exact,1,0,0,600,FEASIBLE,168094.00,126190.50,0.24928613,601.54,602.09,-1.00,-1.00,-1.00,52504,-1.00,168094.00,1,13.0.2,logs/kstar_nI20_nJ20_nK100_nL10_tI6_tJ6_s4_m1_exact_s0_20260711-004732.gurobi.log
20260711-005734,kstar_nI20_nJ20_nK100_nL10_tI6_tJ6_s5,exact,0,0,0,600,OPTIMAL,133575.00,133575.00,0.00000000,0.25,0.31,-1.00,-1.00,-1.00,0,-1.00,133575.00,1,13.0.2,logs/kstar_nI20_nJ20_nK100_nL10_tI6_tJ6_s5_m0_exact_s0_20260711-005734.gurobi.log
20260711-005735,kstar_nI20_nJ20_nK100_nL10_tI6_tJ6_s5,exact,1,0,0,600,FEASIBLE,170325.00,127815.98,0.24957594,602.27,603.01,-1.00,-1.00,-1.00,52827,-1.00,170325.00,1,13.0.2,logs/kstar_nI20_nJ20_nK100_nL10_tI6_tJ6_s5_m1_exact_s0_20260711-005735.gurobi.log
20260711-010738,kstar_nI20_nJ20_nK100_nL5_tI2_tJ2_s1,exact,0,0,0,600,OPTIMAL,74554.00,74554.00,0.00000000,0.19,0.21,-1.00,-1.00,-1.00,0,-1.00,74554.00,1,13.0.2,logs/kstar_nI20_nJ20_nK100_nL5_tI2_tJ2_s1_m0_exact_s0_20260711-010738.gurobi.log
20260711-010738,kstar_nI20_nJ20_nK100_nL5_tI2_tJ2_s1,exact,1,0,0,600,FEASIBLE,133740.00,63600.81,0.52444439,600.68,601.05,-1.00,-1.00,-1.00,36978,-1.00,133740.00,1,13.0.2,logs/kstar_nI20_nJ20_nK100_nL5_tI2_tJ2_s1_m1_exact_s0_20260711-010738.gurobi.log
20260711-011739,kstar_nI20_nJ20_nK100_nL5_tI2_tJ2_s2,exact,0,0,0,600,OPTIMAL,70641.00,70641.00,0.00000000,0.17,0.21,-1.00,-1.00,-1.00,0,-1.00,70641.00,1,13.0.2,logs/kstar_nI20_nJ20_nK100_nL5_tI2_tJ2_s2_m0_exact_s0_20260711-011739.gurobi.log
20260711-011739,kstar_nI20_nJ20_nK100_nL5_tI2_tJ2_s2,exact,1,0,0,600,FEASIBLE,122503.00,61866.16,0.49498248,601.19,601.61,-1.00,-1.00,-1.00,34915,-1.00,122503.00,1,13.0.2,logs/kstar_nI20_nJ20_nK100_nL5_tI2_tJ2_s2_m1_exact_s0_20260711-011739.gurobi.log
20260711-012741,kstar_nI20_nJ20_nK100_nL5_tI2_tJ2_s3,exact,0,0,0,600,OPTIMAL,70605.00,70605.00,0.00000000,0.22,0.26,-1.00,-1.00,-1.00,0,-1.00,70605.00,1,13.0.2,logs/kstar_nI20_nJ20_nK100_nL5_tI2_tJ2_s3_m0_exact_s0_20260711-012741.gurobi.log
20260711-012741,kstar_nI20_nJ20_nK100_nL5_tI2_tJ2_s3,exact,1,0,0,600,FEASIBLE,126515.00,59864.41,0.52681966,602.31,602.76,-1.00,-1.00,-1.00,36526,-1.00,126515.00,1,13.0.2,logs/kstar_nI20_nJ20_nK100_nL5_tI2_tJ2_s3_m1_exact_s0_20260711-012741.gurobi.log
20260711-013744,kstar_nI20_nJ20_nK100_nL5_tI2_tJ2_s4,exact,0,0,0,600,OPTIMAL,65694.00,65694.00,0.00000000,0.20,0.24,-1.00,-1.00,-1.00,0,-1.00,65694.00,1,13.0.2,logs/kstar_nI20_nJ20_nK100_nL5_tI2_tJ2_s4_m0_exact_s0_20260711-013744.gurobi.log
20260711-013745,kstar_nI20_nJ20_nK100_nL5_tI2_tJ2_s4,exact,1,0,0,600,FEASIBLE,79520.00,61119.91,0.23138941,601.01,601.83,-1.00,-1.00,-1.00,49386,-1.00,79520.00,1,13.0.2,logs/kstar_nI20_nJ20_nK100_nL5_tI2_tJ2_s4_m1_exact_s0_20260711-013745.gurobi.log
20260711-014746,kstar_nI20_nJ20_nK100_nL5_tI2_tJ2_s5,exact,0,0,0,600,OPTIMAL,73064.00,73064.00,0.00000000,0.19,0.22,-1.00,-1.00,-1.00,0,-1.00,73064.00,1,13.0.2,logs/kstar_nI20_nJ20_nK100_nL5_tI2_tJ2_s5_m0_exact_s0_20260711-014746.gurobi.log
20260711-014747,kstar_nI20_nJ20_nK100_nL5_tI2_tJ2_s5,exact,1,0,0,600,FEASIBLE,127698.00,63693.55,0.50121729,601.40,601.89,-1.00,-1.00,-1.00,34591,-1.00,127698.00,1,13.0.2,logs/kstar_nI20_nJ20_nK100_nL5_tI2_tJ2_s5_m1_exact_s0_20260711-014747.gurobi.log
20260711-015749,kstar_nI20_nJ20_nK100_nL5_tI3_tJ3_s1,exact,0,0,0,600,OPTIMAL,72895.00,72895.00,0.00000000,0.19,0.22,-1.00,-1.00,-1.00,0,-1.00,72895.00,1,13.0.2,logs/kstar_nI20_nJ20_nK100_nL5_tI3_tJ3_s1_m0_exact_s0_20260711-015749.gurobi.log
20260711-015749,kstar_nI20_nJ20_nK100_nL5_tI3_tJ3_s1,exact,1,0,0,600,FEASIBLE,102743.00,64153.44,0.37559304,601.20,602.06,-1.00,-1.00,-1.00,33973,-1.00,102743.00,1,13.0.2,logs/kstar_nI20_nJ20_nK100_nL5_tI3_tJ3_s1_m1_exact_s0_20260711-015749.gurobi.log
20260711-020751,kstar_nI20_nJ20_nK100_nL5_tI3_tJ3_s2,exact,0,0,0,600,OPTIMAL,66013.00,66013.00,0.00000000,0.21,0.24,-1.00,-1.00,-1.00,0,-1.00,66013.00,1,13.0.2,logs/kstar_nI20_nJ20_nK100_nL5_tI3_tJ3_s2_m0_exact_s0_20260711-020751.gurobi.log
20260711-020751,kstar_nI20_nJ20_nK100_nL5_tI3_tJ3_s2,exact,1,0,0,600,FEASIBLE,95785.00,57214.26,0.40268040,601.16,602.10,-1.00,-1.00,-1.00,33052,-1.00,95785.00,1,13.0.2,logs/kstar_nI20_nJ20_nK100_nL5_tI3_tJ3_s2_m1_exact_s0_20260711-020751.gurobi.log
20260711-021753,kstar_nI20_nJ20_nK100_nL5_tI3_tJ3_s3,exact,0,0,0,600,OPTIMAL,68857.00,68857.00,0.00000000,0.19,0.23,-1.00,-1.00,-1.00,0,-1.00,68857.00,1,13.0.2,logs/kstar_nI20_nJ20_nK100_nL5_tI3_tJ3_s3_m0_exact_s0_20260711-021753.gurobi.log
20260711-021754,kstar_nI20_nJ20_nK100_nL5_tI3_tJ3_s3,exact,1,0,0,600,FEASIBLE,116635.00,59595.38,0.48904378,600.75,601.34,-1.00,-1.00,-1.00,31661,-1.00,116635.00,1,13.0.2,logs/kstar_nI20_nJ20_nK100_nL5_tI3_tJ3_s3_m1_exact_s0_20260711-021754.gurobi.log
20260711-022755,kstar_nI20_nJ20_nK100_nL5_tI3_tJ3_s4,exact,0,0,0,600,OPTIMAL,73143.00,73143.00,0.00000000,0.19,0.23,-1.00,-1.00,-1.00,0,-1.00,73143.00,1,13.0.2,logs/kstar_nI20_nJ20_nK100_nL5_tI3_tJ3_s4_m0_exact_s0_20260711-022755.gurobi.log
20260711-022756,kstar_nI20_nJ20_nK100_nL5_tI3_tJ3_s4,exact,1,0,0,600,FEASIBLE,111445.00,64831.85,0.41826144,602.30,603.40,-1.00,-1.00,-1.00,34147,-1.00,111445.00,1,13.0.2,logs/kstar_nI20_nJ20_nK100_nL5_tI3_tJ3_s4_m1_exact_s0_20260711-022756.gurobi.log
20260711-023759,kstar_nI20_nJ20_nK100_nL5_tI3_tJ3_s5,exact,0,0,0,600,OPTIMAL,72262.00,72262.00,0.00000000,0.22,0.25,-1.00,-1.00,-1.00,0,-1.00,72262.00,1,13.0.2,logs/kstar_nI20_nJ20_nK100_nL5_tI3_tJ3_s5_m0_exact_s0_20260711-023759.gurobi.log
20260711-023759,kstar_nI20_nJ20_nK100_nL5_tI3_tJ3_s5,exact,1,0,0,600,FEASIBLE,108322.00,63358.89,0.41508748,602.22,603.12,-1.00,-1.00,-1.00,32580,-1.00,108322.00,1,13.0.2,logs/kstar_nI20_nJ20_nK100_nL5_tI3_tJ3_s5_m1_exact_s0_20260711-023759.gurobi.log
20260711-024803,kstar_nI20_nJ20_nK100_nL5_tI4_tJ4_s1,exact,0,0,0,600,OPTIMAL,70286.00,70286.00,0.00000000,0.16,0.20,-1.00,-1.00,-1.00,0,-1.00,70286.00,1,13.0.2,logs/kstar_nI20_nJ20_nK100_nL5_tI4_tJ4_s1_m0_exact_s0_20260711-024803.gurobi.log
20260711-024803,kstar_nI20_nJ20_nK100_nL5_tI4_tJ4_s1,exact,1,0,0,600,FEASIBLE,83806.00,63648.80,0.24052219,601.38,602.30,-1.00,-1.00,-1.00,33964,-1.00,83806.00,1,13.0.2,logs/kstar_nI20_nJ20_nK100_nL5_tI4_tJ4_s1_m1_exact_s0_20260711-024803.gurobi.log
20260711-025805,kstar_nI20_nJ20_nK100_nL5_tI4_tJ4_s2,exact,0,0,0,600,OPTIMAL,73766.00,73766.00,0.00000000,0.21,0.23,-1.00,-1.00,-1.00,0,-1.00,73766.00,1,13.0.2,logs/kstar_nI20_nJ20_nK100_nL5_tI4_tJ4_s2_m0_exact_s0_20260711-025805.gurobi.log
20260711-025805,kstar_nI20_nJ20_nK100_nL5_tI4_tJ4_s2,exact,1,0,0,600,FEASIBLE,94593.00,66147.49,0.30071476,601.41,602.73,-1.00,-1.00,-1.00,33557,-1.00,94593.00,1,13.0.2,logs/kstar_nI20_nJ20_nK100_nL5_tI4_tJ4_s2_m1_exact_s0_20260711-025805.gurobi.log
20260711-030808,kstar_nI20_nJ20_nK100_nL5_tI4_tJ4_s3,exact,0,0,0,600,OPTIMAL,76034.00,76034.00,0.00000000,0.17,0.22,-1.00,-1.00,-1.00,0,-1.00,76034.00,1,13.0.2,logs/kstar_nI20_nJ20_nK100_nL5_tI4_tJ4_s3_m0_exact_s0_20260711-030808.gurobi.log
20260711-030808,kstar_nI20_nJ20_nK100_nL5_tI4_tJ4_s3,exact,1,0,0,600,OPTIMAL,76034.00,76034.00,0.00000000,370.78,370.92,-1.00,-1.00,-1.00,22309,-1.00,76034.00,1,13.0.2,logs/kstar_nI20_nJ20_nK100_nL5_tI4_tJ4_s3_m1_exact_s0_20260711-030808.gurobi.log
20260711-031419,kstar_nI20_nJ20_nK100_nL5_tI4_tJ4_s4,exact,0,0,0,600,OPTIMAL,73422.00,73422.00,0.00000000,0.20,0.23,-1.00,-1.00,-1.00,0,-1.00,73422.00,1,13.0.2,logs/kstar_nI20_nJ20_nK100_nL5_tI4_tJ4_s4_m0_exact_s0_20260711-031419.gurobi.log
20260711-031420,kstar_nI20_nJ20_nK100_nL5_tI4_tJ4_s4,exact,1,0,0,600,FEASIBLE,97160.00,66028.78,0.32041188,601.16,602.20,-1.00,-1.00,-1.00,33771,-1.00,97160.00,1,13.0.2,logs/kstar_nI20_nJ20_nK100_nL5_tI4_tJ4_s4_m1_exact_s0_20260711-031420.gurobi.log
20260711-032422,kstar_nI20_nJ20_nK100_nL5_tI4_tJ4_s5,exact,0,0,0,600,OPTIMAL,68575.00,68575.00,0.00000000,0.21,0.24,-1.00,-1.00,-1.00,0,-1.00,68575.00,1,13.0.2,logs/kstar_nI20_nJ20_nK100_nL5_tI4_tJ4_s5_m0_exact_s0_20260711-032422.gurobi.log
20260711-032422,kstar_nI20_nJ20_nK100_nL5_tI4_tJ4_s5,exact,1,0,0,600,FEASIBLE,90532.00,61339.98,0.32244974,600.89,602.04,-1.00,-1.00,-1.00,31482,-1.00,90532.00,1,13.0.2,logs/kstar_nI20_nJ20_nK100_nL5_tI4_tJ4_s5_m1_exact_s0_20260711-032422.gurobi.log
20260711-033424,kstar_nI20_nJ20_nK100_nL5_tI5_tJ5_s1,exact,0,0,0,600,OPTIMAL,73410.00,73410.00,0.00000000,0.19,0.23,-1.00,-1.00,-1.00,0,-1.00,73410.00,1,13.0.2,logs/kstar_nI20_nJ20_nK100_nL5_tI5_tJ5_s1_m0_exact_s0_20260711-033424.gurobi.log
20260711-033425,kstar_nI20_nJ20_nK100_nL5_tI5_tJ5_s1,exact,1,0,0,600,FEASIBLE,84230.00,67299.41,0.20100422,601.03,601.97,-1.00,-1.00,-1.00,30349,-1.00,84230.00,1,13.0.2,logs/kstar_nI20_nJ20_nK100_nL5_tI5_tJ5_s1_m1_exact_s0_20260711-033425.gurobi.log
20260711-034427,kstar_nI20_nJ20_nK100_nL5_tI5_tJ5_s2,exact,0,0,0,600,OPTIMAL,69793.00,69793.00,0.00000000,0.18,0.22,-1.00,-1.00,-1.00,0,-1.00,69793.00,1,13.0.2,logs/kstar_nI20_nJ20_nK100_nL5_tI5_tJ5_s2_m0_exact_s0_20260711-034427.gurobi.log
20260711-034427,kstar_nI20_nJ20_nK100_nL5_tI5_tJ5_s2,exact,1,0,0,600,FEASIBLE,72406.00,66416.53,0.08272060,600.88,602.02,-1.00,-1.00,-1.00,35288,-1.00,72406.00,1,13.0.2,logs/kstar_nI20_nJ20_nK100_nL5_tI5_tJ5_s2_m1_exact_s0_20260711-034427.gurobi.log
20260711-035429,kstar_nI20_nJ20_nK100_nL5_tI5_tJ5_s3,exact,0,0,0,600,OPTIMAL,74078.00,74077.74,0.00000350,0.21,0.25,-1.00,-1.00,-1.00,0,-1.00,74078.00,1,13.0.2,logs/kstar_nI20_nJ20_nK100_nL5_tI5_tJ5_s3_m0_exact_s0_20260711-035429.gurobi.log
20260711-035429,kstar_nI20_nJ20_nK100_nL5_tI5_tJ5_s3,exact,1,0,0,600,FEASIBLE,85327.00,66715.25,0.21812260,601.41,602.84,-1.00,-1.00,-1.00,31043,-1.00,85327.00,1,13.0.2,logs/kstar_nI20_nJ20_nK100_nL5_tI5_tJ5_s3_m1_exact_s0_20260711-035429.gurobi.log
20260711-040432,kstar_nI20_nJ20_nK100_nL5_tI5_tJ5_s4,exact,0,0,0,600,OPTIMAL,72706.00,72706.00,0.00000000,0.21,0.23,-1.00,-1.00,-1.00,0,-1.00,72706.00,1,13.0.2,logs/kstar_nI20_nJ20_nK100_nL5_tI5_tJ5_s4_m0_exact_s0_20260711-040432.gurobi.log
20260711-040433,kstar_nI20_nJ20_nK100_nL5_tI5_tJ5_s4,exact,1,0,0,600,FEASIBLE,96519.00,65338.26,0.32305285,601.22,602.41,-1.00,-1.00,-1.00,29147,-1.00,96519.00,1,13.0.2,logs/kstar_nI20_nJ20_nK100_nL5_tI5_tJ5_s4_m1_exact_s0_20260711-040433.gurobi.log
20260711-041435,kstar_nI20_nJ20_nK100_nL5_tI5_tJ5_s5,exact,0,0,0,600,OPTIMAL,72244.00,72243.98,0.00000023,0.19,0.22,-1.00,-1.00,-1.00,0,-1.00,72244.00,1,13.0.2,logs/kstar_nI20_nJ20_nK100_nL5_tI5_tJ5_s5_m0_exact_s0_20260711-041435.gurobi.log
20260711-041435,kstar_nI20_nJ20_nK100_nL5_tI5_tJ5_s5,exact,1,0,0,600,FEASIBLE,95724.00,63888.93,0.33257147,600.69,601.58,-1.00,-1.00,-1.00,27909,-1.00,95724.00,1,13.0.2,logs/kstar_nI20_nJ20_nK100_nL5_tI5_tJ5_s5_m1_exact_s0_20260711-041435.gurobi.log
20260711-042437,kstar_nI20_nJ20_nK100_nL5_tI6_tJ6_s1,exact,0,0,0,600,OPTIMAL,71311.00,71311.00,0.00000000,0.19,0.21,-1.00,-1.00,-1.00,0,-1.00,71311.00,1,13.0.2,logs/kstar_nI20_nJ20_nK100_nL5_tI6_tJ6_s1_m0_exact_s0_20260711-042437.gurobi.log
20260711-042437,kstar_nI20_nJ20_nK100_nL5_tI6_tJ6_s1,exact,1,0,0,600,FEASIBLE,80894.00,67048.18,0.17115998,602.28,603.57,-1.00,-1.00,-1.00,35086,-1.00,80894.00,1,13.0.2,logs/kstar_nI20_nJ20_nK100_nL5_tI6_tJ6_s1_m1_exact_s0_20260711-042437.gurobi.log
20260711-043441,kstar_nI20_nJ20_nK100_nL5_tI6_tJ6_s2,exact,0,0,0,600,OPTIMAL,71503.00,71503.00,0.00000000,0.24,0.27,-1.00,-1.00,-1.00,0,-1.00,71503.00,1,13.0.2,logs/kstar_nI20_nJ20_nK100_nL5_tI6_tJ6_s2_m0_exact_s0_20260711-043441.gurobi.log
20260711-043441,kstar_nI20_nJ20_nK100_nL5_tI6_tJ6_s2,exact,1,0,0,600,FEASIBLE,85323.00,65180.36,0.23607511,601.45,602.72,-1.00,-1.00,-1.00,31937,-1.00,85323.00,1,13.0.2,logs/kstar_nI20_nJ20_nK100_nL5_tI6_tJ6_s2_m1_exact_s0_20260711-043441.gurobi.log
20260711-044444,kstar_nI20_nJ20_nK100_nL5_tI6_tJ6_s3,exact,0,0,0,600,OPTIMAL,71259.00,71259.00,0.00000000,0.23,0.26,-1.00,-1.00,-1.00,0,-1.00,71259.00,1,13.0.2,logs/kstar_nI20_nJ20_nK100_nL5_tI6_tJ6_s3_m0_exact_s0_20260711-044444.gurobi.log
20260711-044444,kstar_nI20_nJ20_nK100_nL5_tI6_tJ6_s3,exact,1,0,0,600,FEASIBLE,73570.00,67257.75,0.08579917,601.35,602.47,-1.00,-1.00,-1.00,31256,-1.00,73570.00,1,13.0.2,logs/kstar_nI20_nJ20_nK100_nL5_tI6_tJ6_s3_m1_exact_s0_20260711-044444.gurobi.log
20260711-045447,kstar_nI20_nJ20_nK100_nL5_tI6_tJ6_s4,exact,0,0,0,600,OPTIMAL,72881.00,72881.00,0.00000000,0.19,0.23,-1.00,-1.00,-1.00,0,-1.00,72881.00,1,13.0.2,logs/kstar_nI20_nJ20_nK100_nL5_tI6_tJ6_s4_m0_exact_s0_20260711-045447.gurobi.log
20260711-045447,kstar_nI20_nJ20_nK100_nL5_tI6_tJ6_s4,exact,1,0,0,600,FEASIBLE,82874.00,69243.39,0.16447393,601.40,602.93,-1.00,-1.00,-1.00,38208,-1.00,82874.00,1,13.0.2,logs/kstar_nI20_nJ20_nK100_nL5_tI6_tJ6_s4_m1_exact_s0_20260711-045447.gurobi.log
20260711-050450,kstar_nI20_nJ20_nK100_nL5_tI6_tJ6_s5,exact,0,0,0,600,OPTIMAL,72934.00,72934.00,0.00000000,0.24,0.27,-1.00,-1.00,-1.00,0,-1.00,72934.00,1,13.0.2,logs/kstar_nI20_nJ20_nK100_nL5_tI6_tJ6_s5_m0_exact_s0_20260711-050450.gurobi.log
20260711-050451,kstar_nI20_nJ20_nK100_nL5_tI6_tJ6_s5,exact,1,0,0,600,OPTIMAL,72934.00,72934.00,0.00000000,559.00,559.28,-1.00,-1.00,-1.00,25359,-1.00,72934.00,1,13.0.2,logs/kstar_nI20_nJ20_nK100_nL5_tI6_tJ6_s5_m1_exact_s0_20260711-050451.gurobi.log
20260711-051410,kstar_nI20_nJ20_nK50_nL10_tI2_tJ2_s1,exact,0,0,0,600,OPTIMAL,69082.00,69082.00,0.00000000,0.17,0.20,-1.00,-1.00,-1.00,0,-1.00,69082.00,1,13.0.2,logs/kstar_nI20_nJ20_nK50_nL10_tI2_tJ2_s1_m0_exact_s0_20260711-051410.gurobi.log
20260711-051410,kstar_nI20_nJ20_nK50_nL10_tI2_tJ2_s1,exact,1,0,0,600,FEASIBLE,146907.00,58740.69,0.60015052,601.44,601.68,-1.00,-1.00,-1.00,44069,-1.00,146907.00,1,13.0.2,logs/kstar_nI20_nJ20_nK50_nL10_tI2_tJ2_s1_m1_exact_s0_20260711-051410.gurobi.log
20260711-052412,kstar_nI20_nJ20_nK50_nL10_tI2_tJ2_s2,exact,0,0,0,600,OPTIMAL,68734.00,68734.00,0.00000000,0.16,0.18,-1.00,-1.00,-1.00,0,-1.00,68734.00,1,13.0.2,logs/kstar_nI20_nJ20_nK50_nL10_tI2_tJ2_s2_m0_exact_s0_20260711-052412.gurobi.log
20260711-052412,kstar_nI20_nJ20_nK50_nL10_tI2_tJ2_s2,exact,1,0,0,600,FEASIBLE,135283.00,58729.21,0.56587883,601.67,602.19,-1.00,-1.00,-1.00,47130,-1.00,135283.00,1,13.0.2,logs/kstar_nI20_nJ20_nK50_nL10_tI2_tJ2_s2_m1_exact_s0_20260711-052412.gurobi.log
20260711-053414,kstar_nI20_nJ20_nK50_nL10_tI2_tJ2_s3,exact,0,0,0,600,OPTIMAL,72692.00,72692.00,0.00000000,0.16,0.20,-1.00,-1.00,-1.00,0,-1.00,72692.00,1,13.0.2,logs/kstar_nI20_nJ20_nK50_nL10_tI2_tJ2_s3_m0_exact_s0_20260711-053414.gurobi.log
20260711-053415,kstar_nI20_nJ20_nK50_nL10_tI2_tJ2_s3,exact,1,0,0,600,FEASIBLE,118380.00,61343.59,0.48180779,601.45,601.78,-1.00,-1.00,-1.00,42745,-1.00,118380.00,1,13.0.2,logs/kstar_nI20_nJ20_nK50_nL10_tI2_tJ2_s3_m1_exact_s0_20260711-053415.gurobi.log
20260711-054416,kstar_nI20_nJ20_nK50_nL10_tI2_tJ2_s4,exact,0,0,0,600,OPTIMAL,69830.00,69830.00,0.00000000,0.16,0.19,-1.00,-1.00,-1.00,0,-1.00,69830.00,1,13.0.2,logs/kstar_nI20_nJ20_nK50_nL10_tI2_tJ2_s4_m0_exact_s0_20260711-054416.gurobi.log
20260711-054417,kstar_nI20_nJ20_nK50_nL10_tI2_tJ2_s4,exact,1,0,0,600,FEASIBLE,139854.00,60850.64,0.56489881,601.31,601.94,-1.00,-1.00,-1.00,43654,-1.00,139854.00,1,13.0.2,logs/kstar_nI20_nJ20_nK50_nL10_tI2_tJ2_s4_m1_exact_s0_20260711-054417.gurobi.log
20260711-055419,kstar_nI20_nJ20_nK50_nL10_tI2_tJ2_s5,exact,0,0,0,600,OPTIMAL,65299.00,65299.00,0.00000000,0.18,0.20,-1.00,-1.00,-1.00,0,-1.00,65299.00,1,13.0.2,logs/kstar_nI20_nJ20_nK50_nL10_tI2_tJ2_s5_m0_exact_s0_20260711-055419.gurobi.log
20260711-055419,kstar_nI20_nJ20_nK50_nL10_tI2_tJ2_s5,exact,1,0,0,600,FEASIBLE,117961.00,55996.12,0.52529976,601.21,601.51,-1.00,-1.00,-1.00,42013,-1.00,117961.00,1,13.0.2,logs/kstar_nI20_nJ20_nK50_nL10_tI2_tJ2_s5_m1_exact_s0_20260711-055419.gurobi.log
20260711-060421,kstar_nI20_nJ20_nK50_nL10_tI3_tJ3_s1,exact,0,0,0,600,OPTIMAL,71617.00,71617.00,0.00000000,0.19,0.22,-1.00,-1.00,-1.00,0,-1.00,71617.00,1,13.0.2,logs/kstar_nI20_nJ20_nK50_nL10_tI3_tJ3_s1_m0_exact_s0_20260711-060421.gurobi.log
20260711-060421,kstar_nI20_nJ20_nK50_nL10_tI3_tJ3_s1,exact,1,0,0,600,FEASIBLE,72989.00,69710.53,0.04491736,601.41,602.09,-1.00,-1.00,-1.00,37740,-1.00,72989.00,1,13.0.2,logs/kstar_nI20_nJ20_nK50_nL10_tI3_tJ3_s1_m1_exact_s0_20260711-060421.gurobi.log
20260711-061423,kstar_nI20_nJ20_nK50_nL10_tI3_tJ3_s2,exact,0,0,0,600,OPTIMAL,65566.00,65566.00,0.00000000,0.18,0.20,-1.00,-1.00,-1.00,0,-1.00,65566.00,1,13.0.2,logs/kstar_nI20_nJ20_nK50_nL10_tI3_tJ3_s2_m0_exact_s0_20260711-061423.gurobi.log
20260711-061423,kstar_nI20_nJ20_nK50_nL10_tI3_tJ3_s2,exact,1,0,0,600,FEASIBLE,93336.00,56546.70,0.39415979,600.87,601.12,-1.00,-1.00,-1.00,32854,-1.00,93336.00,1,13.0.2,logs/kstar_nI20_nJ20_nK50_nL10_tI3_tJ3_s2_m1_exact_s0_20260711-061423.gurobi.log
20260711-062424,kstar_nI20_nJ20_nK50_nL10_tI3_tJ3_s3,exact,0,0,0,600,OPTIMAL,71383.00,71383.00,0.00000000,0.14,0.19,-1.00,-1.00,-1.00,0,-1.00,71383.00,1,13.0.2,logs/kstar_nI20_nJ20_nK50_nL10_tI3_tJ3_s3_m0_exact_s0_20260711-062424.gurobi.log
20260711-062425,kstar_nI20_nJ20_nK50_nL10_tI3_tJ3_s3,exact,1,0,0,600,FEASIBLE,76654.00,67693.34,0.11689750,600.43,600.79,-1.00,-1.00,-1.00,39541,-1.00,76654.00,1,13.0.2,logs/kstar_nI20_nJ20_nK50_nL10_tI3_tJ3_s3_m1_exact_s0_20260711-062425.gurobi.log
20260711-063426,kstar_nI20_nJ20_nK50_nL10_tI3_tJ3_s4,exact,0,0,0,600,OPTIMAL,70241.00,70241.00,0.00000000,0.14,0.17,-1.00,-1.00,-1.00,0,-1.00,70241.00,1,13.0.2,logs/kstar_nI20_nJ20_nK50_nL10_tI3_tJ3_s4_m0_exact_s0_20260711-063426.gurobi.log
20260711-063426,kstar_nI20_nJ20_nK50_nL10_tI3_tJ3_s4,exact,1,0,0,600,FEASIBLE,108889.00,62640.64,0.42472936,601.16,601.65,-1.00,-1.00,-1.00,43672,-1.00,108889.00,1,13.0.2,logs/kstar_nI20_nJ20_nK50_nL10_tI3_tJ3_s4_m1_exact_s0_20260711-063426.gurobi.log
20260711-064428,kstar_nI20_nJ20_nK50_nL10_tI3_tJ3_s5,exact,0,0,0,600,OPTIMAL,69315.00,69315.00,0.00000000,0.17,0.21,-1.00,-1.00,-1.00,0,-1.00,69315.00,1,13.0.2,logs/kstar_nI20_nJ20_nK50_nL10_tI3_tJ3_s5_m0_exact_s0_20260711-064428.gurobi.log
20260711-064428,kstar_nI20_nJ20_nK50_nL10_tI3_tJ3_s5,exact,1,0,0,600,FEASIBLE,82125.00,65046.16,0.20796153,600.71,601.25,-1.00,-1.00,-1.00,43376,-1.00,82125.00,1,13.0.2,logs/kstar_nI20_nJ20_nK50_nL10_tI3_tJ3_s5_m1_exact_s0_20260711-064428.gurobi.log
20260711-065429,kstar_nI20_nJ20_nK50_nL10_tI4_tJ4_s1,exact,0,0,0,600,OPTIMAL,71685.00,71685.00,0.00000000,0.17,0.20,-1.00,-1.00,-1.00,0,-1.00,71685.00,1,13.0.2,logs/kstar_nI20_nJ20_nK50_nL10_tI4_tJ4_s1_m0_exact_s0_20260711-065429.gurobi.log
20260711-065429,kstar_nI20_nJ20_nK50_nL10_tI4_tJ4_s1,exact,1,0,0,600,FEASIBLE,97727.00,63461.36,0.35062609,601.67,602.58,-1.00,-1.00,-1.00,44564,-1.00,97727.00,1,13.0.2,logs/kstar_nI20_nJ20_nK50_nL10_tI4_tJ4_s1_m1_exact_s0_20260711-065429.gurobi.log
20260711-070432,kstar_nI20_nJ20_nK50_nL10_tI4_tJ4_s2,exact,0,0,0,600,OPTIMAL,72924.00,72924.00,0.00000000,0.19,0.21,-1.00,-1.00,-1.00,0,-1.00,72924.00,1,13.0.2,logs/kstar_nI20_nJ20_nK50_nL10_tI4_tJ4_s2_m0_exact_s0_20260711-070432.gurobi.log
20260711-070432,kstar_nI20_nJ20_nK50_nL10_tI4_tJ4_s2,exact,1,0,0,600,FEASIBLE,89407.00,66569.41,0.25543402,601.60,602.39,-1.00,-1.00,-1.00,43839,-1.00,89407.00,1,13.0.2,logs/kstar_nI20_nJ20_nK50_nL10_tI4_tJ4_s2_m1_exact_s0_20260711-070432.gurobi.log
20260711-071435,kstar_nI20_nJ20_nK50_nL10_tI4_tJ4_s3,exact,0,0,0,600,OPTIMAL,73765.00,73765.00,0.00000000,0.15,0.18,-1.00,-1.00,-1.00,0,-1.00,73765.00,1,13.0.2,logs/kstar_nI20_nJ20_nK50_nL10_tI4_tJ4_s3_m0_exact_s0_20260711-071435.gurobi.log
20260711-071435,kstar_nI20_nJ20_nK50_nL10_tI4_tJ4_s3,exact,1,0,0,600,FEASIBLE,78848.00,71257.69,0.09626509,600.56,601.10,-1.00,-1.00,-1.00,41520,-1.00,78848.00,1,13.0.2,logs/kstar_nI20_nJ20_nK50_nL10_tI4_tJ4_s3_m1_exact_s0_20260711-071435.gurobi.log
20260711-072436,kstar_nI20_nJ20_nK50_nL10_tI4_tJ4_s4,exact,0,0,0,600,OPTIMAL,70871.00,70871.00,0.00000000,0.18,0.19,-1.00,-1.00,-1.00,0,-1.00,70871.00,1,13.0.2,logs/kstar_nI20_nJ20_nK50_nL10_tI4_tJ4_s4_m0_exact_s0_20260711-072436.gurobi.log
20260711-072436,kstar_nI20_nJ20_nK50_nL10_tI4_tJ4_s4,exact,1,0,0,600,FEASIBLE,96313.00,62341.09,0.35272407,601.47,602.69,-1.00,-1.00,-1.00,43256,-1.00,96313.00,1,13.0.2,logs/kstar_nI20_nJ20_nK50_nL10_tI4_tJ4_s4_m1_exact_s0_20260711-072436.gurobi.log
20260711-073439,kstar_nI20_nJ20_nK50_nL10_tI4_tJ4_s5,exact,0,0,0,600,OPTIMAL,72254.00,72253.87,0.00000181,0.17,0.20,-1.00,-1.00,-1.00,0,-1.00,72254.00,1,13.0.2,logs/kstar_nI20_nJ20_nK50_nL10_tI4_tJ4_s5_m0_exact_s0_20260711-073439.gurobi.log
20260711-073439,kstar_nI20_nJ20_nK50_nL10_tI4_tJ4_s5,exact,1,0,0,600,FEASIBLE,79842.00,67230.99,0.15794956,601.23,601.98,-1.00,-1.00,-1.00,43641,-1.00,79842.00,1,13.0.2,logs/kstar_nI20_nJ20_nK50_nL10_tI4_tJ4_s5_m1_exact_s0_20260711-073439.gurobi.log
20260711-074441,kstar_nI20_nJ20_nK50_nL10_tI5_tJ5_s1,exact,0,0,0,600,OPTIMAL,74045.00,74045.00,0.00000000,0.17,0.21,-1.00,-1.00,-1.00,0,-1.00,74045.00,1,13.0.2,logs/kstar_nI20_nJ20_nK50_nL10_tI5_tJ5_s1_m0_exact_s0_20260711-074441.gurobi.log
20260711-074442,kstar_nI20_nJ20_nK50_nL10_tI5_tJ5_s1,exact,1,0,0,600,FEASIBLE,78175.00,72962.30,0.06667990,600.65,601.39,-1.00,-1.00,-1.00,40152,-1.00,78175.00,1,13.0.2,logs/kstar_nI20_nJ20_nK50_nL10_tI5_tJ5_s1_m1_exact_s0_20260711-074442.gurobi.log
20260711-075443,kstar_nI20_nJ20_nK50_nL10_tI5_tJ5_s2,exact,0,0,0,600,OPTIMAL,70792.00,70792.00,0.00000000,0.23,0.24,-1.00,-1.00,-1.00,0,-1.00,70792.00,1,13.0.2,logs/kstar_nI20_nJ20_nK50_nL10_tI5_tJ5_s2_m0_exact_s0_20260711-075443.gurobi.log
20260711-075444,kstar_nI20_nJ20_nK50_nL10_tI5_tJ5_s2,exact,1,0,0,600,OPTIMAL,70792.00,70792.00,0.00000000,539.73,539.87,-1.00,-1.00,-1.00,26886,-1.00,70792.00,1,13.0.2,logs/kstar_nI20_nJ20_nK50_nL10_tI5_tJ5_s2_m1_exact_s0_20260711-075444.gurobi.log
20260711-080343,kstar_nI20_nJ20_nK50_nL10_tI5_tJ5_s3,exact,0,0,0,600,OPTIMAL,69935.00,69935.00,0.00000000,0.20,0.23,-1.00,-1.00,-1.00,0,-1.00,69935.00,1,13.0.2,logs/kstar_nI20_nJ20_nK50_nL10_tI5_tJ5_s3_m0_exact_s0_20260711-080343.gurobi.log
20260711-080344,kstar_nI20_nJ20_nK50_nL10_tI5_tJ5_s3,exact,1,0,0,600,FEASIBLE,77589.00,65174.69,0.16000086,601.07,601.91,-1.00,-1.00,-1.00,45291,-1.00,77589.00,1,13.0.2,logs/kstar_nI20_nJ20_nK50_nL10_tI5_tJ5_s3_m1_exact_s0_20260711-080344.gurobi.log
20260711-081346,kstar_nI20_nJ20_nK50_nL10_tI5_tJ5_s4,exact,0,0,0,600,OPTIMAL,72848.00,72848.00,0.00000000,0.17,0.21,-1.00,-1.00,-1.00,0,-1.00,72848.00,1,13.0.2,logs/kstar_nI20_nJ20_nK50_nL10_tI5_tJ5_s4_m0_exact_s0_20260711-081346.gurobi.log
20260711-081346,kstar_nI20_nJ20_nK50_nL10_tI5_tJ5_s4,exact,1,0,0,600,FEASIBLE,75344.00,70117.71,0.06936570,600.96,601.46,-1.00,-1.00,-1.00,37226,-1.00,75344.00,1,13.0.2,logs/kstar_nI20_nJ20_nK50_nL10_tI5_tJ5_s4_m1_exact_s0_20260711-081346.gurobi.log
20260711-082348,kstar_nI20_nJ20_nK50_nL10_tI5_tJ5_s5,exact,0,0,0,600,OPTIMAL,71875.00,71875.00,0.00000000,0.20,0.22,-1.00,-1.00,-1.00,0,-1.00,71875.00,1,13.0.2,logs/kstar_nI20_nJ20_nK50_nL10_tI5_tJ5_s5_m0_exact_s0_20260711-082348.gurobi.log
20260711-082348,kstar_nI20_nJ20_nK50_nL10_tI5_tJ5_s5,exact,1,0,0,600,FEASIBLE,73935.00,68900.19,0.06809781,600.91,601.36,-1.00,-1.00,-1.00,33642,-1.00,73935.00,1,13.0.2,logs/kstar_nI20_nJ20_nK50_nL10_tI5_tJ5_s5_m1_exact_s0_20260711-082348.gurobi.log
20260711-083349,kstar_nI20_nJ20_nK50_nL10_tI6_tJ6_s1,exact,0,0,0,600,OPTIMAL,68005.00,68005.00,0.00000000,0.17,0.20,-1.00,-1.00,-1.00,0,-1.00,68005.00,1,13.0.2,logs/kstar_nI20_nJ20_nK50_nL10_tI6_tJ6_s1_m0_exact_s0_20260711-083349.gurobi.log
20260711-083349,kstar_nI20_nJ20_nK50_nL10_tI6_tJ6_s1,exact,1,0,0,600,FEASIBLE,72284.00,65036.78,0.10026039,600.68,601.79,-1.00,-1.00,-1.00,39123,-1.00,72284.00,1,13.0.2,logs/kstar_nI20_nJ20_nK50_nL10_tI6_tJ6_s1_m1_exact_s0_20260711-083349.gurobi.log
20260711-084351,kstar_nI20_nJ20_nK50_nL10_tI6_tJ6_s2,exact,0,0,0,600,OPTIMAL,71580.00,71580.00,0.00000000,0.19,0.22,-1.00,-1.00,-1.00,0,-1.00,71580.00,1,13.0.2,logs/kstar_nI20_nJ20_nK50_nL10_tI6_tJ6_s2_m0_exact_s0_20260711-084351.gurobi.log
20260711-084352,kstar_nI20_nJ20_nK50_nL10_tI6_tJ6_s2,exact,1,0,0,600,OPTIMAL,71580.00,71580.00,0.00000000,420.35,420.64,-1.00,-1.00,-1.00,29117,-1.00,71580.00,1,13.0.2,logs/kstar_nI20_nJ20_nK50_nL10_tI6_tJ6_s2_m1_exact_s0_20260711-084352.gurobi.log
20260711-085052,kstar_nI20_nJ20_nK50_nL10_tI6_tJ6_s3,exact,0,0,0,600,OPTIMAL,70638.00,70637.43,0.00000809,0.18,0.19,-1.00,-1.00,-1.00,0,-1.00,70638.00,1,13.0.2,logs/kstar_nI20_nJ20_nK50_nL10_tI6_tJ6_s3_m0_exact_s0_20260711-085052.gurobi.log
20260711-085053,kstar_nI20_nJ20_nK50_nL10_tI6_tJ6_s3,exact,1,0,0,600,FEASIBLE,80785.00,64802.03,0.19784581,601.52,602.29,-1.00,-1.00,-1.00,42541,-1.00,80785.00,1,13.0.2,logs/kstar_nI20_nJ20_nK50_nL10_tI6_tJ6_s3_m1_exact_s0_20260711-085053.gurobi.log
20260711-090055,kstar_nI20_nJ20_nK50_nL10_tI6_tJ6_s4,exact,0,0,0,600,OPTIMAL,65626.00,65626.00,0.00000000,0.17,0.19,-1.00,-1.00,-1.00,0,-1.00,65626.00,1,13.0.2,logs/kstar_nI20_nJ20_nK50_nL10_tI6_tJ6_s4_m0_exact_s0_20260711-090055.gurobi.log
20260711-090055,kstar_nI20_nJ20_nK50_nL10_tI6_tJ6_s4,exact,1,0,0,600,FEASIBLE,65626.00,63716.91,0.02909043,601.46,602.31,-1.00,-1.00,-1.00,38145,-1.00,65626.00,1,13.0.2,logs/kstar_nI20_nJ20_nK50_nL10_tI6_tJ6_s4_m1_exact_s0_20260711-090055.gurobi.log
20260711-091058,kstar_nI20_nJ20_nK50_nL10_tI6_tJ6_s5,exact,0,0,0,600,OPTIMAL,73955.00,73955.00,0.00000000,0.18,0.20,-1.00,-1.00,-1.00,0,-1.00,73955.00,1,13.0.2,logs/kstar_nI20_nJ20_nK50_nL10_tI6_tJ6_s5_m0_exact_s0_20260711-091058.gurobi.log
20260711-091058,kstar_nI20_nJ20_nK50_nL10_tI6_tJ6_s5,exact,1,0,0,600,FEASIBLE,77732.00,72453.66,0.06790436,601.02,601.79,-1.00,-1.00,-1.00,38675,-1.00,77732.00,1,13.0.2,logs/kstar_nI20_nJ20_nK50_nL10_tI6_tJ6_s5_m1_exact_s0_20260711-091058.gurobi.log
20260711-092100,kstar_nI20_nJ20_nK50_nL5_tI2_tJ2_s1,exact,0,0,0,600,OPTIMAL,37792.00,37792.00,0.00000000,0.13,0.14,-1.00,-1.00,-1.00,0,-1.00,37792.00,1,13.0.2,logs/kstar_nI20_nJ20_nK50_nL5_tI2_tJ2_s1_m0_exact_s0_20260711-092100.gurobi.log
20260711-092100,kstar_nI20_nJ20_nK50_nL5_tI2_tJ2_s1,exact,1,0,0,600,FEASIBLE,45304.00,32484.71,0.28296146,601.48,602.17,-1.00,-1.00,-1.00,38317,-1.00,45304.00,1,13.0.2,logs/kstar_nI20_nJ20_nK50_nL5_tI2_tJ2_s1_m1_exact_s0_20260711-092100.gurobi.log
20260711-093102,kstar_nI20_nJ20_nK50_nL5_tI2_tJ2_s2,exact,0,0,0,600,OPTIMAL,38128.00,38128.00,0.00000000,0.23,0.24,-1.00,-1.00,-1.00,0,-1.00,38128.00,1,13.0.2,logs/kstar_nI20_nJ20_nK50_nL5_tI2_tJ2_s2_m0_exact_s0_20260711-093102.gurobi.log
20260711-093102,kstar_nI20_nJ20_nK50_nL5_tI2_tJ2_s2,exact,1,0,0,600,FEASIBLE,49397.00,32171.33,0.34871891,601.35,602.21,-1.00,-1.00,-1.00,39313,-1.00,49397.00,1,13.0.2,logs/kstar_nI20_nJ20_nK50_nL5_tI2_tJ2_s2_m1_exact_s0_20260711-093102.gurobi.log
20260711-094105,kstar_nI20_nJ20_nK50_nL5_tI2_tJ2_s3,exact,0,0,0,600,OPTIMAL,39293.00,39293.00,0.00000000,0.14,0.15,-1.00,-1.00,-1.00,0,-1.00,39293.00,1,13.0.2,logs/kstar_nI20_nJ20_nK50_nL5_tI2_tJ2_s3_m0_exact_s0_20260711-094105.gurobi.log
20260711-102947,PSC1-C1-100-10,exact,0,0,0,3600,FEASIBLE,6524947.00,6511980.73,0.00198718,3599.85,3602.36,-1.00,-1.00,-1.00,0,-1.00,6524947.00,1,13.0.2,logs/PSC1-C1-100-10_m0_exact_s0_20260711-102947.gurobi.log
20260711-112950,PSC1-C1-100-5,exact,0,0,0,3600,FEASIBLE,3791865.00,3784782.35,0.00186785,3601.23,3602.58,-1.00,-1.00,-1.00,0,-1.00,3791865.00,1,13.0.2,logs/PSC1-C1-100-5_m0_exact_s0_20260711-112950.gurobi.log
20260711-122952,PSC1-C1-50-10,exact,0,0,0,3600,FEASIBLE,3275611.00,3265534.74,0.00307615,3600.14,3600.82,-1.00,-1.00,-1.00,0,-1.00,3275611.00,1,13.0.2,logs/PSC1-C1-50-10_m0_exact_s0_20260711-122952.gurobi.log
20260711-132953,PSC1-C1-50-5,exact,0,0,0,3600,OPTIMAL,1923801.00,1923801.00,0.00000000,2000.77,2001.24,-1.00,-1.00,-1.00,0,-1.00,1923801.00,1,13.0.2,logs/PSC1-C1-50-5_m0_exact_s0_20260711-132953.gurobi.log
20260711-140315,PSC1-C2-100-10,exact,0,0,0,3600,FEASIBLE,6464704.00,5921319.81,0.08405399,3599.35,3601.94,-1.00,-1.00,-1.00,0,-1.00,6462862.00,1,13.0.2,logs/PSC1-C2-100-10_m0_exact_s0_20260711-140315.gurobi.log
20260711-150317,PSC1-C2-100-5,exact,0,0,0,3600,FEASIBLE,3201168.00,3191945.76,0.00288090,3600.76,3602.10,-1.00,-1.00,-1.00,0,-1.00,3201168.00,1,13.0.2,logs/PSC1-C2-100-5_m0_exact_s0_20260711-150317.gurobi.log
20260711-160319,PSC1-C2-50-10,exact,0,0,0,3600,FEASIBLE,3091878.50,2973028.18,0.03843952,3599.98,3600.53,-1.00,-1.00,-1.00,0,-1.00,3075957.00,1,13.0.2,logs/PSC1-C2-50-10_m0_exact_s0_20260711-160319.gurobi.log
20260711-170320,PSC1-C2-50-5,exact,0,0,0,3600,FEASIBLE,1637849.00,1629008.55,0.00539760,3600.14,3600.53,-1.00,-1.00,-1.00,0,-1.00,1637849.00,1,13.0.2,logs/PSC1-C2-50-5_m0_exact_s0_20260711-170320.gurobi.log
20260711-180321,PSC1-C3-100-10,exact,0,0,0,3600,FEASIBLE,52772822.00,50543859.94,0.04223693,3599.42,3601.42,-1.00,-1.00,-1.00,0,-1.00,52764309.00,1,13.0.2,logs/PSC1-C3-100-10_m0_exact_s0_20260711-180321.gurobi.log
20260711-190324,PSC1-C3-100-5,exact,0,0,0,3600,FEASIBLE,26595924.00,25511495.91,0.04077422,3857.42,3859.07,-1.00,-1.00,-1.00,0,-1.00,26590230.00,1,13.0.2,logs/PSC1-C3-100-5_m0_exact_s0_20260711-190324.gurobi.log
20260711-200744,PSC1-C3-50-10,exact,0,0,0,3600,FEASIBLE,25662998.00,25543818.49,0.00464402,3600.32,3600.92,-1.00,-1.00,-1.00,0,-1.00,25662998.00,1,13.0.2,logs/PSC1-C3-50-10_m0_exact_s0_20260711-200744.gurobi.log
20260711-210745,PSC1-C3-50-5,exact,0,0,0,3600,FEASIBLE,13057564.00,12994504.56,0.00482934,3600.18,3600.64,-1.00,-1.00,-1.00,0,-1.00,13057564.00,1,13.0.2,logs/PSC1-C3-50-5_m0_exact_s0_20260711-210745.gurobi.log
20260711-220746,PSC1-C4-100-10,exact,0,0,0,3600,FEASIBLE,9062778.00,6609695.37,0.27067668,3599.44,3604.17,-1.00,-1.00,-1.00,0,-1.00,9049356.00,1,13.0.2,logs/PSC1-C4-100-10_m0_exact_s0_20260711-220746.gurobi.log
20260711-230750,PSC1-C4-100-5,exact,0,0,0,3600,FEASIBLE,4087041.00,3589096.33,0.12183501,3599.86,3601.31,-1.00,-1.00,-1.00,0,-1.00,4082130.00,1,13.0.2,logs/PSC1-C4-100-5_m0_exact_s0_20260711-230750.gurobi.log
20260712-000751,PSC1-C4-50-10,exact,0,0,0,3600,FEASIBLE,4080920.00,3381827.58,0.17130755,3600.11,3600.73,-1.00,-1.00,-1.00,0,-1.00,4074326.00,1,13.0.2,logs/PSC1-C4-50-10_m0_exact_s0_20260712-000751.gurobi.log
20260712-010752,PSC1-C4-50-5,exact,0,0,0,3600,FEASIBLE,1885811.00,1849264.12,0.01937992,3600.17,3600.52,-1.00,-1.00,-1.00,0,-1.00,1885811.00,1,13.0.2,logs/PSC1-C4-50-5_m0_exact_s0_20260712-010752.gurobi.log
20260712-020753,PSC1-C5-100-10,exact,0,0,0,3600,FEASIBLE,53113791.00,50861516.94,0.04240469,3599.39,3604.75,-1.00,-1.00,-1.00,0,-1.00,53100491.00,1,13.0.2,logs/PSC1-C5-100-10_m0_exact_s0_20260712-020753.gurobi.log
20260712-030758,PSC1-C5-100-5,exact,0,0,0,3600,FEASIBLE,26344228.00,25799705.91,0.02066950,3617.15,3618.54,-1.00,-1.00,-1.00,0,-1.00,26336759.00,1,13.0.2,logs/PSC1-C5-100-5_m0_exact_s0_20260712-030758.gurobi.log
20260712-040817,PSC1-C5-50-10,exact,0,0,0,3600,FEASIBLE,25715816.44,25638747.66,0.00299694,3600.05,3600.59,-1.00,-1.00,-1.00,0,-1.00,25715790.00,1,13.0.2,logs/PSC1-C5-50-10_m0_exact_s0_20260712-040817.gurobi.log
20260712-050817,PSC1-C5-50-5,exact,0,0,0,3600,FEASIBLE,13137534.00,13092577.77,0.00342197,3600.43,3600.82,-1.00,-1.00,-1.00,0,-1.00,13137534.00,1,13.0.2,logs/PSC1-C5-50-5_m0_exact_s0_20260712-050817.gurobi.log
20260712-060818,PSC2-C1-100-10,exact,0,0,0,3600,FEASIBLE,6528129.00,6504487.00,0.00362156,3599.75,3603.18,-1.00,-1.00,-1.00,0,-1.00,6528039.00,1,13.0.2,logs/PSC2-C1-100-10_m0_exact_s0_20260712-060818.gurobi.log
20260712-070822,PSC2-C1-100-5,exact,0,0,0,3600,FEASIBLE,3784038.00,3773951.82,0.00266545,3601.08,3602.89,-1.00,-1.00,-1.00,0,-1.00,3784038.00,1,13.0.2,logs/PSC2-C1-100-5_m0_exact_s0_20260712-070822.gurobi.log
20260712-080825,PSC2-C1-50-10,exact,0,0,0,3600,FEASIBLE,3277832.00,3270462.60,0.00224825,3600.12,3600.91,-1.00,-1.00,-1.00,0,-1.00,3277832.00,1,13.0.2,logs/PSC2-C1-50-10_m0_exact_s0_20260712-080825.gurobi.log
20260712-090826,PSC2-C1-50-5,exact,0,0,0,3600,FEASIBLE,1931427.00,1927205.61,0.00218563,3600.36,3602.29,-1.00,-1.00,-1.00,0,-1.00,1931427.00,1,13.0.2,logs/PSC2-C1-50-5_m0_exact_s0_20260712-090826.gurobi.log
20260712-100828,PSC2-C2-100-10,exact,0,0,0,3600,FEASIBLE,6511645.00,5923171.60,0.09037246,3599.24,3601.21,-1.00,-1.00,-1.00,0,-1.00,6509943.00,1,13.0.2,logs/PSC2-C2-100-10_m0_exact_s0_20260712-100828.gurobi.log
20260712-142532,PSC2-C2-100-5,exact,0,0,0,3600,FEASIBLE,3216129.00,3206389.03,0.00302848,3599.99,3601.10,-1.00,-1.00,-1.00,0,-1.00,3216129.00,1,13.0.2,logs/PSC2-C2-100-5_m0_exact_s0_20260712-142532.gurobi.log
20260712-152533,PSC2-C2-50-10,exact,0,0,0,3600,FEASIBLE,3010793.00,2987742.35,0.00765601,8176.28,8176.95,-1.00,-1.00,-1.00,0,-1.00,3010793.00,1,13.0.2,logs/PSC2-C2-50-10_m0_exact_s0_20260712-152533.gurobi.log
20260712-174150,PSC2-C2-50-5,exact,0,0,0,3600,FEASIBLE,1639643.00,1634534.40,0.00311568,3600.12,3600.58,-1.00,-1.00,-1.00,0,-1.00,1639643.00,1,13.0.2,logs/PSC2-C2-50-5_m0_exact_s0_20260712-174150.gurobi.log
20260712-184151,PSC2-C3-100-10,exact,0,0,0,3600,FEASIBLE,52708015.00,50574785.74,0.04047258,3599.14,3601.26,-1.00,-1.00,-1.00,0,-1.00,52699299.00,1,13.0.2,logs/PSC2-C3-100-10_m0_exact_s0_20260712-184151.gurobi.log
20260712-194154,PSC2-C3-100-5,exact,0,0,0,3600,FEASIBLE,26267411.00,25540046.96,0.02769074,3599.81,3600.94,-1.00,-1.00,-1.00,0,-1.00,26256932.00,1,13.0.2,logs/PSC2-C3-100-5_m0_exact_s0_20260712-194154.gurobi.log
20260712-204155,PSC2-C3-50-10,exact,0,0,0,3600,FEASIBLE,25661169.00,25554738.06,0.00414755,3601.11,3601.60,-1.00,-1.00,-1.00,0,-1.00,25661169.00,1,13.0.2,logs/PSC2-C3-50-10_m0_exact_s0_20260712-204155.gurobi.log
20260712-214157,PSC2-C3-50-5,exact,0,0,0,3600,FEASIBLE,13065189.00,13004197.62,0.00466824,3600.20,3600.72,-1.00,-1.00,-1.00,0,-1.00,13065189.00,1,13.0.2,logs/PSC2-C3-50-5_m0_exact_s0_20260712-214157.gurobi.log
20260712-224158,PSC2-C4-100-10,exact,0,0,0,3600,FEASIBLE,8608682.00,6610911.54,0.23206461,3599.19,3602.44,-1.00,-1.00,-1.00,0,-1.00,8595352.00,1,13.0.2,logs/PSC2-C4-100-10_m0_exact_s0_20260712-224158.gurobi.log
20260712-234201,PSC2-C4-100-5,exact,0,0,0,3600,FEASIBLE,3917987.18,3582764.45,0.08555993,3600.05,3601.04,-1.00,-1.00,-1.00,0,-1.00,3881896.00,1,13.0.2,logs/PSC2-C4-100-5_m0_exact_s0_20260712-234201.gurobi.log
20260713-004202,PSC2-C4-50-10,exact,0,0,0,3600,FEASIBLE,3538586.00,3388472.62,0.04242186,3600.18,3600.64,-1.00,-1.00,-1.00,0,-1.00,3538586.00,1,13.0.2,logs/PSC2-C4-50-10_m0_exact_s0_20260713-004202.gurobi.log
20260713-014203,PSC2-C4-50-5,exact,0,0,0,3600,FEASIBLE,1882642.00,1847159.33,0.01884727,3600.36,3600.68,-1.00,-1.00,-1.00,0,-1.00,1882642.00,1,13.0.2,logs/PSC2-C4-50-5_m0_exact_s0_20260713-014203.gurobi.log
20260713-024204,PSC2-C5-100-10,exact,0,0,0,3600,FEASIBLE,52485271.00,50879986.54,0.03058543,3599.21,3602.87,-1.00,-1.00,-1.00,0,-1.00,52470702.00,1,13.0.2,logs/PSC2-C5-100-10_m0_exact_s0_20260713-024204.gurobi.log
20260713-034207,PSC2-C5-100-5,exact,0,0,0,3600,FEASIBLE,25968508.00,25689563.90,0.01074163,3599.76,3600.95,-1.00,-1.00,-1.00,0,-1.00,25957748.00,1,13.0.2,logs/PSC2-C5-100-5_m0_exact_s0_20260713-034207.gurobi.log
20260713-044208,PSC2-C5-50-10,exact,0,0,0,3600,FEASIBLE,25641436.00,25555449.24,0.00335343,3600.18,3600.69,-1.00,-1.00,-1.00,0,-1.00,25641436.00,1,13.0.2,logs/PSC2-C5-50-10_m0_exact_s0_20260713-044208.gurobi.log
20260713-054208,PSC2-C5-50-5,exact,0,0,0,3600,FEASIBLE,13079381.00,13035923.81,0.00332257,3600.14,3600.45,-1.00,-1.00,-1.00,0,-1.00,13079381.00,1,13.0.2,logs/PSC2-C5-50-5_m0_exact_s0_20260713-054208.gurobi.log
20260713-064209,PSC3-C1-100-10,exact,0,0,0,3600,FEASIBLE,6519991.00,6510870.87,0.00139879,3599.97,3602.75,-1.00,-1.00,-1.00,0,-1.00,6519991.00,1,13.0.2,logs/PSC3-C1-100-10_m0_exact_s0_20260713-064209.gurobi.log
20260713-074212,PSC3-C1-100-5,exact,0,0,0,3600,FEASIBLE,3789000.00,3782481.21,0.00172045,3600.71,3602.16,-1.00,-1.00,-1.00,0,-1.00,3789000.00,1,13.0.2,logs/PSC3-C1-100-5_m0_exact_s0_20260713-074212.gurobi.log
20260713-084214,PSC3-C1-50-10,exact,0,0,0,3600,FEASIBLE,3279439.00,3273658.54,0.00176264,3600.56,3601.30,-1.00,-1.00,-1.00,0,-1.00,3279439.00,1,13.0.2,logs/PSC3-C1-50-10_m0_exact_s0_20260713-084214.gurobi.log
20260713-094216,PSC3-C1-50-5,exact,0,0,0,3600,FEASIBLE,1930871.00,1929433.87,0.00074429,3600.48,3602.04,-1.00,-1.00,-1.00,0,-1.00,1930871.00,1,13.0.2,logs/PSC3-C1-50-5_m0_exact_s0_20260713-094216.gurobi.log
20260713-104218,PSC3-C2-100-10,exact,0,0,0,3600,FEASIBLE,6457179.00,5923670.69,0.08262251,3599.21,3601.61,-1.00,-1.00,-1.00,0,-1.00,6455374.00,1,13.0.2,logs/PSC3-C2-100-10_m0_exact_s0_20260713-104218.gurobi.log
20260713-114220,PSC3-C2-100-5,exact,0,0,0,3600,FEASIBLE,3212942.00,3205393.99,0.00234925,3599.88,3601.02,-1.00,-1.00,-1.00,0,-1.00,3212942.00,1,13.0.2,logs/PSC3-C2-100-5_m0_exact_s0_20260713-114220.gurobi.log
20260713-124221,PSC3-C2-50-10,exact,0,0,0,3600,FEASIBLE,3010077.00,2983617.61,0.00879027,3599.94,3600.45,-1.00,-1.00,-1.00,0,-1.00,3010077.00,1,13.0.2,logs/PSC3-C2-50-10_m0_exact_s0_20260713-124221.gurobi.log
20260713-134221,PSC3-C2-50-5,exact,0,0,0,3600,FEASIBLE,1639734.00,1633659.83,0.00370436,3600.26,3600.92,-1.00,-1.00,-1.00,0,-1.00,1639734.00,1,13.0.2,logs/PSC3-C2-50-5_m0_exact_s0_20260713-134221.gurobi.log
20260713-144223,PSC3-C3-100-10,exact,0,0,0,3600,FEASIBLE,52729225.00,50534863.59,0.04161566,3599.08,3603.02,-1.00,-1.00,-1.00,0,-1.00,52718978.00,1,13.0.2,logs/PSC3-C3-100-10_m0_exact_s0_20260713-144223.gurobi.log
20260713-154226,PSC3-C3-100-5,exact,0,0,0,3600,FEASIBLE,26043405.00,25412605.67,0.02422108,3599.76,3600.81,-1.00,-1.00,-1.00,0,-1.00,26037804.00,1,13.0.2,logs/PSC3-C3-100-5_m0_exact_s0_20260713-154226.gurobi.log
20260713-164227,PSC3-C3-50-10,exact,0,0,0,3600,FEASIBLE,25559493.00,25447219.65,0.00439263,3601.33,3601.84,-1.00,-1.00,-1.00,0,-1.00,25559493.00,1,13.0.2,logs/PSC3-C3-50-10_m0_exact_s0_20260713-164227.gurobi.log
20260713-174229,PSC3-C3-50-5,exact,0,0,0,3600,FEASIBLE,12987035.00,12928098.88,0.00453807,3600.20,3600.63,-1.00,-1.00,-1.00,0,-1.00,12987035.00,1,13.0.2,logs/PSC3-C3-50-5_m0_exact_s0_20260713-174229.gurobi.log
20260713-184229,PSC3-C4-100-10,exact,0,0,0,3600,FEASIBLE,8579478.02,6609214.43,0.22964842,3599.21,3602.34,-1.00,-1.00,-1.00,0,-1.00,8566880.00,1,13.0.2,logs/PSC3-C4-100-10_m0_exact_s0_20260713-184229.gurobi.log
20260713-194232,PSC3-C4-100-5,exact,0,0,0,3600,FEASIBLE,3681755.00,3593128.59,0.02407178,3599.83,3598.37,-1.00,-1.00,-1.00,0,-1.00,3681755.00,1,13.0.2,logs/PSC3-C4-100-5_m0_exact_s0_20260713-194232.gurobi.log
20260713-204233,PSC3-C4-50-10,exact,0,0,0,3600,FEASIBLE,4103165.00,3384722.97,0.17509460,3599.99,3600.58,-1.00,-1.00,-1.00,0,-1.00,4095942.00,1,13.0.2,logs/PSC3-C4-50-10_m0_exact_s0_20260713-204233.gurobi.log
20260713-214233,PSC3-C4-50-5,exact,0,0,0,3600,FEASIBLE,1880031.00,1847952.93,0.01706252,3600.10,3600.42,-1.00,-1.00,-1.00,0,-1.00,1880031.00,1,13.0.2,logs/PSC3-C4-50-5_m0_exact_s0_20260713-214233.gurobi.log
20260713-224234,PSC3-C5-100-10,exact,0,0,0,3600,FEASIBLE,52376633.00,50827760.28,0.02957183,3599.21,3602.83,-1.00,-1.00,-1.00,0,-1.00,52363593.00,1,13.0.2,logs/PSC3-C5-100-10_m0_exact_s0_20260713-224234.gurobi.log
20260713-234237,PSC3-C5-100-5,exact,0,0,0,3600,FEASIBLE,26054145.00,25743957.93,0.01190548,3599.83,3600.91,-1.00,-1.00,-1.00,0,-1.00,26042536.00,1,13.0.2,logs/PSC3-C5-100-5_m0_exact_s0_20260713-234237.gurobi.log
20260714-004238,PSC3-C5-50-10,exact,0,0,0,3600,FEASIBLE,25740016.00,25631058.27,0.00423301,3600.04,3600.54,-1.00,-1.00,-1.00,0,-1.00,25740016.00,1,13.0.2,logs/PSC3-C5-50-10_m0_exact_s0_20260714-004238.gurobi.log
20260714-014239,PSC3-C5-50-5,exact,0,0,0,3600,FEASIBLE,13127989.00,13082030.70,0.00350079,3600.12,3600.45,-1.00,-1.00,-1.00,0,-1.00,13127548.00,1,13.0.2,logs/PSC3-C5-50-5_m0_exact_s0_20260714-014239.gurobi.log
20260714-024239,PSC4-C1-100-10,exact,0,0,0,3600,FEASIBLE,6535649.46,6518039.74,0.00269441,3599.77,3602.31,-1.00,-1.00,-1.00,0,-1.00,6535304.00,1,13.0.2,logs/PSC4-C1-100-10_m0_exact_s0_20260714-024239.gurobi.log
20260714-034242,PSC4-C1-100-5,exact,0,0,0,3600,FEASIBLE,3781006.00,3776585.62,0.00116910,3601.26,3602.64,-1.00,-1.00,-1.00,0,-1.00,3781006.00,1,13.0.2,logs/PSC4-C1-100-5_m0_exact_s0_20260714-034242.gurobi.log
20260714-044245,PSC4-C1-50-10,exact,0,0,0,3600,FEASIBLE,3279183.00,3275333.77,0.00117384,3600.07,3600.77,-1.00,-1.00,-1.00,0,-1.00,3279183.00,1,13.0.2,logs/PSC4-C1-50-10_m0_exact_s0_20260714-044245.gurobi.log
20260714-054246,PSC4-C1-50-5,exact,0,0,0,3600,OPTIMAL,1909659.00,1909659.00,0.00000000,642.10,642.47,-1.00,-1.00,-1.00,0,-1.00,1909659.00,1,13.0.2,logs/PSC4-C1-50-5_m0_exact_s0_20260714-054246.gurobi.log
20260714-055328,PSC4-C2-100-10,exact,0,0,0,3600,FEASIBLE,6515616.00,5933535.05,0.08933629,3599.23,3601.35,-1.00,-1.00,-1.00,0,-1.00,6513617.00,1,13.0.2,logs/PSC4-C2-100-10_m0_exact_s0_20260714-055328.gurobi.log
20260714-065330,PSC4-C2-100-5,exact,0,0,0,3600,FEASIBLE,3225783.00,3215875.75,0.00307127,3600.39,3601.45,-1.00,-1.00,-1.00,0,-1.00,3225783.00,1,13.0.2,logs/PSC4-C2-100-5_m0_exact_s0_20260714-065330.gurobi.log
20260714-075331,PSC4-C2-50-10,exact,0,0,0,3600,FEASIBLE,3007179.00,2983693.81,0.00780971,3600.04,3600.52,-1.00,-1.00,-1.00,0,-1.00,3007179.00,1,13.0.2,logs/PSC4-C2-50-10_m0_exact_s0_20260714-075331.gurobi.log
20260714-091754,PSC4-C3-100-10,exact,0,0,0,3600,FEASIBLE,52692152.00,50608932.36,0.03953567,3599.24,3603.07,-1.00,-1.00,-1.00,0,-1.00,52683766.00,1,13.0.2,logs/PSC4-C3-100-10_m0_exact_s0_20260714-091754.gurobi.log
20260714-101758,PSC4-C3-100-5,exact,0,0,0,3600,FEASIBLE,26262772.00,25575863.56,0.02615521,3599.64,3600.75,-1.00,-1.00,-1.00,0,-1.00,26256202.00,1,13.0.2,logs/PSC4-C3-100-5_m0_exact_s0_20260714-101758.gurobi.log
20260714-111758,PSC4-C3-50-10,exact,0,0,0,3600,FEASIBLE,25653500.00,25550482.39,0.00401573,3601.12,3601.60,-1.00,-1.00,-1.00,0,-1.00,25653500.00,1,13.0.2,logs/PSC4-C3-50-10_m0_exact_s0_20260714-111758.gurobi.log
20260714-121800,PSC4-C3-50-5,exact,0,0,0,3600,FEASIBLE,13062003.00,12998150.68,0.00488840,3600.17,3600.59,-1.00,-1.00,-1.00,0,-1.00,13062003.00,1,13.0.2,logs/PSC4-C3-50-5_m0_exact_s0_20260714-121800.gurobi.log
20260714-131801,PSC4-C4-100-10,exact,0,0,0,3600,FEASIBLE,8659706.00,6620806.74,0.23544671,3599.21,3602.46,-1.00,-1.00,-1.00,0,-1.00,8649499.00,1,13.0.2,logs/PSC4-C4-100-10_m0_exact_s0_20260714-131801.gurobi.log
20260714-141804,PSC4-C4-100-5,exact,0,0,0,3600,FEASIBLE,3636368.00,3575010.71,0.01687323,3599.96,3601.01,-1.00,-1.00,-1.00,0,-1.00,3636368.00,1,13.0.2,logs/PSC4-C4-100-5_m0_exact_s0_20260714-141804.gurobi.log
20260714-151805,PSC4-C4-50-10,exact,0,0,0,3600,FEASIBLE,4109608.00,3374651.72,0.17883854,3599.96,3600.55,-1.00,-1.00,-1.00,0,-1.00,4101807.00,1,13.0.2,logs/PSC4-C4-50-10_m0_exact_s0_20260714-151805.gurobi.log
20260714-161805,PSC4-C4-50-5,exact,0,0,0,3600,FEASIBLE,1877617.00,1841470.78,0.01925111,3600.22,3600.55,-1.00,-1.00,-1.00,0,-1.00,1877617.00,1,13.0.2,logs/PSC4-C4-50-5_m0_exact_s0_20260714-161805.gurobi.log
20260714-171806,PSC4-C5-100-10,exact,0,0,0,3600,FEASIBLE,52381243.00,50887331.54,0.02851997,3598.90,3603.44,-1.00,-1.00,-1.00,0,-1.00,52367512.00,1,13.0.2,logs/PSC4-C5-100-10_m0_exact_s0_20260714-171806.gurobi.log
20260714-181810,PSC4-C5-100-5,exact,0,0,0,3600,FEASIBLE,26093878.00,25811167.53,0.01083436,3599.78,3598.70,-1.00,-1.00,-1.00,0,-1.00,26088905.00,1,13.0.2,logs/PSC4-C5-100-5_m0_exact_s0_20260714-181810.gurobi.log
20260714-191811,PSC4-C5-50-10,exact,0,0,0,3600,FEASIBLE,25710759.00,25640416.93,0.00273590,3600.03,3600.55,-1.00,-1.00,-1.00,0,-1.00,25710454.00,1,13.0.2,logs/PSC4-C5-50-10_m0_exact_s0_20260714-191811.gurobi.log
20260714-201811,PSC4-C5-50-5,exact,0,0,0,3600,FEASIBLE,13137160.00,13094914.57,0.00321572,3600.08,3600.37,-1.00,-1.00,-1.00,0,-1.00,13137160.00,1,13.0.2,logs/PSC4-C5-50-5_m0_exact_s0_20260714-201811.gurobi.log
20260714-211812,PSC5-C1-100-10,exact,0,0,0,3600,FEASIBLE,6546927.00,6521704.96,0.00385250,3599.90,3602.57,-1.00,-1.00,-1.00,0,-1.00,6546927.00,1,13.0.2,logs/PSC5-C1-100-10_m0_exact_s0_20260714-211812.gurobi.log
20260714-221815,PSC5-C1-100-5,exact,0,0,0,3600,FEASIBLE,3800903.00,3792869.17,0.00211366,3600.41,3601.87,-1.00,-1.00,-1.00,0,-1.00,3800903.00,1,13.0.2,logs/PSC5-C1-100-5_m0_exact_s0_20260714-221815.gurobi.log
20260714-231817,PSC5-C1-50-10,exact,0,0,0,3600,FEASIBLE,3272952.00,3265491.57,0.00227942,3600.13,3600.82,-1.00,-1.00,-1.00,0,-1.00,3272952.00,1,13.0.2,logs/PSC5-C1-50-10_m0_exact_s0_20260714-231817.gurobi.log
20260715-001818,PSC5-C1-50-5,exact,0,0,0,3600,OPTIMAL,1895151.00,1895151.00,0.00000000,883.11,883.46,-1.00,-1.00,-1.00,0,-1.00,1895151.00,1,13.0.2,logs/PSC5-C1-50-5_m0_exact_s0_20260715-001818.gurobi.log
20260715-003301,PSC5-C2-100-10,exact,0,0,0,3600,FEASIBLE,6373777.00,5908545.04,0.07299157,3599.16,3601.20,-1.00,-1.00,-1.00,0,-1.00,6372120.00,1,13.0.2,logs/PSC5-C2-100-10_m0_exact_s0_20260715-003301.gurobi.log
20260715-013303,PSC5-C2-100-5,exact,0,0,0,3600,FEASIBLE,3199932.00,3195609.88,0.00135069,3600.04,3601.12,-1.00,-1.00,-1.00,0,-1.00,3199932.00,1,13.0.2,logs/PSC5-C2-100-5_m0_exact_s0_20260715-013303.gurobi.log
20260715-023304,PSC5-C2-50-10,exact,0,0,0,3600,FEASIBLE,3007703.00,2981869.77,0.00858902,3599.94,3600.43,-1.00,-1.00,-1.00,0,-1.00,3007703.00,1,13.0.2,logs/PSC5-C2-50-10_m0_exact_s0_20260715-023304.gurobi.log
20260715-033305,PSC5-C2-50-5,exact,0,0,0,3600,FEASIBLE,1639445.00,1633944.73,0.00335496,3600.13,3600.59,-1.00,-1.00,-1.00,0,-1.00,1639445.00,1,13.0.2,logs/PSC5-C2-50-5_m0_exact_s0_20260715-033305.gurobi.log
20260715-074705,PSC4-C2-50-5,exact,0,0,0,3600,FEASIBLE,1644053.00,1636334.57,0.00469476,3600.68,3601.17,-1.00,-1.00,-1.00,0,-1.00,1644053.00,1,13.0.2,logs/PSC4-C2-50-5_m0_exact_s0_20260715-074705.gurobi.log
20260715-084706,PSC5-C3-100-10,exact,0,0,0,3600,FEASIBLE,52665983.00,50532784.77,0.04050429,3599.09,3603.20,-1.00,-1.00,-1.00,0,-1.00,52656473.00,1,13.0.2,logs/PSC5-C3-100-10_m0_exact_s0_20260715-084706.gurobi.log
20260715-094709,PSC5-C3-100-5,exact,0,0,0,3600,FEASIBLE,26230564.00,25496062.45,0.02800174,3599.70,3600.89,-1.00,-1.00,-1.00,0,-1.00,26223470.00,1,13.0.2,logs/PSC5-C3-100-5_m0_exact_s0_20260715-094709.gurobi.log
20260715-104710,PSC5-C3-50-10,exact,0,0,0,3600,FEASIBLE,25618966.00,25507311.18,0.00435829,3601.40,3601.90,-1.00,-1.00,-1.00,0,-1.00,25618966.00,1,13.0.2,logs/PSC5-C3-50-10_m0_exact_s0_20260715-104710.gurobi.log
20260715-114712,PSC5-C3-50-5,exact,0,0,0,3600,FEASIBLE,13018613.00,12953393.62,0.00500970,3600.34,3600.82,-1.00,-1.00,-1.00,0,-1.00,13018613.00,1,13.0.2,logs/PSC5-C3-50-5_m0_exact_s0_20260715-114712.gurobi.log
20260715-124714,PSC5-C4-100-10,exact,0,0,0,3600,FEASIBLE,8625647.07,6613873.56,0.23323160,3599.20,3602.49,-1.00,-1.00,-1.00,0,-1.00,8614692.00,1,13.0.2,logs/PSC5-C4-100-10_m0_exact_s0_20260715-124714.gurobi.log
20260715-134716,PSC5-C4-100-5,exact,0,0,0,3600,FEASIBLE,3868334.62,3586920.39,0.07274816,3599.87,3601.08,-1.00,-1.00,-1.00,0,-1.00,3833278.00,1,13.0.2,logs/PSC5-C4-100-5_m0_exact_s0_20260715-134716.gurobi.log
20260715-144717,PSC5-C4-50-10,exact,0,0,0,3600,FEASIBLE,4071780.00,3379158.62,0.17010285,3599.89,3600.51,-1.00,-1.00,-1.00,0,-1.00,4065848.00,1,13.0.2,logs/PSC5-C4-50-10_m0_exact_s0_20260715-144717.gurobi.log
20260715-154718,PSC5-C4-50-5,exact,0,0,0,3600,FEASIBLE,1883435.00,1848684.04,0.01845084,3600.24,3600.57,-1.00,-1.00,-1.00,0,-1.00,1883435.00,1,13.0.2,logs/PSC5-C4-50-5_m0_exact_s0_20260715-154718.gurobi.log
20260715-164719,PSC5-C5-100-10,exact,0,0,0,3600,FEASIBLE,52497166.00,50846870.65,0.03143589,3599.00,3602.90,-1.00,-1.00,-1.00,0,-1.00,52484944.00,1,13.0.2,logs/PSC5-C5-100-10_m0_exact_s0_20260715-164719.gurobi.log
20260715-174722,PSC5-C5-100-5,exact,0,0,0,3600,FEASIBLE,26049079.00,25753492.62,0.01134729,3599.82,3601.02,-1.00,-1.00,-1.00,0,-1.00,26038952.00,1,13.0.2,logs/PSC5-C5-100-5_m0_exact_s0_20260715-174722.gurobi.log
20260715-184723,PSC5-C5-50-10,exact,0,0,0,3600,FEASIBLE,25678907.00,25599999.04,0.00307287,3600.12,3600.68,-1.00,-1.00,-1.00,0,-1.00,25678907.00,1,13.0.2,logs/PSC5-C5-50-10_m0_exact_s0_20260715-184723.gurobi.log
20260715-194724,PSC5-C5-50-5,exact,0,0,0,3600,FEASIBLE,13097173.00,13051600.87,0.00347954,3600.03,3600.35,-1.00,-1.00,-1.00,0,-1.00,13097173.00,1,13.0.2,logs/PSC5-C5-50-5_m0_exact_s0_20260715-194724.gurobi.log
20260715-204724,kstar_nI20_nJ20_nK50_nL5_tI2_tJ2_s4,exact,0,0,0,600,OPTIMAL,37448.00,37448.00,0.00000000,0.16,0.17,-1.00,-1.00,-1.00,0,-1.00,37448.00,1,13.0.2,logs/kstar_nI20_nJ20_nK50_nL5_tI2_tJ2_s4_m0_exact_s0_20260715-204724.gurobi.log
20260715-204725,kstar_nI20_nJ20_nK50_nL5_tI2_tJ2_s5,exact,0,0,0,600,OPTIMAL,36391.00,36391.00,0.00000000,0.17,0.19,-1.00,-1.00,-1.00,0,-1.00,36391.00,1,13.0.2,logs/kstar_nI20_nJ20_nK50_nL5_tI2_tJ2_s5_m0_exact_s0_20260715-204725.gurobi.log
20260715-204725,kstar_nI20_nJ20_nK50_nL5_tI3_tJ3_s1,exact,0,0,0,600,OPTIMAL,39419.00,39419.00,0.00000000,0.17,0.19,-1.00,-1.00,-1.00,0,-1.00,39419.00,1,13.0.2,logs/kstar_nI20_nJ20_nK50_nL5_tI3_tJ3_s1_m0_exact_s0_20260715-204725.gurobi.log
20260715-204725,kstar_nI20_nJ20_nK50_nL5_tI3_tJ3_s2,exact,0,0,0,600,OPTIMAL,44220.00,44220.00,0.00000000,0.20,0.22,-1.00,-1.00,-1.00,0,-1.00,44220.00,1,13.0.2,logs/kstar_nI20_nJ20_nK50_nL5_tI3_tJ3_s2_m0_exact_s0_20260715-204725.gurobi.log
20260715-204725,kstar_nI20_nJ20_nK50_nL5_tI3_tJ3_s3,exact,0,0,0,600,OPTIMAL,37938.00,37938.00,0.00000000,0.27,0.27,-1.00,-1.00,-1.00,0,-1.00,37938.00,1,13.0.2,logs/kstar_nI20_nJ20_nK50_nL5_tI3_tJ3_s3_m0_exact_s0_20260715-204725.gurobi.log
20260715-204726,kstar_nI20_nJ20_nK50_nL5_tI3_tJ3_s4,exact,0,0,0,600,OPTIMAL,39559.00,39559.00,0.00000000,0.16,0.17,-1.00,-1.00,-1.00,0,-1.00,39559.00,1,13.0.2,logs/kstar_nI20_nJ20_nK50_nL5_tI3_tJ3_s4_m0_exact_s0_20260715-204726.gurobi.log
20260715-204726,kstar_nI20_nJ20_nK50_nL5_tI3_tJ3_s5,exact,0,0,0,600,OPTIMAL,41848.00,41848.00,0.00000000,0.16,0.17,-1.00,-1.00,-1.00,0,-1.00,41848.00,1,13.0.2,logs/kstar_nI20_nJ20_nK50_nL5_tI3_tJ3_s5_m0_exact_s0_20260715-204726.gurobi.log
20260715-204726,kstar_nI20_nJ20_nK50_nL5_tI4_tJ4_s1,exact,0,0,0,600,OPTIMAL,37671.00,37671.00,0.00000000,0.25,0.26,-1.00,-1.00,-1.00,0,-1.00,37671.00,1,13.0.2,logs/kstar_nI20_nJ20_nK50_nL5_tI4_tJ4_s1_m0_exact_s0_20260715-204726.gurobi.log
20260715-204726,kstar_nI20_nJ20_nK50_nL5_tI4_tJ4_s2,exact,0,0,0,600,OPTIMAL,42503.00,42502.47,0.00001237,0.20,0.22,-1.00,-1.00,-1.00,0,-1.00,42503.00,1,13.0.2,logs/kstar_nI20_nJ20_nK50_nL5_tI4_tJ4_s2_m0_exact_s0_20260715-204726.gurobi.log
20260715-204726,kstar_nI20_nJ20_nK50_nL5_tI4_tJ4_s3,exact,0,0,0,600,OPTIMAL,40028.00,40027.46,0.00001358,0.17,0.18,-1.00,-1.00,-1.00,0,-1.00,40028.00,1,13.0.2,logs/kstar_nI20_nJ20_nK50_nL5_tI4_tJ4_s3_m0_exact_s0_20260715-204726.gurobi.log
20260715-204727,kstar_nI20_nJ20_nK50_nL5_tI4_tJ4_s4,exact,0,0,0,600,OPTIMAL,41481.00,41480.50,0.00001195,0.21,0.23,-1.00,-1.00,-1.00,0,-1.00,41481.00,1,13.0.2,logs/kstar_nI20_nJ20_nK50_nL5_tI4_tJ4_s4_m0_exact_s0_20260715-204727.gurobi.log
20260715-204727,kstar_nI20_nJ20_nK50_nL5_tI4_tJ4_s5,exact,0,0,0,600,OPTIMAL,40445.00,40445.00,0.00000000,0.16,0.18,-1.00,-1.00,-1.00,0,-1.00,40445.00,1,13.0.2,logs/kstar_nI20_nJ20_nK50_nL5_tI4_tJ4_s5_m0_exact_s0_20260715-204727.gurobi.log
20260715-204727,kstar_nI20_nJ20_nK50_nL5_tI5_tJ5_s1,exact,0,0,0,600,OPTIMAL,40496.00,40496.00,0.00000000,0.27,0.29,-1.00,-1.00,-1.00,0,-1.00,40496.00,1,13.0.2,logs/kstar_nI20_nJ20_nK50_nL5_tI5_tJ5_s1_m0_exact_s0_20260715-204727.gurobi.log
20260715-204727,kstar_nI20_nJ20_nK50_nL5_tI5_tJ5_s2,exact,0,0,0,600,OPTIMAL,44663.00,44663.00,0.00000000,0.16,0.16,-1.00,-1.00,-1.00,0,-1.00,44663.00,1,13.0.2,logs/kstar_nI20_nJ20_nK50_nL5_tI5_tJ5_s2_m0_exact_s0_20260715-204727.gurobi.log
20260715-204728,kstar_nI20_nJ20_nK50_nL5_tI5_tJ5_s3,exact,0,0,0,600,OPTIMAL,42162.00,42162.00,0.00000000,0.23,0.25,-1.00,-1.00,-1.00,0,-1.00,42162.00,1,13.0.2,logs/kstar_nI20_nJ20_nK50_nL5_tI5_tJ5_s3_m0_exact_s0_20260715-204728.gurobi.log
20260715-204728,kstar_nI20_nJ20_nK50_nL5_tI5_tJ5_s4,exact,0,0,0,600,OPTIMAL,43355.00,43355.00,0.00000000,0.15,0.17,-1.00,-1.00,-1.00,0,-1.00,43355.00,1,13.0.2,logs/kstar_nI20_nJ20_nK50_nL5_tI5_tJ5_s4_m0_exact_s0_20260715-204728.gurobi.log
20260715-204728,kstar_nI20_nJ20_nK50_nL5_tI5_tJ5_s5,exact,0,0,0,600,OPTIMAL,37460.00,37459.93,0.00000197,0.21,0.23,-1.00,-1.00,-1.00,0,-1.00,37460.00,1,13.0.2,logs/kstar_nI20_nJ20_nK50_nL5_tI5_tJ5_s5_m0_exact_s0_20260715-204728.gurobi.log
20260715-204728,kstar_nI20_nJ20_nK50_nL5_tI6_tJ6_s1,exact,0,0,0,600,OPTIMAL,37686.00,37685.60,0.00001072,0.13,0.14,-1.00,-1.00,-1.00,0,-1.00,37686.00,1,13.0.2,logs/kstar_nI20_nJ20_nK50_nL5_tI6_tJ6_s1_m0_exact_s0_20260715-204728.gurobi.log
20260715-204729,kstar_nI20_nJ20_nK50_nL5_tI6_tJ6_s2,exact,0,0,0,600,OPTIMAL,39073.00,39073.00,0.00000000,0.21,0.22,-1.00,-1.00,-1.00,0,-1.00,39073.00,1,13.0.2,logs/kstar_nI20_nJ20_nK50_nL5_tI6_tJ6_s2_m0_exact_s0_20260715-204729.gurobi.log
20260715-204729,kstar_nI20_nJ20_nK50_nL5_tI6_tJ6_s3,exact,0,0,0,600,OPTIMAL,40941.00,40941.00,0.00000000,0.14,0.15,-1.00,-1.00,-1.00,0,-1.00,40941.00,1,13.0.2,logs/kstar_nI20_nJ20_nK50_nL5_tI6_tJ6_s3_m0_exact_s0_20260715-204729.gurobi.log
20260715-204729,kstar_nI20_nJ20_nK50_nL5_tI6_tJ6_s4,exact,0,0,0,600,OPTIMAL,38348.00,38348.00,0.00000000,0.20,0.22,-1.00,-1.00,-1.00,0,-1.00,38348.00,1,13.0.2,logs/kstar_nI20_nJ20_nK50_nL5_tI6_tJ6_s4_m0_exact_s0_20260715-204729.gurobi.log
20260715-204729,kstar_nI20_nJ20_nK50_nL5_tI6_tJ6_s5,exact,0,0,0,600,OPTIMAL,39149.00,39149.00,0.00000000,0.22,0.24,-1.00,-1.00,-1.00,0,-1.00,39149.00,1,13.0.2,logs/kstar_nI20_nJ20_nK50_nL5_tI6_tJ6_s5_m0_exact_s0_20260715-204729.gurobi.log
20260715-204730,kstar_nI20_nJ40_nK100_nL10_tI2_tJ2_s1,exact,0,0,0,600,OPTIMAL,95369.00,95369.00,0.00000000,0.64,0.76,-1.00,-1.00,-1.00,0,-1.00,95369.00,1,13.0.2,logs/kstar_nI20_nJ40_nK100_nL10_tI2_tJ2_s1_m0_exact_s0_20260715-204730.gurobi.log
20260715-204730,kstar_nI20_nJ40_nK100_nL10_tI2_tJ2_s2,exact,0,0,0,600,OPTIMAL,96802.00,96802.00,0.00000000,0.56,0.68,-1.00,-1.00,-1.00,0,-1.00,96802.00,1,13.0.2,logs/kstar_nI20_nJ40_nK100_nL10_tI2_tJ2_s2_m0_exact_s0_20260715-204730.gurobi.log
20260715-204731,kstar_nI20_nJ40_nK100_nL10_tI2_tJ2_s3,exact,0,0,0,600,OPTIMAL,97209.00,97209.00,0.00000000,0.69,0.80,-1.00,-1.00,-1.00,0,-1.00,97209.00,1,13.0.2,logs/kstar_nI20_nJ40_nK100_nL10_tI2_tJ2_s3_m0_exact_s0_20260715-204731.gurobi.log
20260715-204732,kstar_nI20_nJ40_nK100_nL10_tI2_tJ2_s4,exact,0,0,0,600,OPTIMAL,101444.00,101444.00,0.00000000,0.75,0.86,-1.00,-1.00,-1.00,0,-1.00,101444.00,1,13.0.2,logs/kstar_nI20_nJ40_nK100_nL10_tI2_tJ2_s4_m0_exact_s0_20260715-204732.gurobi.log
20260715-204733,kstar_nI20_nJ40_nK100_nL10_tI2_tJ2_s5,exact,0,0,0,600,OPTIMAL,96665.00,96665.00,0.00000000,0.71,0.82,-1.00,-1.00,-1.00,0,-1.00,96665.00,1,13.0.2,logs/kstar_nI20_nJ40_nK100_nL10_tI2_tJ2_s5_m0_exact_s0_20260715-204733.gurobi.log
20260715-204734,kstar_nI20_nJ40_nK100_nL10_tI3_tJ3_s1,exact,0,0,0,600,OPTIMAL,96594.00,96594.00,0.00000000,0.86,0.97,-1.00,-1.00,-1.00,0,-1.00,96594.00,1,13.0.2,logs/kstar_nI20_nJ40_nK100_nL10_tI3_tJ3_s1_m0_exact_s0_20260715-204734.gurobi.log
20260715-204735,kstar_nI20_nJ40_nK100_nL10_tI3_tJ3_s2,exact,0,0,0,600,OPTIMAL,101647.00,101647.00,0.00000000,0.73,0.84,-1.00,-1.00,-1.00,0,-1.00,101647.00,1,13.0.2,logs/kstar_nI20_nJ40_nK100_nL10_tI3_tJ3_s2_m0_exact_s0_20260715-204735.gurobi.log
20260715-204736,kstar_nI20_nJ40_nK100_nL10_tI3_tJ3_s3,exact,0,0,0,600,OPTIMAL,94002.00,94002.00,0.00000000,0.63,0.75,-1.00,-1.00,-1.00,0,-1.00,94002.00,1,13.0.2,logs/kstar_nI20_nJ40_nK100_nL10_tI3_tJ3_s3_m0_exact_s0_20260715-204736.gurobi.log
20260715-204736,kstar_nI20_nJ40_nK100_nL10_tI3_tJ3_s4,exact,0,0,0,600,OPTIMAL,97492.00,97492.00,0.00000000,0.63,0.74,-1.00,-1.00,-1.00,0,-1.00,97492.00,1,13.0.2,logs/kstar_nI20_nJ40_nK100_nL10_tI3_tJ3_s4_m0_exact_s0_20260715-204736.gurobi.log
20260715-204737,kstar_nI20_nJ40_nK100_nL10_tI3_tJ3_s5,exact,0,0,0,600,OPTIMAL,97706.00,97706.00,0.00000000,0.90,1.02,-1.00,-1.00,-1.00,0,-1.00,97706.00,1,13.0.2,logs/kstar_nI20_nJ40_nK100_nL10_tI3_tJ3_s5_m0_exact_s0_20260715-204737.gurobi.log
20260715-204738,kstar_nI20_nJ40_nK100_nL10_tI4_tJ4_s1,exact,0,0,0,600,OPTIMAL,94285.00,94285.00,0.00000000,0.70,0.82,-1.00,-1.00,-1.00,0,-1.00,94285.00,1,13.0.2,logs/kstar_nI20_nJ40_nK100_nL10_tI4_tJ4_s1_m0_exact_s0_20260715-204738.gurobi.log
20260715-204739,kstar_nI20_nJ40_nK100_nL10_tI4_tJ4_s2,exact,0,0,0,600,OPTIMAL,101460.00,101460.00,0.00000000,0.76,0.88,-1.00,-1.00,-1.00,0,-1.00,101460.00,1,13.0.2,logs/kstar_nI20_nJ40_nK100_nL10_tI4_tJ4_s2_m0_exact_s0_20260715-204739.gurobi.log
20260715-204740,kstar_nI20_nJ40_nK100_nL10_tI4_tJ4_s3,exact,0,0,0,600,OPTIMAL,99108.00,99108.00,0.00000000,0.77,0.91,-1.00,-1.00,-1.00,0,-1.00,99108.00,1,13.0.2,logs/kstar_nI20_nJ40_nK100_nL10_tI4_tJ4_s3_m0_exact_s0_20260715-204740.gurobi.log
20260715-204741,kstar_nI20_nJ40_nK100_nL10_tI4_tJ4_s4,exact,0,0,0,600,OPTIMAL,101781.00,101781.00,0.00000000,0.74,0.87,-1.00,-1.00,-1.00,0,-1.00,101781.00,1,13.0.2,logs/kstar_nI20_nJ40_nK100_nL10_tI4_tJ4_s4_m0_exact_s0_20260715-204741.gurobi.log
20260715-204742,kstar_nI20_nJ40_nK100_nL10_tI4_tJ4_s5,exact,0,0,0,600,OPTIMAL,98991.00,98991.00,0.00000000,0.79,0.92,-1.00,-1.00,-1.00,0,-1.00,98991.00,1,13.0.2,logs/kstar_nI20_nJ40_nK100_nL10_tI4_tJ4_s5_m0_exact_s0_20260715-204742.gurobi.log
20260715-204743,kstar_nI20_nJ40_nK100_nL10_tI5_tJ5_s1,exact,0,0,0,600,OPTIMAL,98555.00,98555.00,0.00000000,0.67,0.79,-1.00,-1.00,-1.00,0,-1.00,98555.00,1,13.0.2,logs/kstar_nI20_nJ40_nK100_nL10_tI5_tJ5_s1_m0_exact_s0_20260715-204743.gurobi.log
20260715-204744,kstar_nI20_nJ40_nK100_nL10_tI5_tJ5_s2,exact,0,0,0,600,OPTIMAL,101023.00,101023.00,0.00000000,0.76,0.89,-1.00,-1.00,-1.00,0,-1.00,101023.00,1,13.0.2,logs/kstar_nI20_nJ40_nK100_nL10_tI5_tJ5_s2_m0_exact_s0_20260715-204744.gurobi.log
20260715-204745,kstar_nI20_nJ40_nK100_nL10_tI5_tJ5_s3,exact,0,0,0,600,OPTIMAL,99498.00,99498.00,0.00000000,0.78,0.90,-1.00,-1.00,-1.00,0,-1.00,99498.00,1,13.0.2,logs/kstar_nI20_nJ40_nK100_nL10_tI5_tJ5_s3_m0_exact_s0_20260715-204745.gurobi.log
20260715-204746,kstar_nI20_nJ40_nK100_nL10_tI5_tJ5_s4,exact,0,0,0,600,OPTIMAL,103691.00,103691.00,0.00000000,1.00,1.14,-1.00,-1.00,-1.00,0,-1.00,103691.00,1,13.0.2,logs/kstar_nI20_nJ40_nK100_nL10_tI5_tJ5_s4_m0_exact_s0_20260715-204746.gurobi.log
20260715-204747,kstar_nI20_nJ40_nK100_nL10_tI5_tJ5_s5,exact,0,0,0,600,OPTIMAL,95683.00,95682.50,0.00000518,0.76,0.89,-1.00,-1.00,-1.00,0,-1.00,95683.00,1,13.0.2,logs/kstar_nI20_nJ40_nK100_nL10_tI5_tJ5_s5_m0_exact_s0_20260715-204747.gurobi.log
20260715-204748,kstar_nI20_nJ40_nK100_nL10_tI6_tJ6_s1,exact,0,0,0,600,OPTIMAL,97611.00,97611.00,0.00000000,0.58,0.72,-1.00,-1.00,-1.00,0,-1.00,97611.00,1,13.0.2,logs/kstar_nI20_nJ40_nK100_nL10_tI6_tJ6_s1_m0_exact_s0_20260715-204748.gurobi.log
20260715-204749,kstar_nI20_nJ40_nK100_nL10_tI6_tJ6_s2,exact,0,0,0,600,OPTIMAL,97557.00,97557.00,0.00000000,0.70,0.82,-1.00,-1.00,-1.00,0,-1.00,97557.00,1,13.0.2,logs/kstar_nI20_nJ40_nK100_nL10_tI6_tJ6_s2_m0_exact_s0_20260715-204749.gurobi.log
20260715-204749,kstar_nI20_nJ40_nK100_nL10_tI6_tJ6_s3,exact,0,0,0,600,OPTIMAL,96580.00,96580.00,0.00000000,0.84,0.97,-1.00,-1.00,-1.00,0,-1.00,96580.00,1,13.0.2,logs/kstar_nI20_nJ40_nK100_nL10_tI6_tJ6_s3_m0_exact_s0_20260715-204749.gurobi.log
20260715-204750,kstar_nI20_nJ40_nK100_nL10_tI6_tJ6_s4,exact,0,0,0,600,OPTIMAL,98036.00,98036.00,0.00000000,0.92,1.04,-1.00,-1.00,-1.00,0,-1.00,98036.00,1,13.0.2,logs/kstar_nI20_nJ40_nK100_nL10_tI6_tJ6_s4_m0_exact_s0_20260715-204750.gurobi.log
20260715-204752,kstar_nI20_nJ40_nK100_nL10_tI6_tJ6_s5,exact,0,0,0,600,OPTIMAL,97203.00,97203.00,0.00000000,0.77,0.90,-1.00,-1.00,-1.00,0,-1.00,97203.00,1,13.0.2,logs/kstar_nI20_nJ40_nK100_nL10_tI6_tJ6_s5_m0_exact_s0_20260715-204752.gurobi.log
20260715-204752,kstar_nI20_nJ40_nK100_nL5_tI2_tJ2_s1,exact,0,0,0,600,OPTIMAL,57780.00,57780.00,0.00000000,1.01,1.07,-1.00,-1.00,-1.00,0,-1.00,57780.00,1,13.0.2,logs/kstar_nI20_nJ40_nK100_nL5_tI2_tJ2_s1_m0_exact_s0_20260715-204752.gurobi.log
20260715-204754,kstar_nI20_nJ40_nK100_nL5_tI2_tJ2_s2,exact,0,0,0,600,OPTIMAL,57640.00,57640.00,0.00000000,0.71,0.76,-1.00,-1.00,-1.00,0,-1.00,57640.00,1,13.0.2,logs/kstar_nI20_nJ40_nK100_nL5_tI2_tJ2_s2_m0_exact_s0_20260715-204754.gurobi.log
20260715-204754,kstar_nI20_nJ40_nK100_nL5_tI2_tJ2_s3,exact,0,0,0,600,OPTIMAL,56757.00,56757.00,0.00000000,0.57,0.62,-1.00,-1.00,-1.00,0,-1.00,56757.00,1,13.0.2,logs/kstar_nI20_nJ40_nK100_nL5_tI2_tJ2_s3_m0_exact_s0_20260715-204754.gurobi.log
20260715-204755,kstar_nI20_nJ40_nK100_nL5_tI2_tJ2_s4,exact,0,0,0,600,OPTIMAL,56092.00,56091.12,0.00001569,0.76,0.82,-1.00,-1.00,-1.00,0,-1.00,56092.00,1,13.0.2,logs/kstar_nI20_nJ40_nK100_nL5_tI2_tJ2_s4_m0_exact_s0_20260715-204755.gurobi.log
20260715-204756,kstar_nI20_nJ40_nK100_nL5_tI2_tJ2_s5,exact,0,0,0,600,OPTIMAL,56464.00,56464.00,0.00000000,0.89,0.95,-1.00,-1.00,-1.00,0,-1.00,56464.00,1,13.0.2,logs/kstar_nI20_nJ40_nK100_nL5_tI2_tJ2_s5_m0_exact_s0_20260715-204756.gurobi.log
20260715-204757,kstar_nI20_nJ40_nK100_nL5_tI3_tJ3_s1,exact,0,0,0,600,OPTIMAL,55618.00,55618.00,0.00000000,0.63,0.68,-1.00,-1.00,-1.00,0,-1.00,55618.00,1,13.0.2,logs/kstar_nI20_nJ40_nK100_nL5_tI3_tJ3_s1_m0_exact_s0_20260715-204757.gurobi.log
20260715-204758,kstar_nI20_nJ40_nK100_nL5_tI3_tJ3_s2,exact,0,0,0,600,OPTIMAL,53789.00,53789.00,0.00000000,0.50,0.56,-1.00,-1.00,-1.00,0,-1.00,53789.00,1,13.0.2,logs/kstar_nI20_nJ40_nK100_nL5_tI3_tJ3_s2_m0_exact_s0_20260715-204758.gurobi.log
20260715-204758,kstar_nI20_nJ40_nK100_nL5_tI3_tJ3_s3,exact,0,0,0,600,OPTIMAL,52688.00,52688.00,0.00000000,0.74,0.80,-1.00,-1.00,-1.00,0,-1.00,52688.00,1,13.0.2,logs/kstar_nI20_nJ40_nK100_nL5_tI3_tJ3_s3_m0_exact_s0_20260715-204758.gurobi.log
20260715-204759,kstar_nI20_nJ40_nK100_nL5_tI3_tJ3_s4,exact,0,0,0,600,OPTIMAL,58569.00,58569.00,0.00000000,0.91,0.97,-1.00,-1.00,-1.00,0,-1.00,58569.00,1,13.0.2,logs/kstar_nI20_nJ40_nK100_nL5_tI3_tJ3_s4_m0_exact_s0_20260715-204759.gurobi.log
20260715-204800,kstar_nI20_nJ40_nK100_nL5_tI3_tJ3_s5,exact,0,0,0,600,OPTIMAL,56208.00,56208.00,0.00000000,0.69,0.75,-1.00,-1.00,-1.00,0,-1.00,56208.00,1,13.0.2,logs/kstar_nI20_nJ40_nK100_nL5_tI3_tJ3_s5_m0_exact_s0_20260715-204800.gurobi.log
20260715-204801,kstar_nI20_nJ40_nK100_nL5_tI4_tJ4_s1,exact,0,0,0,600,OPTIMAL,56727.00,56727.00,0.00000000,0.79,0.85,-1.00,-1.00,-1.00,0,-1.00,56727.00,1,13.0.2,logs/kstar_nI20_nJ40_nK100_nL5_tI4_tJ4_s1_m0_exact_s0_20260715-204801.gurobi.log
20260715-204802,kstar_nI20_nJ40_nK100_nL5_tI4_tJ4_s2,exact,0,0,0,600,OPTIMAL,55642.00,55642.00,0.00000000,0.66,0.71,-1.00,-1.00,-1.00,0,-1.00,55642.00,1,13.0.2,logs/kstar_nI20_nJ40_nK100_nL5_tI4_tJ4_s2_m0_exact_s0_20260715-204802.gurobi.log
20260715-204803,kstar_nI20_nJ40_nK100_nL5_tI4_tJ4_s3,exact,0,0,0,600,OPTIMAL,57265.00,57265.00,0.00000000,0.66,0.72,-1.00,-1.00,-1.00,0,-1.00,57265.00,1,13.0.2,logs/kstar_nI20_nJ40_nK100_nL5_tI4_tJ4_s3_m0_exact_s0_20260715-204803.gurobi.log
20260715-204803,kstar_nI20_nJ40_nK100_nL5_tI4_tJ4_s4,exact,0,0,0,600,OPTIMAL,58569.00,58569.00,0.00000000,0.64,0.70,-1.00,-1.00,-1.00,0,-1.00,58569.00,1,13.0.2,logs/kstar_nI20_nJ40_nK100_nL5_tI4_tJ4_s4_m0_exact_s0_20260715-204803.gurobi.log
20260715-204804,kstar_nI20_nJ40_nK100_nL5_tI4_tJ4_s5,exact,0,0,0,600,OPTIMAL,53745.00,53745.00,0.00000000,0.79,0.85,-1.00,-1.00,-1.00,0,-1.00,53745.00,1,13.0.2,logs/kstar_nI20_nJ40_nK100_nL5_tI4_tJ4_s5_m0_exact_s0_20260715-204804.gurobi.log
20260715-204805,kstar_nI20_nJ40_nK100_nL5_tI5_tJ5_s1,exact,0,0,0,600,OPTIMAL,55620.00,55620.00,0.00000000,0.58,0.64,-1.00,-1.00,-1.00,0,-1.00,55620.00,1,13.0.2,logs/kstar_nI20_nJ40_nK100_nL5_tI5_tJ5_s1_m0_exact_s0_20260715-204805.gurobi.log
20260715-204806,kstar_nI20_nJ40_nK100_nL5_tI5_tJ5_s2,exact,0,0,0,600,OPTIMAL,53914.00,53914.00,0.00000000,0.64,0.70,-1.00,-1.00,-1.00,0,-1.00,53914.00,1,13.0.2,logs/kstar_nI20_nJ40_nK100_nL5_tI5_tJ5_s2_m0_exact_s0_20260715-204806.gurobi.log
20260715-204806,kstar_nI20_nJ40_nK100_nL5_tI5_tJ5_s3,exact,0,0,0,600,OPTIMAL,60477.00,60476.23,0.00001274,0.47,0.53,-1.00,-1.00,-1.00,0,-1.00,60477.00,1,13.0.2,logs/kstar_nI20_nJ40_nK100_nL5_tI5_tJ5_s3_m0_exact_s0_20260715-204806.gurobi.log
20260715-204807,kstar_nI20_nJ40_nK100_nL5_tI5_tJ5_s4,exact,0,0,0,600,OPTIMAL,60140.00,60140.00,0.00000000,0.54,0.60,-1.00,-1.00,-1.00,0,-1.00,60140.00,1,13.0.2,logs/kstar_nI20_nJ40_nK100_nL5_tI5_tJ5_s4_m0_exact_s0_20260715-204807.gurobi.log
20260715-204808,kstar_nI20_nJ40_nK100_nL5_tI5_tJ5_s5,exact,0,0,0,600,OPTIMAL,55270.00,55270.00,0.00000000,0.69,0.75,-1.00,-1.00,-1.00,0,-1.00,55270.00,1,13.0.2,logs/kstar_nI20_nJ40_nK100_nL5_tI5_tJ5_s5_m0_exact_s0_20260715-204808.gurobi.log
20260715-204808,kstar_nI20_nJ40_nK100_nL5_tI6_tJ6_s1,exact,0,0,0,600,OPTIMAL,59397.00,59397.00,0.00000000,0.48,0.54,-1.00,-1.00,-1.00,0,-1.00,59397.00,1,13.0.2,logs/kstar_nI20_nJ40_nK100_nL5_tI6_tJ6_s1_m0_exact_s0_20260715-204808.gurobi.log
20260715-204809,kstar_nI20_nJ40_nK100_nL5_tI6_tJ6_s2,exact,0,0,0,600,OPTIMAL,55923.00,55923.00,0.00000000,0.65,0.71,-1.00,-1.00,-1.00,0,-1.00,55923.00,1,13.0.2,logs/kstar_nI20_nJ40_nK100_nL5_tI6_tJ6_s2_m0_exact_s0_20260715-204809.gurobi.log
20260715-204810,kstar_nI20_nJ40_nK100_nL5_tI6_tJ6_s3,exact,0,0,0,600,OPTIMAL,55811.00,55811.00,0.00000000,0.77,0.83,-1.00,-1.00,-1.00,0,-1.00,55811.00,1,13.0.2,logs/kstar_nI20_nJ40_nK100_nL5_tI6_tJ6_s3_m0_exact_s0_20260715-204810.gurobi.log
20260715-204811,kstar_nI20_nJ40_nK100_nL5_tI6_tJ6_s4,exact,0,0,0,600,OPTIMAL,55047.00,55047.00,0.00000000,0.57,0.64,-1.00,-1.00,-1.00,0,-1.00,55047.00,1,13.0.2,logs/kstar_nI20_nJ40_nK100_nL5_tI6_tJ6_s4_m0_exact_s0_20260715-204811.gurobi.log
20260715-204811,kstar_nI20_nJ40_nK100_nL5_tI6_tJ6_s5,exact,0,0,0,600,OPTIMAL,59484.00,59484.00,0.00000000,1.00,1.06,-1.00,-1.00,-1.00,0,-1.00,59484.00,1,13.0.2,logs/kstar_nI20_nJ40_nK100_nL5_tI6_tJ6_s5_m0_exact_s0_20260715-204811.gurobi.log
20260715-204812,kstar_nI20_nJ40_nK50_nL10_tI2_tJ2_s1,exact,0,0,0,600,OPTIMAL,57550.00,57550.00,0.00000000,0.80,0.86,-1.00,-1.00,-1.00,0,-1.00,57550.00,1,13.0.2,logs/kstar_nI20_nJ40_nK50_nL10_tI2_tJ2_s1_m0_exact_s0_20260715-204812.gurobi.log
20260715-204813,kstar_nI20_nJ40_nK50_nL10_tI2_tJ2_s2,exact,0,0,0,600,OPTIMAL,58277.00,58277.00,0.00000000,0.78,0.84,-1.00,-1.00,-1.00,0,-1.00,58277.00,1,13.0.2,logs/kstar_nI20_nJ40_nK50_nL10_tI2_tJ2_s2_m0_exact_s0_20260715-204813.gurobi.log
20260715-204814,kstar_nI20_nJ40_nK50_nL10_tI2_tJ2_s3,exact,0,0,0,600,OPTIMAL,57580.00,57580.00,0.00000000,0.85,0.90,-1.00,-1.00,-1.00,0,-1.00,57580.00,1,13.0.2,logs/kstar_nI20_nJ40_nK50_nL10_tI2_tJ2_s3_m0_exact_s0_20260715-204814.gurobi.log
20260715-204815,kstar_nI20_nJ40_nK50_nL10_tI2_tJ2_s4,exact,0,0,0,600,OPTIMAL,55526.00,55525.92,0.00000150,0.57,0.63,-1.00,-1.00,-1.00,0,-1.00,55526.00,1,13.0.2,logs/kstar_nI20_nJ40_nK50_nL10_tI2_tJ2_s4_m0_exact_s0_20260715-204815.gurobi.log
20260715-204816,kstar_nI20_nJ40_nK50_nL10_tI2_tJ2_s5,exact,0,0,0,600,OPTIMAL,53523.00,53523.00,0.00000000,0.40,0.45,-1.00,-1.00,-1.00,0,-1.00,53523.00,1,13.0.2,logs/kstar_nI20_nJ40_nK50_nL10_tI2_tJ2_s5_m0_exact_s0_20260715-204816.gurobi.log
20260715-204816,kstar_nI20_nJ40_nK50_nL10_tI3_tJ3_s1,exact,0,0,0,600,OPTIMAL,56114.00,56114.00,0.00000000,0.52,0.57,-1.00,-1.00,-1.00,0,-1.00,56114.00,1,13.0.2,logs/kstar_nI20_nJ40_nK50_nL10_tI3_tJ3_s1_m0_exact_s0_20260715-204816.gurobi.log
20260715-204817,kstar_nI20_nJ40_nK50_nL10_tI3_tJ3_s2,exact,0,0,0,600,OPTIMAL,59060.00,59060.00,0.00000000,0.49,0.54,-1.00,-1.00,-1.00,0,-1.00,59060.00,1,13.0.2,logs/kstar_nI20_nJ40_nK50_nL10_tI3_tJ3_s2_m0_exact_s0_20260715-204817.gurobi.log
20260715-204817,kstar_nI20_nJ40_nK50_nL10_tI3_tJ3_s3,exact,0,0,0,600,OPTIMAL,57695.00,57695.00,0.00000000,1.07,1.13,-1.00,-1.00,-1.00,0,-1.00,57695.00,1,13.0.2,logs/kstar_nI20_nJ40_nK50_nL10_tI3_tJ3_s3_m0_exact_s0_20260715-204817.gurobi.log
20260715-204819,kstar_nI20_nJ40_nK50_nL10_tI3_tJ3_s4,exact,0,0,0,600,OPTIMAL,56498.00,56498.00,0.00000000,0.63,0.69,-1.00,-1.00,-1.00,0,-1.00,56498.00,1,13.0.2,logs/kstar_nI20_nJ40_nK50_nL10_tI3_tJ3_s4_m0_exact_s0_20260715-204819.gurobi.log
20260715-204819,kstar_nI20_nJ40_nK50_nL10_tI3_tJ3_s5,exact,0,0,0,600,OPTIMAL,56998.00,56998.00,0.00000000,0.45,0.51,-1.00,-1.00,-1.00,0,-1.00,56998.00,1,13.0.2,logs/kstar_nI20_nJ40_nK50_nL10_tI3_tJ3_s5_m0_exact_s0_20260715-204819.gurobi.log
20260715-204820,kstar_nI20_nJ40_nK50_nL10_tI4_tJ4_s1,exact,0,0,0,600,OPTIMAL,56163.00,56162.62,0.00000685,0.68,0.73,-1.00,-1.00,-1.00,0,-1.00,56163.00,1,13.0.2,logs/kstar_nI20_nJ40_nK50_nL10_tI4_tJ4_s1_m0_exact_s0_20260715-204820.gurobi.log
20260715-204821,kstar_nI20_nJ40_nK50_nL10_tI4_tJ4_s2,exact,0,0,0,600,OPTIMAL,58522.00,58522.00,0.00000000,0.50,0.55,-1.00,-1.00,-1.00,0,-1.00,58522.00,1,13.0.2,logs/kstar_nI20_nJ40_nK50_nL10_tI4_tJ4_s2_m0_exact_s0_20260715-204821.gurobi.log
20260715-204821,kstar_nI20_nJ40_nK50_nL10_tI4_tJ4_s3,exact,0,0,0,600,OPTIMAL,58012.00,58012.00,0.00000000,0.49,0.54,-1.00,-1.00,-1.00,0,-1.00,58012.00,1,13.0.2,logs/kstar_nI20_nJ40_nK50_nL10_tI4_tJ4_s3_m0_exact_s0_20260715-204821.gurobi.log
20260715-204822,kstar_nI20_nJ40_nK50_nL10_tI4_tJ4_s4,exact,0,0,0,600,OPTIMAL,56345.00,56345.00,0.00000000,0.66,0.71,-1.00,-1.00,-1.00,0,-1.00,56345.00,1,13.0.2,logs/kstar_nI20_nJ40_nK50_nL10_tI4_tJ4_s4_m0_exact_s0_20260715-204822.gurobi.log
20260715-204823,kstar_nI20_nJ40_nK50_nL10_tI4_tJ4_s5,exact,0,0,0,600,OPTIMAL,55740.00,55740.00,0.00000000,0.51,0.56,-1.00,-1.00,-1.00,0,-1.00,55740.00,1,13.0.2,logs/kstar_nI20_nJ40_nK50_nL10_tI4_tJ4_s5_m0_exact_s0_20260715-204823.gurobi.log
20260715-204823,kstar_nI20_nJ40_nK50_nL10_tI5_tJ5_s1,exact,0,0,0,600,OPTIMAL,56186.00,56186.00,0.00000000,0.53,0.58,-1.00,-1.00,-1.00,0,-1.00,56186.00,1,13.0.2,logs/kstar_nI20_nJ40_nK50_nL10_tI5_tJ5_s1_m0_exact_s0_20260715-204823.gurobi.log
20260715-204824,kstar_nI20_nJ40_nK50_nL10_tI5_tJ5_s2,exact,0,0,0,600,OPTIMAL,56827.00,56827.00,0.00000000,0.46,0.52,-1.00,-1.00,-1.00,0,-1.00,56827.00,1,13.0.2,logs/kstar_nI20_nJ40_nK50_nL10_tI5_tJ5_s2_m0_exact_s0_20260715-204824.gurobi.log
20260715-204824,kstar_nI20_nJ40_nK50_nL10_tI5_tJ5_s3,exact,0,0,0,600,OPTIMAL,55070.00,55070.00,0.00000000,0.71,0.76,-1.00,-1.00,-1.00,0,-1.00,55070.00,1,13.0.2,logs/kstar_nI20_nJ40_nK50_nL10_tI5_tJ5_s3_m0_exact_s0_20260715-204824.gurobi.log
20260715-204825,kstar_nI20_nJ40_nK50_nL10_tI5_tJ5_s4,exact,0,0,0,600,OPTIMAL,55450.00,55450.00,0.00000000,0.51,0.56,-1.00,-1.00,-1.00,0,-1.00,55450.00,1,13.0.2,logs/kstar_nI20_nJ40_nK50_nL10_tI5_tJ5_s4_m0_exact_s0_20260715-204825.gurobi.log
20260715-204826,kstar_nI20_nJ40_nK50_nL10_tI5_tJ5_s5,exact,0,0,0,600,OPTIMAL,54772.00,54772.00,0.00000000,0.39,0.44,-1.00,-1.00,-1.00,0,-1.00,54772.00,1,13.0.2,logs/kstar_nI20_nJ40_nK50_nL10_tI5_tJ5_s5_m0_exact_s0_20260715-204826.gurobi.log
20260715-204826,kstar_nI20_nJ40_nK50_nL10_tI6_tJ6_s1,exact,0,0,0,600,OPTIMAL,56576.00,56576.00,0.00000000,0.86,0.91,-1.00,-1.00,-1.00,0,-1.00,56576.00,1,13.0.2,logs/kstar_nI20_nJ40_nK50_nL10_tI6_tJ6_s1_m0_exact_s0_20260715-204826.gurobi.log
20260715-204827,kstar_nI20_nJ40_nK50_nL10_tI6_tJ6_s2,exact,0,0,0,600,OPTIMAL,59524.00,59524.00,0.00000000,0.66,0.71,-1.00,-1.00,-1.00,0,-1.00,59524.00,1,13.0.2,logs/kstar_nI20_nJ40_nK50_nL10_tI6_tJ6_s2_m0_exact_s0_20260715-204827.gurobi.log
20260715-204828,kstar_nI20_nJ40_nK50_nL10_tI6_tJ6_s3,exact,0,0,0,600,OPTIMAL,59238.00,59238.00,0.00000000,0.54,0.59,-1.00,-1.00,-1.00,0,-1.00,59238.00,1,13.0.2,logs/kstar_nI20_nJ40_nK50_nL10_tI6_tJ6_s3_m0_exact_s0_20260715-204828.gurobi.log
20260715-204829,kstar_nI20_nJ40_nK50_nL10_tI6_tJ6_s4,exact,0,0,0,600,OPTIMAL,58165.00,58165.00,0.00000000,0.73,0.79,-1.00,-1.00,-1.00,0,-1.00,58165.00,1,13.0.2,logs/kstar_nI20_nJ40_nK50_nL10_tI6_tJ6_s4_m0_exact_s0_20260715-204829.gurobi.log
20260715-204829,kstar_nI20_nJ40_nK50_nL10_tI6_tJ6_s5,exact,0,0,0,600,OPTIMAL,57961.00,57961.00,0.00000000,0.65,0.70,-1.00,-1.00,-1.00,0,-1.00,57961.00,1,13.0.2,logs/kstar_nI20_nJ40_nK50_nL10_tI6_tJ6_s5_m0_exact_s0_20260715-204829.gurobi.log
20260715-204830,kstar_nI20_nJ40_nK50_nL5_tI2_tJ2_s1,exact,0,0,0,600,OPTIMAL,32798.00,32798.00,0.00000000,0.97,1.00,-1.00,-1.00,-1.00,0,-1.00,32798.00,1,13.0.2,logs/kstar_nI20_nJ40_nK50_nL5_tI2_tJ2_s1_m0_exact_s0_20260715-204830.gurobi.log
20260715-204831,kstar_nI20_nJ40_nK50_nL5_tI2_tJ2_s2,exact,0,0,0,600,OPTIMAL,33242.00,33242.00,0.00000000,0.73,0.76,-1.00,-1.00,-1.00,0,-1.00,33242.00,1,13.0.2,logs/kstar_nI20_nJ40_nK50_nL5_tI2_tJ2_s2_m0_exact_s0_20260715-204831.gurobi.log
20260715-204832,kstar_nI20_nJ40_nK50_nL5_tI2_tJ2_s3,exact,0,0,0,600,OPTIMAL,33024.00,33024.00,0.00000000,0.79,0.82,-1.00,-1.00,-1.00,0,-1.00,33024.00,1,13.0.2,logs/kstar_nI20_nJ40_nK50_nL5_tI2_tJ2_s3_m0_exact_s0_20260715-204832.gurobi.log
20260715-204833,kstar_nI20_nJ40_nK50_nL5_tI2_tJ2_s4,exact,0,0,0,600,OPTIMAL,33455.00,33455.00,0.00000000,0.71,0.74,-1.00,-1.00,-1.00,0,-1.00,33455.00,1,13.0.2,logs/kstar_nI20_nJ40_nK50_nL5_tI2_tJ2_s4_m0_exact_s0_20260715-204833.gurobi.log
20260715-204834,kstar_nI20_nJ40_nK50_nL5_tI2_tJ2_s5,exact,0,0,0,600,OPTIMAL,34653.00,34653.00,0.00000000,0.67,0.70,-1.00,-1.00,-1.00,0,-1.00,34653.00,1,13.0.2,logs/kstar_nI20_nJ40_nK50_nL5_tI2_tJ2_s5_m0_exact_s0_20260715-204834.gurobi.log
20260715-204834,kstar_nI20_nJ40_nK50_nL5_tI3_tJ3_s1,exact,0,0,0,600,OPTIMAL,34868.00,34868.00,0.00000000,1.14,1.17,-1.00,-1.00,-1.00,0,-1.00,34868.00,1,13.0.2,logs/kstar_nI20_nJ40_nK50_nL5_tI3_tJ3_s1_m0_exact_s0_20260715-204834.gurobi.log
20260715-204836,kstar_nI20_nJ40_nK50_nL5_tI3_tJ3_s2,exact,0,0,0,600,OPTIMAL,33138.00,33138.00,0.00000000,0.59,0.62,-1.00,-1.00,-1.00,0,-1.00,33138.00,1,13.0.2,logs/kstar_nI20_nJ40_nK50_nL5_tI3_tJ3_s2_m0_exact_s0_20260715-204836.gurobi.log
20260715-204836,kstar_nI20_nJ40_nK50_nL5_tI3_tJ3_s3,exact,0,0,0,600,OPTIMAL,34691.00,34691.00,0.00000000,1.41,1.44,-1.00,-1.00,-1.00,0,-1.00,34691.00,1,13.0.2,logs/kstar_nI20_nJ40_nK50_nL5_tI3_tJ3_s3_m0_exact_s0_20260715-204836.gurobi.log
20260715-204838,kstar_nI20_nJ40_nK50_nL5_tI3_tJ3_s4,exact,0,0,0,600,OPTIMAL,35860.00,35860.00,0.00000000,0.95,0.98,-1.00,-1.00,-1.00,0,-1.00,35860.00,1,13.0.2,logs/kstar_nI20_nJ40_nK50_nL5_tI3_tJ3_s4_m0_exact_s0_20260715-204838.gurobi.log
20260715-204839,kstar_nI20_nJ40_nK50_nL5_tI3_tJ3_s5,exact,0,0,0,600,OPTIMAL,35002.00,35002.00,0.00000000,0.74,0.77,-1.00,-1.00,-1.00,0,-1.00,35002.00,1,13.0.2,logs/kstar_nI20_nJ40_nK50_nL5_tI3_tJ3_s5_m0_exact_s0_20260715-204839.gurobi.log
20260715-204839,kstar_nI20_nJ40_nK50_nL5_tI4_tJ4_s1,exact,0,0,0,600,OPTIMAL,31771.00,31771.00,0.00000000,0.84,0.88,-1.00,-1.00,-1.00,0,-1.00,31771.00,1,13.0.2,logs/kstar_nI20_nJ40_nK50_nL5_tI4_tJ4_s1_m0_exact_s0_20260715-204839.gurobi.log
20260715-204840,kstar_nI20_nJ40_nK50_nL5_tI4_tJ4_s2,exact,0,0,0,600,OPTIMAL,33329.00,33329.00,0.00000000,1.21,1.24,-1.00,-1.00,-1.00,0,-1.00,33329.00,1,13.0.2,logs/kstar_nI20_nJ40_nK50_nL5_tI4_tJ4_s2_m0_exact_s0_20260715-204840.gurobi.log
20260715-204842,kstar_nI20_nJ40_nK50_nL5_tI4_tJ4_s3,exact,0,0,0,600,OPTIMAL,34919.00,34919.00,0.00000000,0.85,0.88,-1.00,-1.00,-1.00,0,-1.00,34919.00,1,13.0.2,logs/kstar_nI20_nJ40_nK50_nL5_tI4_tJ4_s3_m0_exact_s0_20260715-204842.gurobi.log
20260715-204843,kstar_nI20_nJ40_nK50_nL5_tI4_tJ4_s4,exact,0,0,0,600,OPTIMAL,33160.00,33160.00,0.00000000,1.08,1.11,-1.00,-1.00,-1.00,0,-1.00,33160.00,1,13.0.2,logs/kstar_nI20_nJ40_nK50_nL5_tI4_tJ4_s4_m0_exact_s0_20260715-204843.gurobi.log
20260715-204844,kstar_nI20_nJ40_nK50_nL5_tI4_tJ4_s5,exact,0,0,0,600,OPTIMAL,33969.00,33969.00,0.00000000,0.68,0.71,-1.00,-1.00,-1.00,0,-1.00,33969.00,1,13.0.2,logs/kstar_nI20_nJ40_nK50_nL5_tI4_tJ4_s5_m0_exact_s0_20260715-204844.gurobi.log
20260715-204844,kstar_nI20_nJ40_nK50_nL5_tI5_tJ5_s1,exact,0,0,0,600,OPTIMAL,36372.00,36372.00,0.00000000,0.74,0.77,-1.00,-1.00,-1.00,0,-1.00,36372.00,1,13.0.2,logs/kstar_nI20_nJ40_nK50_nL5_tI5_tJ5_s1_m0_exact_s0_20260715-204844.gurobi.log
20260715-204845,kstar_nI20_nJ40_nK50_nL5_tI5_tJ5_s2,exact,0,0,0,600,OPTIMAL,36473.00,36473.00,0.00000000,1.08,1.11,-1.00,-1.00,-1.00,0,-1.00,36473.00,1,13.0.2,logs/kstar_nI20_nJ40_nK50_nL5_tI5_tJ5_s2_m0_exact_s0_20260715-204845.gurobi.log
20260715-204846,kstar_nI20_nJ40_nK50_nL5_tI5_tJ5_s3,exact,0,0,0,600,OPTIMAL,33652.00,33652.00,0.00000000,0.43,0.46,-1.00,-1.00,-1.00,0,-1.00,33652.00,1,13.0.2,logs/kstar_nI20_nJ40_nK50_nL5_tI5_tJ5_s3_m0_exact_s0_20260715-204846.gurobi.log
20260715-204847,kstar_nI20_nJ40_nK50_nL5_tI5_tJ5_s4,exact,0,0,0,600,OPTIMAL,34204.00,34204.00,0.00000000,0.90,0.93,-1.00,-1.00,-1.00,0,-1.00,34204.00,1,13.0.2,logs/kstar_nI20_nJ40_nK50_nL5_tI5_tJ5_s4_m0_exact_s0_20260715-204847.gurobi.log
20260715-204848,kstar_nI20_nJ40_nK50_nL5_tI5_tJ5_s5,exact,0,0,0,600,OPTIMAL,34089.00,34089.00,0.00000000,0.82,0.85,-1.00,-1.00,-1.00,0,-1.00,34089.00,1,13.0.2,logs/kstar_nI20_nJ40_nK50_nL5_tI5_tJ5_s5_m0_exact_s0_20260715-204848.gurobi.log
20260715-204849,kstar_nI20_nJ40_nK50_nL5_tI6_tJ6_s1,exact,0,0,0,600,OPTIMAL,35539.00,35539.00,0.00000000,1.03,1.06,-1.00,-1.00,-1.00,0,-1.00,35539.00,1,13.0.2,logs/kstar_nI20_nJ40_nK50_nL5_tI6_tJ6_s1_m0_exact_s0_20260715-204849.gurobi.log
20260715-204850,kstar_nI20_nJ40_nK50_nL5_tI6_tJ6_s2,exact,0,0,0,600,OPTIMAL,34827.00,34827.00,0.00000000,1.07,1.10,-1.00,-1.00,-1.00,0,-1.00,34827.00,1,13.0.2,logs/kstar_nI20_nJ40_nK50_nL5_tI6_tJ6_s2_m0_exact_s0_20260715-204850.gurobi.log
20260715-204851,kstar_nI20_nJ40_nK50_nL5_tI6_tJ6_s3,exact,0,0,0,600,OPTIMAL,35243.00,35243.00,0.00000000,0.90,0.92,-1.00,-1.00,-1.00,0,-1.00,35243.00,1,13.0.2,logs/kstar_nI20_nJ40_nK50_nL5_tI6_tJ6_s3_m0_exact_s0_20260715-204851.gurobi.log
20260715-204852,kstar_nI20_nJ40_nK50_nL5_tI6_tJ6_s4,exact,0,0,0,600,OPTIMAL,33955.00,33955.00,0.00000000,0.97,1.01,-1.00,-1.00,-1.00,0,-1.00,33955.00,1,13.0.2,logs/kstar_nI20_nJ40_nK50_nL5_tI6_tJ6_s4_m0_exact_s0_20260715-204852.gurobi.log
20260715-204853,kstar_nI20_nJ40_nK50_nL5_tI6_tJ6_s5,exact,0,0,0,600,OPTIMAL,35273.00,35273.00,0.00000000,0.70,0.73,-1.00,-1.00,-1.00,0,-1.00,35273.00,1,13.0.2,logs/kstar_nI20_nJ40_nK50_nL5_tI6_tJ6_s5_m0_exact_s0_20260715-204853.gurobi.log
20260715-204854,kstar_nI40_nJ20_nK100_nL10_tI2_tJ2_s1,exact,0,0,0,600,OPTIMAL,115304.00,115304.00,0.00000000,0.45,0.53,-1.00,-1.00,-1.00,0,-1.00,115304.00,1,13.0.2,logs/kstar_nI40_nJ20_nK100_nL10_tI2_tJ2_s1_m0_exact_s0_20260715-204854.gurobi.log
20260715-204854,kstar_nI40_nJ20_nK100_nL10_tI2_tJ2_s2,exact,0,0,0,600,OPTIMAL,113793.00,113793.00,0.00000000,0.55,0.62,-1.00,-1.00,-1.00,0,-1.00,113793.00,1,13.0.2,logs/kstar_nI40_nJ20_nK100_nL10_tI2_tJ2_s2_m0_exact_s0_20260715-204854.gurobi.log
20260715-204855,kstar_nI40_nJ20_nK100_nL10_tI2_tJ2_s3,exact,0,0,0,600,OPTIMAL,115896.00,115896.00,0.00000000,0.47,0.55,-1.00,-1.00,-1.00,0,-1.00,115896.00,1,13.0.2,logs/kstar_nI40_nJ20_nK100_nL10_tI2_tJ2_s3_m0_exact_s0_20260715-204855.gurobi.log
20260715-204856,kstar_nI40_nJ20_nK100_nL10_tI2_tJ2_s4,exact,0,0,0,600,OPTIMAL,111711.00,111711.00,0.00000000,0.61,0.68,-1.00,-1.00,-1.00,0,-1.00,111711.00,1,13.0.2,logs/kstar_nI40_nJ20_nK100_nL10_tI2_tJ2_s4_m0_exact_s0_20260715-204856.gurobi.log
20260715-204856,kstar_nI40_nJ20_nK100_nL10_tI2_tJ2_s5,exact,0,0,0,600,OPTIMAL,109767.00,109767.00,0.00000000,0.68,0.74,-1.00,-1.00,-1.00,0,-1.00,109767.00,1,13.0.2,logs/kstar_nI40_nJ20_nK100_nL10_tI2_tJ2_s5_m0_exact_s0_20260715-204856.gurobi.log
20260715-204857,kstar_nI40_nJ20_nK100_nL10_tI3_tJ3_s1,exact,0,0,0,600,OPTIMAL,116912.00,116912.00,0.00000000,0.49,0.56,-1.00,-1.00,-1.00,0,-1.00,116912.00,1,13.0.2,logs/kstar_nI40_nJ20_nK100_nL10_tI3_tJ3_s1_m0_exact_s0_20260715-204857.gurobi.log
20260715-204858,kstar_nI40_nJ20_nK100_nL10_tI3_tJ3_s2,exact,0,0,0,600,OPTIMAL,113178.00,113178.00,0.00000000,0.50,0.56,-1.00,-1.00,-1.00,0,-1.00,113178.00,1,13.0.2,logs/kstar_nI40_nJ20_nK100_nL10_tI3_tJ3_s2_m0_exact_s0_20260715-204858.gurobi.log
20260715-204858,kstar_nI40_nJ20_nK100_nL10_tI3_tJ3_s3,exact,0,0,0,600,OPTIMAL,117491.00,117491.00,0.00000000,0.51,0.58,-1.00,-1.00,-1.00,0,-1.00,117491.00,1,13.0.2,logs/kstar_nI40_nJ20_nK100_nL10_tI3_tJ3_s3_m0_exact_s0_20260715-204858.gurobi.log
20260715-204859,kstar_nI40_nJ20_nK100_nL10_tI3_tJ3_s4,exact,0,0,0,600,OPTIMAL,118580.00,118580.00,0.00000000,0.47,0.53,-1.00,-1.00,-1.00,0,-1.00,118580.00,1,13.0.2,logs/kstar_nI40_nJ20_nK100_nL10_tI3_tJ3_s4_m0_exact_s0_20260715-204859.gurobi.log
20260715-204900,kstar_nI40_nJ20_nK100_nL10_tI3_tJ3_s5,exact,0,0,0,600,OPTIMAL,109189.00,109188.16,0.00000768,0.49,0.56,-1.00,-1.00,-1.00,0,-1.00,109189.00,1,13.0.2,logs/kstar_nI40_nJ20_nK100_nL10_tI3_tJ3_s5_m0_exact_s0_20260715-204900.gurobi.log
20260715-204900,kstar_nI40_nJ20_nK100_nL10_tI4_tJ4_s1,exact,0,0,0,600,OPTIMAL,118168.00,118168.00,0.00000000,0.56,0.62,-1.00,-1.00,-1.00,0,-1.00,118168.00,1,13.0.2,logs/kstar_nI40_nJ20_nK100_nL10_tI4_tJ4_s1_m0_exact_s0_20260715-204900.gurobi.log
20260715-204901,kstar_nI40_nJ20_nK100_nL10_tI4_tJ4_s2,exact,0,0,0,600,OPTIMAL,116248.00,116248.00,0.00000000,0.47,0.53,-1.00,-1.00,-1.00,0,-1.00,116248.00,1,13.0.2,logs/kstar_nI40_nJ20_nK100_nL10_tI4_tJ4_s2_m0_exact_s0_20260715-204901.gurobi.log
20260715-204901,kstar_nI40_nJ20_nK100_nL10_tI4_tJ4_s3,exact,0,0,0,600,OPTIMAL,115183.00,115183.00,0.00000000,0.72,0.79,-1.00,-1.00,-1.00,0,-1.00,115183.00,1,13.0.2,logs/kstar_nI40_nJ20_nK100_nL10_tI4_tJ4_s3_m0_exact_s0_20260715-204901.gurobi.log
20260715-204902,kstar_nI40_nJ20_nK100_nL10_tI4_tJ4_s4,exact,0,0,0,600,OPTIMAL,112940.00,112940.00,0.00000000,0.55,0.62,-1.00,-1.00,-1.00,0,-1.00,112940.00,1,13.0.2,logs/kstar_nI40_nJ20_nK100_nL10_tI4_tJ4_s4_m0_exact_s0_20260715-204902.gurobi.log
20260715-204903,kstar_nI40_nJ20_nK100_nL10_tI4_tJ4_s5,exact,0,0,0,600,OPTIMAL,109923.00,109923.00,0.00000000,0.51,0.59,-1.00,-1.00,-1.00,0,-1.00,109923.00,1,13.0.2,logs/kstar_nI40_nJ20_nK100_nL10_tI4_tJ4_s5_m0_exact_s0_20260715-204903.gurobi.log
20260715-204903,kstar_nI40_nJ20_nK100_nL10_tI5_tJ5_s1,exact,0,0,0,600,OPTIMAL,111192.00,111192.00,0.00000000,0.42,0.50,-1.00,-1.00,-1.00,0,-1.00,111192.00,1,13.0.2,logs/kstar_nI40_nJ20_nK100_nL10_tI5_tJ5_s1_m0_exact_s0_20260715-204903.gurobi.log
20260715-204904,kstar_nI40_nJ20_nK100_nL10_tI5_tJ5_s2,exact,0,0,0,600,OPTIMAL,110710.00,110710.00,0.00000000,0.92,0.99,-1.00,-1.00,-1.00,0,-1.00,110710.00,1,13.0.2,logs/kstar_nI40_nJ20_nK100_nL10_tI5_tJ5_s2_m0_exact_s0_20260715-204904.gurobi.log
20260715-204905,kstar_nI40_nJ20_nK100_nL10_tI5_tJ5_s3,exact,0,0,0,600,OPTIMAL,109662.00,109662.00,0.00000000,0.50,0.57,-1.00,-1.00,-1.00,0,-1.00,109662.00,1,13.0.2,logs/kstar_nI40_nJ20_nK100_nL10_tI5_tJ5_s3_m0_exact_s0_20260715-204905.gurobi.log
20260715-204906,kstar_nI40_nJ20_nK100_nL10_tI5_tJ5_s4,exact,0,0,0,600,OPTIMAL,118963.00,118963.00,0.00000000,0.47,0.55,-1.00,-1.00,-1.00,0,-1.00,118963.00,1,13.0.2,logs/kstar_nI40_nJ20_nK100_nL10_tI5_tJ5_s4_m0_exact_s0_20260715-204906.gurobi.log
20260715-204906,kstar_nI40_nJ20_nK100_nL10_tI5_tJ5_s5,exact,0,0,0,600,OPTIMAL,114317.00,114317.00,0.00000000,0.47,0.54,-1.00,-1.00,-1.00,0,-1.00,114317.00,1,13.0.2,logs/kstar_nI40_nJ20_nK100_nL10_tI5_tJ5_s5_m0_exact_s0_20260715-204906.gurobi.log
20260715-204907,kstar_nI40_nJ20_nK100_nL10_tI6_tJ6_s1,exact,0,0,0,600,OPTIMAL,116785.00,116785.00,0.00000000,0.47,0.55,-1.00,-1.00,-1.00,0,-1.00,116785.00,1,13.0.2,logs/kstar_nI40_nJ20_nK100_nL10_tI6_tJ6_s1_m0_exact_s0_20260715-204907.gurobi.log
20260715-204907,kstar_nI40_nJ20_nK100_nL10_tI6_tJ6_s2,exact,0,0,0,600,OPTIMAL,114910.00,114909.92,0.00000072,0.49,0.56,-1.00,-1.00,-1.00,0,-1.00,114910.00,1,13.0.2,logs/kstar_nI40_nJ20_nK100_nL10_tI6_tJ6_s2_m0_exact_s0_20260715-204907.gurobi.log
20260715-204908,kstar_nI40_nJ20_nK100_nL10_tI6_tJ6_s3,exact,0,0,0,600,OPTIMAL,116177.00,116177.00,0.00000000,0.68,0.75,-1.00,-1.00,-1.00,0,-1.00,116177.00,1,13.0.2,logs/kstar_nI40_nJ20_nK100_nL10_tI6_tJ6_s3_m0_exact_s0_20260715-204908.gurobi.log
20260715-204909,kstar_nI40_nJ20_nK100_nL10_tI6_tJ6_s4,exact,0,0,0,600,OPTIMAL,117036.00,117035.08,0.00000790,0.85,0.90,-1.00,-1.00,-1.00,0,-1.00,117036.00,1,13.0.2,logs/kstar_nI40_nJ20_nK100_nL10_tI6_tJ6_s4_m0_exact_s0_20260715-204909.gurobi.log
20260715-204910,kstar_nI40_nJ20_nK100_nL10_tI6_tJ6_s5,exact,0,0,0,600,OPTIMAL,111419.00,111419.00,0.00000000,0.52,0.58,-1.00,-1.00,-1.00,0,-1.00,111419.00,1,13.0.2,logs/kstar_nI40_nJ20_nK100_nL10_tI6_tJ6_s5_m0_exact_s0_20260715-204910.gurobi.log
20260715-204910,kstar_nI40_nJ20_nK100_nL5_tI2_tJ2_s1,exact,0,0,0,600,OPTIMAL,65063.00,65063.00,0.00000000,0.44,0.48,-1.00,-1.00,-1.00,0,-1.00,65063.00,1,13.0.2,logs/kstar_nI40_nJ20_nK100_nL5_tI2_tJ2_s1_m0_exact_s0_20260715-204910.gurobi.log
20260715-204911,kstar_nI40_nJ20_nK100_nL5_tI2_tJ2_s2,exact,0,0,0,600,OPTIMAL,61457.00,61457.00,0.00000000,0.27,0.31,-1.00,-1.00,-1.00,0,-1.00,61457.00,1,13.0.2,logs/kstar_nI40_nJ20_nK100_nL5_tI2_tJ2_s2_m0_exact_s0_20260715-204911.gurobi.log
20260715-204911,kstar_nI40_nJ20_nK100_nL5_tI2_tJ2_s3,exact,0,0,0,600,OPTIMAL,64473.00,64472.99,0.00000011,0.35,0.38,-1.00,-1.00,-1.00,0,-1.00,64473.00,1,13.0.2,logs/kstar_nI40_nJ20_nK100_nL5_tI2_tJ2_s3_m0_exact_s0_20260715-204911.gurobi.log
20260715-204912,kstar_nI40_nJ20_nK100_nL5_tI2_tJ2_s4,exact,0,0,0,600,OPTIMAL,64602.00,64602.00,0.00000000,0.28,0.32,-1.00,-1.00,-1.00,0,-1.00,64602.00,1,13.0.2,logs/kstar_nI40_nJ20_nK100_nL5_tI2_tJ2_s4_m0_exact_s0_20260715-204912.gurobi.log
20260715-204912,kstar_nI40_nJ20_nK100_nL5_tI2_tJ2_s5,exact,0,0,0,600,OPTIMAL,60155.00,60154.78,0.00000363,0.33,0.36,-1.00,-1.00,-1.00,0,-1.00,60155.00,1,13.0.2,logs/kstar_nI40_nJ20_nK100_nL5_tI2_tJ2_s5_m0_exact_s0_20260715-204912.gurobi.log
20260715-204913,kstar_nI40_nJ20_nK100_nL5_tI3_tJ3_s1,exact,0,0,0,600,OPTIMAL,61279.00,61279.00,0.00000000,0.32,0.35,-1.00,-1.00,-1.00,0,-1.00,61279.00,1,13.0.2,logs/kstar_nI40_nJ20_nK100_nL5_tI3_tJ3_s1_m0_exact_s0_20260715-204913.gurobi.log
20260715-204913,kstar_nI40_nJ20_nK100_nL5_tI3_tJ3_s2,exact,0,0,0,600,OPTIMAL,62749.00,62749.00,0.00000000,0.50,0.53,-1.00,-1.00,-1.00,0,-1.00,62749.00,1,13.0.2,logs/kstar_nI40_nJ20_nK100_nL5_tI3_tJ3_s2_m0_exact_s0_20260715-204913.gurobi.log
20260715-204913,kstar_nI40_nJ20_nK100_nL5_tI3_tJ3_s3,exact,0,0,0,600,OPTIMAL,65517.00,65517.00,0.00000000,0.31,0.34,-1.00,-1.00,-1.00,0,-1.00,65517.00,1,13.0.2,logs/kstar_nI40_nJ20_nK100_nL5_tI3_tJ3_s3_m0_exact_s0_20260715-204913.gurobi.log
20260715-204914,kstar_nI40_nJ20_nK100_nL5_tI3_tJ3_s4,exact,0,0,0,600,OPTIMAL,66175.00,66175.00,0.00000000,0.39,0.43,-1.00,-1.00,-1.00,0,-1.00,66175.00,1,13.0.2,logs/kstar_nI40_nJ20_nK100_nL5_tI3_tJ3_s4_m0_exact_s0_20260715-204914.gurobi.log
20260715-204914,kstar_nI40_nJ20_nK100_nL5_tI3_tJ3_s5,exact,0,0,0,600,OPTIMAL,60422.00,60422.00,0.00000000,0.36,0.39,-1.00,-1.00,-1.00,0,-1.00,60422.00,1,13.0.2,logs/kstar_nI40_nJ20_nK100_nL5_tI3_tJ3_s5_m0_exact_s0_20260715-204914.gurobi.log
20260715-204915,kstar_nI40_nJ20_nK100_nL5_tI4_tJ4_s1,exact,0,0,0,600,OPTIMAL,67532.00,67532.00,0.00000000,0.42,0.46,-1.00,-1.00,-1.00,0,-1.00,67532.00,1,13.0.2,logs/kstar_nI40_nJ20_nK100_nL5_tI4_tJ4_s1_m0_exact_s0_20260715-204915.gurobi.log
20260715-204915,kstar_nI40_nJ20_nK100_nL5_tI4_tJ4_s2,exact,0,0,0,600,OPTIMAL,64589.00,64589.00,0.00000000,0.28,0.31,-1.00,-1.00,-1.00,0,-1.00,64589.00,1,13.0.2,logs/kstar_nI40_nJ20_nK100_nL5_tI4_tJ4_s2_m0_exact_s0_20260715-204915.gurobi.log
20260715-204916,kstar_nI40_nJ20_nK100_nL5_tI4_tJ4_s3,exact,0,0,0,600,OPTIMAL,63443.00,63443.00,0.00000000,0.49,0.52,-1.00,-1.00,-1.00,0,-1.00,63443.00,1,13.0.2,logs/kstar_nI40_nJ20_nK100_nL5_tI4_tJ4_s3_m0_exact_s0_20260715-204916.gurobi.log
20260715-204916,kstar_nI40_nJ20_nK100_nL5_tI4_tJ4_s4,exact,0,0,0,600,OPTIMAL,64295.00,64295.00,0.00000000,0.47,0.50,-1.00,-1.00,-1.00,0,-1.00,64295.00,1,13.0.2,logs/kstar_nI40_nJ20_nK100_nL5_tI4_tJ4_s4_m0_exact_s0_20260715-204916.gurobi.log
20260715-204917,kstar_nI40_nJ20_nK100_nL5_tI4_tJ4_s5,exact,0,0,0,600,OPTIMAL,60970.00,60970.00,0.00000000,0.33,0.36,-1.00,-1.00,-1.00,0,-1.00,60970.00,1,13.0.2,logs/kstar_nI40_nJ20_nK100_nL5_tI4_tJ4_s5_m0_exact_s0_20260715-204917.gurobi.log
20260715-204917,kstar_nI40_nJ20_nK100_nL5_tI5_tJ5_s1,exact,0,0,0,600,OPTIMAL,62852.00,62852.00,0.00000000,0.36,0.40,-1.00,-1.00,-1.00,0,-1.00,62852.00,1,13.0.2,logs/kstar_nI40_nJ20_nK100_nL5_tI5_tJ5_s1_m0_exact_s0_20260715-204917.gurobi.log
20260715-204918,kstar_nI40_nJ20_nK100_nL5_tI5_tJ5_s2,exact,0,0,0,600,OPTIMAL,64646.00,64646.00,0.00000000,0.27,0.31,-1.00,-1.00,-1.00,0,-1.00,64646.00,1,13.0.2,logs/kstar_nI40_nJ20_nK100_nL5_tI5_tJ5_s2_m0_exact_s0_20260715-204918.gurobi.log
20260715-204918,kstar_nI40_nJ20_nK100_nL5_tI5_tJ5_s3,exact,0,0,0,600,OPTIMAL,60634.00,60634.00,0.00000000,0.28,0.31,-1.00,-1.00,-1.00,0,-1.00,60634.00,1,13.0.2,logs/kstar_nI40_nJ20_nK100_nL5_tI5_tJ5_s3_m0_exact_s0_20260715-204918.gurobi.log
20260715-204918,kstar_nI40_nJ20_nK100_nL5_tI5_tJ5_s4,exact,0,0,0,600,OPTIMAL,62486.00,62486.00,0.00000000,0.44,0.48,-1.00,-1.00,-1.00,0,-1.00,62486.00,1,13.0.2,logs/kstar_nI40_nJ20_nK100_nL5_tI5_tJ5_s4_m0_exact_s0_20260715-204918.gurobi.log
20260715-204919,kstar_nI40_nJ20_nK100_nL5_tI5_tJ5_s5,exact,0,0,0,600,OPTIMAL,66524.00,66524.00,0.00000000,0.45,0.49,-1.00,-1.00,-1.00,0,-1.00,66524.00,1,13.0.2,logs/kstar_nI40_nJ20_nK100_nL5_tI5_tJ5_s5_m0_exact_s0_20260715-204919.gurobi.log
20260715-204919,kstar_nI40_nJ20_nK100_nL5_tI6_tJ6_s1,exact,0,0,0,600,OPTIMAL,63159.00,63159.00,0.00000000,0.45,0.49,-1.00,-1.00,-1.00,0,-1.00,63159.00,1,13.0.2,logs/kstar_nI40_nJ20_nK100_nL5_tI6_tJ6_s1_m0_exact_s0_20260715-204919.gurobi.log
20260715-204920,kstar_nI40_nJ20_nK100_nL5_tI6_tJ6_s2,exact,0,0,0,600,OPTIMAL,68411.00,68411.00,0.00000000,0.23,0.26,-1.00,-1.00,-1.00,0,-1.00,68411.00,1,13.0.2,logs/kstar_nI40_nJ20_nK100_nL5_tI6_tJ6_s2_m0_exact_s0_20260715-204920.gurobi.log
20260715-204920,kstar_nI40_nJ20_nK100_nL5_tI6_tJ6_s3,exact,0,0,0,600,OPTIMAL,61056.00,61056.00,0.00000000,0.43,0.47,-1.00,-1.00,-1.00,0,-1.00,61056.00,1,13.0.2,logs/kstar_nI40_nJ20_nK100_nL5_tI6_tJ6_s3_m0_exact_s0_20260715-204920.gurobi.log
20260715-204921,kstar_nI40_nJ20_nK100_nL5_tI6_tJ6_s4,exact,0,0,0,600,OPTIMAL,63353.00,63352.97,0.00000042,0.35,0.38,-1.00,-1.00,-1.00,0,-1.00,63353.00,1,13.0.2,logs/kstar_nI40_nJ20_nK100_nL5_tI6_tJ6_s4_m0_exact_s0_20260715-204921.gurobi.log
20260715-204921,kstar_nI40_nJ20_nK100_nL5_tI6_tJ6_s5,exact,0,0,0,600,OPTIMAL,66054.00,66054.00,0.00000000,0.40,0.44,-1.00,-1.00,-1.00,0,-1.00,66054.00,1,13.0.2,logs/kstar_nI40_nJ20_nK100_nL5_tI6_tJ6_s5_m0_exact_s0_20260715-204921.gurobi.log
20260715-204922,kstar_nI40_nJ20_nK50_nL10_tI2_tJ2_s1,exact,0,0,0,600,OPTIMAL,66636.00,66636.00,0.00000000,0.44,0.48,-1.00,-1.00,-1.00,0,-1.00,66636.00,1,13.0.2,logs/kstar_nI40_nJ20_nK50_nL10_tI2_tJ2_s1_m0_exact_s0_20260715-204922.gurobi.log
20260715-204922,kstar_nI40_nJ20_nK50_nL10_tI2_tJ2_s2,exact,0,0,0,600,OPTIMAL,62098.00,62098.00,0.00000000,0.35,0.39,-1.00,-1.00,-1.00,0,-1.00,62098.00,1,13.0.2,logs/kstar_nI40_nJ20_nK50_nL10_tI2_tJ2_s2_m0_exact_s0_20260715-204922.gurobi.log
20260715-204923,kstar_nI40_nJ20_nK50_nL10_tI2_tJ2_s3,exact,0,0,0,600,OPTIMAL,63198.00,63198.00,0.00000000,0.42,0.46,-1.00,-1.00,-1.00,0,-1.00,63198.00,1,13.0.2,logs/kstar_nI40_nJ20_nK50_nL10_tI2_tJ2_s3_m0_exact_s0_20260715-204923.gurobi.log
20260715-204923,kstar_nI40_nJ20_nK50_nL10_tI2_tJ2_s4,exact,0,0,0,600,OPTIMAL,64658.00,64658.00,0.00000000,0.49,0.53,-1.00,-1.00,-1.00,0,-1.00,64658.00,1,13.0.2,logs/kstar_nI40_nJ20_nK50_nL10_tI2_tJ2_s4_m0_exact_s0_20260715-204923.gurobi.log
20260715-204924,kstar_nI40_nJ20_nK50_nL10_tI2_tJ2_s5,exact,0,0,0,600,OPTIMAL,63296.00,63296.00,0.00000000,0.38,0.42,-1.00,-1.00,-1.00,0,-1.00,63296.00,1,13.0.2,logs/kstar_nI40_nJ20_nK50_nL10_tI2_tJ2_s5_m0_exact_s0_20260715-204924.gurobi.log
20260715-204924,kstar_nI40_nJ20_nK50_nL10_tI3_tJ3_s1,exact,0,0,0,600,OPTIMAL,63872.00,63872.00,0.00000000,0.41,0.45,-1.00,-1.00,-1.00,0,-1.00,63872.00,1,13.0.2,logs/kstar_nI40_nJ20_nK50_nL10_tI3_tJ3_s1_m0_exact_s0_20260715-204924.gurobi.log
20260715-204925,kstar_nI40_nJ20_nK50_nL10_tI3_tJ3_s2,exact,0,0,0,600,OPTIMAL,62410.00,62410.00,0.00000000,0.54,0.58,-1.00,-1.00,-1.00,0,-1.00,62410.00,1,13.0.2,logs/kstar_nI40_nJ20_nK50_nL10_tI3_tJ3_s2_m0_exact_s0_20260715-204925.gurobi.log
20260715-204925,kstar_nI40_nJ20_nK50_nL10_tI3_tJ3_s3,exact,0,0,0,600,OPTIMAL,68806.00,68806.00,0.00000000,0.76,0.80,-1.00,-1.00,-1.00,0,-1.00,68806.00,1,13.0.2,logs/kstar_nI40_nJ20_nK50_nL10_tI3_tJ3_s3_m0_exact_s0_20260715-204925.gurobi.log
20260715-204926,kstar_nI40_nJ20_nK50_nL10_tI3_tJ3_s4,exact,0,0,0,600,OPTIMAL,62321.00,62321.00,0.00000000,0.43,0.46,-1.00,-1.00,-1.00,0,-1.00,62321.00,1,13.0.2,logs/kstar_nI40_nJ20_nK50_nL10_tI3_tJ3_s4_m0_exact_s0_20260715-204926.gurobi.log
20260715-204927,kstar_nI40_nJ20_nK50_nL10_tI3_tJ3_s5,exact,0,0,0,600,OPTIMAL,66555.00,66555.00,0.00000000,0.44,0.47,-1.00,-1.00,-1.00,0,-1.00,66555.00,1,13.0.2,logs/kstar_nI40_nJ20_nK50_nL10_tI3_tJ3_s5_m0_exact_s0_20260715-204927.gurobi.log
20260715-204927,kstar_nI40_nJ20_nK50_nL10_tI4_tJ4_s1,exact,0,0,0,600,OPTIMAL,62434.00,62433.29,0.00001143,0.38,0.41,-1.00,-1.00,-1.00,0,-1.00,62434.00,1,13.0.2,logs/kstar_nI40_nJ20_nK50_nL10_tI4_tJ4_s1_m0_exact_s0_20260715-204927.gurobi.log
20260715-204928,kstar_nI40_nJ20_nK50_nL10_tI4_tJ4_s2,exact,0,0,0,600,OPTIMAL,59923.00,59922.86,0.00000234,0.38,0.42,-1.00,-1.00,-1.00,0,-1.00,59923.00,1,13.0.2,logs/kstar_nI40_nJ20_nK50_nL10_tI4_tJ4_s2_m0_exact_s0_20260715-204928.gurobi.log
20260715-204928,kstar_nI40_nJ20_nK50_nL10_tI4_tJ4_s3,exact,0,0,0,600,OPTIMAL,61055.00,61055.00,0.00000000,0.45,0.48,-1.00,-1.00,-1.00,0,-1.00,61055.00,1,13.0.2,logs/kstar_nI40_nJ20_nK50_nL10_tI4_tJ4_s3_m0_exact_s0_20260715-204928.gurobi.log
20260715-204929,kstar_nI40_nJ20_nK50_nL10_tI4_tJ4_s4,exact,0,0,0,600,OPTIMAL,63028.00,63028.00,0.00000000,0.46,0.50,-1.00,-1.00,-1.00,0,-1.00,63028.00,1,13.0.2,logs/kstar_nI40_nJ20_nK50_nL10_tI4_tJ4_s4_m0_exact_s0_20260715-204929.gurobi.log
20260715-204929,kstar_nI40_nJ20_nK50_nL10_tI4_tJ4_s5,exact,0,0,0,600,OPTIMAL,62954.00,62954.00,0.00000000,0.36,0.39,-1.00,-1.00,-1.00,0,-1.00,62954.00,1,13.0.2,logs/kstar_nI40_nJ20_nK50_nL10_tI4_tJ4_s5_m0_exact_s0_20260715-204929.gurobi.log
20260715-204929,kstar_nI40_nJ20_nK50_nL10_tI5_tJ5_s1,exact,0,0,0,600,OPTIMAL,64114.00,64113.33,0.00001045,0.45,0.48,-1.00,-1.00,-1.00,0,-1.00,64114.00,1,13.0.2,logs/kstar_nI40_nJ20_nK50_nL10_tI5_tJ5_s1_m0_exact_s0_20260715-204929.gurobi.log
20260715-204930,kstar_nI40_nJ20_nK50_nL10_tI5_tJ5_s2,exact,0,0,0,600,OPTIMAL,59654.00,59654.00,0.00000000,0.40,0.44,-1.00,-1.00,-1.00,0,-1.00,59654.00,1,13.0.2,logs/kstar_nI40_nJ20_nK50_nL10_tI5_tJ5_s2_m0_exact_s0_20260715-204930.gurobi.log
20260715-204930,kstar_nI40_nJ20_nK50_nL10_tI5_tJ5_s3,exact,0,0,0,600,OPTIMAL,63865.00,63865.00,0.00000000,0.65,0.69,-1.00,-1.00,-1.00,0,-1.00,63865.00,1,13.0.2,logs/kstar_nI40_nJ20_nK50_nL10_tI5_tJ5_s3_m0_exact_s0_20260715-204930.gurobi.log
20260715-204931,kstar_nI40_nJ20_nK50_nL10_tI5_tJ5_s4,exact,0,0,0,600,OPTIMAL,63290.00,63289.72,0.00000444,0.59,0.63,-1.00,-1.00,-1.00,0,-1.00,63290.00,1,13.0.2,logs/kstar_nI40_nJ20_nK50_nL10_tI5_tJ5_s4_m0_exact_s0_20260715-204931.gurobi.log
20260715-204932,kstar_nI40_nJ20_nK50_nL10_tI5_tJ5_s5,exact,0,0,0,600,OPTIMAL,61117.00,61117.00,0.00000000,0.53,0.56,-1.00,-1.00,-1.00,0,-1.00,61117.00,1,13.0.2,logs/kstar_nI40_nJ20_nK50_nL10_tI5_tJ5_s5_m0_exact_s0_20260715-204932.gurobi.log
20260715-204932,kstar_nI40_nJ20_nK50_nL10_tI6_tJ6_s1,exact,0,0,0,600,OPTIMAL,64850.00,64850.00,0.00000000,0.55,0.58,-1.00,-1.00,-1.00,0,-1.00,64850.00,1,13.0.2,logs/kstar_nI40_nJ20_nK50_nL10_tI6_tJ6_s1_m0_exact_s0_20260715-204932.gurobi.log
20260715-204933,kstar_nI40_nJ20_nK50_nL10_tI6_tJ6_s2,exact,0,0,0,600,OPTIMAL,65976.00,65975.35,0.00000980,0.64,0.68,-1.00,-1.00,-1.00,0,-1.00,65976.00,1,13.0.2,logs/kstar_nI40_nJ20_nK50_nL10_tI6_tJ6_s2_m0_exact_s0_20260715-204933.gurobi.log
20260715-204934,kstar_nI40_nJ20_nK50_nL10_tI6_tJ6_s3,exact,0,0,0,600,OPTIMAL,63543.00,63543.00,0.00000000,0.50,0.53,-1.00,-1.00,-1.00,0,-1.00,63543.00,1,13.0.2,logs/kstar_nI40_nJ20_nK50_nL10_tI6_tJ6_s3_m0_exact_s0_20260715-204934.gurobi.log
20260715-204934,kstar_nI40_nJ20_nK50_nL10_tI6_tJ6_s4,exact,0,0,0,600,OPTIMAL,64819.00,64819.00,0.00000000,0.57,0.60,-1.00,-1.00,-1.00,0,-1.00,64819.00,1,13.0.2,logs/kstar_nI40_nJ20_nK50_nL10_tI6_tJ6_s4_m0_exact_s0_20260715-204934.gurobi.log
20260715-204935,kstar_nI40_nJ20_nK50_nL10_tI6_tJ6_s5,exact,0,0,0,600,OPTIMAL,59076.00,59076.00,0.00000000,0.36,0.40,-1.00,-1.00,-1.00,0,-1.00,59076.00,1,13.0.2,logs/kstar_nI40_nJ20_nK50_nL10_tI6_tJ6_s5_m0_exact_s0_20260715-204935.gurobi.log
20260715-204936,kstar_nI40_nJ20_nK50_nL5_tI2_tJ2_s1,exact,0,0,0,600,OPTIMAL,36668.00,36668.00,0.00000000,0.34,0.36,-1.00,-1.00,-1.00,0,-1.00,36668.00,1,13.0.2,logs/kstar_nI40_nJ20_nK50_nL5_tI2_tJ2_s1_m0_exact_s0_20260715-204936.gurobi.log
20260715-204936,kstar_nI40_nJ20_nK50_nL5_tI2_tJ2_s2,exact,0,0,0,600,OPTIMAL,36518.00,36518.00,0.00000000,0.53,0.55,-1.00,-1.00,-1.00,0,-1.00,36518.00,1,13.0.2,logs/kstar_nI40_nJ20_nK50_nL5_tI2_tJ2_s2_m0_exact_s0_20260715-204936.gurobi.log
20260715-204936,kstar_nI40_nJ20_nK50_nL5_tI2_tJ2_s3,exact,0,0,0,600,OPTIMAL,37737.00,37737.00,0.00000000,0.27,0.28,-1.00,-1.00,-1.00,0,-1.00,37737.00,1,13.0.2,logs/kstar_nI40_nJ20_nK50_nL5_tI2_tJ2_s3_m0_exact_s0_20260715-204936.gurobi.log
20260715-204937,kstar_nI40_nJ20_nK50_nL5_tI2_tJ2_s4,exact,0,0,0,600,OPTIMAL,36492.00,36492.00,0.00000000,0.43,0.45,-1.00,-1.00,-1.00,0,-1.00,36492.00,1,13.0.2,logs/kstar_nI40_nJ20_nK50_nL5_tI2_tJ2_s4_m0_exact_s0_20260715-204937.gurobi.log
20260715-204937,kstar_nI40_nJ20_nK50_nL5_tI2_tJ2_s5,exact,0,0,0,600,OPTIMAL,35899.00,35899.00,0.00000000,0.40,0.42,-1.00,-1.00,-1.00,0,-1.00,35899.00,1,13.0.2,logs/kstar_nI40_nJ20_nK50_nL5_tI2_tJ2_s5_m0_exact_s0_20260715-204937.gurobi.log
20260715-204938,kstar_nI40_nJ20_nK50_nL5_tI3_tJ3_s1,exact,0,0,0,600,OPTIMAL,34176.00,34176.00,0.00000000,0.31,0.33,-1.00,-1.00,-1.00,0,-1.00,34176.00,1,13.0.2,logs/kstar_nI40_nJ20_nK50_nL5_tI3_tJ3_s1_m0_exact_s0_20260715-204938.gurobi.log
20260715-204938,kstar_nI40_nJ20_nK50_nL5_tI3_tJ3_s2,exact,0,0,0,600,OPTIMAL,36336.00,36336.00,0.00000000,0.29,0.30,-1.00,-1.00,-1.00,0,-1.00,36336.00,1,13.0.2,logs/kstar_nI40_nJ20_nK50_nL5_tI3_tJ3_s2_m0_exact_s0_20260715-204938.gurobi.log
20260715-204938,kstar_nI40_nJ20_nK50_nL5_tI3_tJ3_s3,exact,0,0,0,600,OPTIMAL,37671.00,37671.00,0.00000000,0.51,0.53,-1.00,-1.00,-1.00,0,-1.00,37671.00,1,13.0.2,logs/kstar_nI40_nJ20_nK50_nL5_tI3_tJ3_s3_m0_exact_s0_20260715-204938.gurobi.log
20260715-204939,kstar_nI40_nJ20_nK50_nL5_tI3_tJ3_s4,exact,0,0,0,600,OPTIMAL,35985.00,35985.00,0.00000000,0.28,0.30,-1.00,-1.00,-1.00,0,-1.00,35985.00,1,13.0.2,logs/kstar_nI40_nJ20_nK50_nL5_tI3_tJ3_s4_m0_exact_s0_20260715-204939.gurobi.log
20260715-204939,kstar_nI40_nJ20_nK50_nL5_tI3_tJ3_s5,exact,0,0,0,600,OPTIMAL,36807.00,36807.00,0.00000000,0.30,0.32,-1.00,-1.00,-1.00,0,-1.00,36807.00,1,13.0.2,logs/kstar_nI40_nJ20_nK50_nL5_tI3_tJ3_s5_m0_exact_s0_20260715-204939.gurobi.log
20260715-204940,kstar_nI40_nJ20_nK50_nL5_tI4_tJ4_s1,exact,0,0,0,600,OPTIMAL,36954.00,36954.00,0.00000000,0.45,0.47,-1.00,-1.00,-1.00,0,-1.00,36954.00,1,13.0.2,logs/kstar_nI40_nJ20_nK50_nL5_tI4_tJ4_s1_m0_exact_s0_20260715-204940.gurobi.log
20260715-204940,kstar_nI40_nJ20_nK50_nL5_tI4_tJ4_s2,exact,0,0,0,600,OPTIMAL,38023.00,38023.00,0.00000000,0.57,0.59,-1.00,-1.00,-1.00,0,-1.00,38023.00,1,13.0.2,logs/kstar_nI40_nJ20_nK50_nL5_tI4_tJ4_s2_m0_exact_s0_20260715-204940.gurobi.log
20260715-204941,kstar_nI40_nJ20_nK50_nL5_tI4_tJ4_s3,exact,0,0,0,600,OPTIMAL,37012.00,37012.00,0.00000000,0.41,0.43,-1.00,-1.00,-1.00,0,-1.00,37012.00,1,13.0.2,logs/kstar_nI40_nJ20_nK50_nL5_tI4_tJ4_s3_m0_exact_s0_20260715-204941.gurobi.log
20260715-204941,kstar_nI40_nJ20_nK50_nL5_tI4_tJ4_s4,exact,0,0,0,600,OPTIMAL,36217.00,36217.00,0.00000000,0.57,0.59,-1.00,-1.00,-1.00,0,-1.00,36217.00,1,13.0.2,logs/kstar_nI40_nJ20_nK50_nL5_tI4_tJ4_s4_m0_exact_s0_20260715-204941.gurobi.log
20260715-204942,kstar_nI40_nJ20_nK50_nL5_tI4_tJ4_s5,exact,0,0,0,600,OPTIMAL,37220.00,37220.00,0.00000000,0.45,0.47,-1.00,-1.00,-1.00,0,-1.00,37220.00,1,13.0.2,logs/kstar_nI40_nJ20_nK50_nL5_tI4_tJ4_s5_m0_exact_s0_20260715-204942.gurobi.log
20260715-204942,kstar_nI40_nJ20_nK50_nL5_tI5_tJ5_s1,exact,0,0,0,600,OPTIMAL,38836.00,38836.00,0.00000000,0.41,0.43,-1.00,-1.00,-1.00,0,-1.00,38836.00,1,13.0.2,logs/kstar_nI40_nJ20_nK50_nL5_tI5_tJ5_s1_m0_exact_s0_20260715-204942.gurobi.log
20260715-204943,kstar_nI40_nJ20_nK50_nL5_tI5_tJ5_s2,exact,0,0,0,600,OPTIMAL,36152.00,36151.67,0.00000920,0.59,0.61,-1.00,-1.00,-1.00,0,-1.00,36152.00,1,13.0.2,logs/kstar_nI40_nJ20_nK50_nL5_tI5_tJ5_s2_m0_exact_s0_20260715-204943.gurobi.log
20260715-204944,kstar_nI40_nJ20_nK50_nL5_tI5_tJ5_s3,exact,0,0,0,600,OPTIMAL,39719.00,39719.00,0.00000000,0.51,0.54,-1.00,-1.00,-1.00,0,-1.00,39719.00,1,13.0.2,logs/kstar_nI40_nJ20_nK50_nL5_tI5_tJ5_s3_m0_exact_s0_20260715-204944.gurobi.log
20260715-204944,kstar_nI40_nJ20_nK50_nL5_tI5_tJ5_s4,exact,0,0,0,600,OPTIMAL,37725.00,37725.00,0.00000000,0.30,0.31,-1.00,-1.00,-1.00,0,-1.00,37725.00,1,13.0.2,logs/kstar_nI40_nJ20_nK50_nL5_tI5_tJ5_s4_m0_exact_s0_20260715-204944.gurobi.log
20260715-204945,kstar_nI40_nJ20_nK50_nL5_tI5_tJ5_s5,exact,0,0,0,600,OPTIMAL,36438.00,36438.00,0.00000000,0.40,0.42,-1.00,-1.00,-1.00,0,-1.00,36438.00,1,13.0.2,logs/kstar_nI40_nJ20_nK50_nL5_tI5_tJ5_s5_m0_exact_s0_20260715-204945.gurobi.log
20260715-204945,kstar_nI40_nJ20_nK50_nL5_tI6_tJ6_s1,exact,0,0,0,600,OPTIMAL,36225.00,36225.00,0.00000000,0.55,0.57,-1.00,-1.00,-1.00,0,-1.00,36225.00,1,13.0.2,logs/kstar_nI40_nJ20_nK50_nL5_tI6_tJ6_s1_m0_exact_s0_20260715-204945.gurobi.log
20260715-204946,kstar_nI40_nJ20_nK50_nL5_tI6_tJ6_s2,exact,0,0,0,600,OPTIMAL,38703.00,38703.00,0.00000000,0.57,0.59,-1.00,-1.00,-1.00,0,-1.00,38703.00,1,13.0.2,logs/kstar_nI40_nJ20_nK50_nL5_tI6_tJ6_s2_m0_exact_s0_20260715-204946.gurobi.log
20260715-204946,kstar_nI40_nJ20_nK50_nL5_tI6_tJ6_s3,exact,0,0,0,600,OPTIMAL,37339.00,37339.00,0.00000000,0.41,0.43,-1.00,-1.00,-1.00,0,-1.00,37339.00,1,13.0.2,logs/kstar_nI40_nJ20_nK50_nL5_tI6_tJ6_s3_m0_exact_s0_20260715-204946.gurobi.log
20260715-204947,kstar_nI40_nJ20_nK50_nL5_tI6_tJ6_s4,exact,0,0,0,600,OPTIMAL,37555.00,37555.00,0.00000000,0.52,0.54,-1.00,-1.00,-1.00,0,-1.00,37555.00,1,13.0.2,logs/kstar_nI40_nJ20_nK50_nL5_tI6_tJ6_s4_m0_exact_s0_20260715-204947.gurobi.log
20260715-204947,kstar_nI40_nJ20_nK50_nL5_tI6_tJ6_s5,exact,0,0,0,600,OPTIMAL,38208.00,38208.00,0.00000000,0.50,0.51,-1.00,-1.00,-1.00,0,-1.00,38208.00,1,13.0.2,logs/kstar_nI40_nJ20_nK50_nL5_tI6_tJ6_s5_m0_exact_s0_20260715-204947.gurobi.log
20260715-204948,kstar_nI40_nJ40_nK100_nL10_tI2_tJ2_s1,exact,0,0,0,600,OPTIMAL,86115.00,86115.00,0.00000000,1.53,1.65,-1.00,-1.00,-1.00,0,-1.00,86115.00,1,13.0.2,logs/kstar_nI40_nJ40_nK100_nL10_tI2_tJ2_s1_m0_exact_s0_20260715-204948.gurobi.log
20260715-204950,kstar_nI40_nJ40_nK100_nL10_tI2_tJ2_s2,exact,0,0,0,600,OPTIMAL,89018.00,89018.00,0.00000000,1.90,2.03,-1.00,-1.00,-1.00,0,-1.00,89018.00,1,13.0.2,logs/kstar_nI40_nJ40_nK100_nL10_tI2_tJ2_s2_m0_exact_s0_20260715-204950.gurobi.log
20260715-204952,kstar_nI40_nJ40_nK100_nL10_tI2_tJ2_s3,exact,0,0,0,600,OPTIMAL,90935.00,90935.00,0.00000000,1.76,1.87,-1.00,-1.00,-1.00,0,-1.00,90935.00,1,13.0.2,logs/kstar_nI40_nJ40_nK100_nL10_tI2_tJ2_s3_m0_exact_s0_20260715-204952.gurobi.log
20260715-204954,kstar_nI40_nJ40_nK100_nL10_tI2_tJ2_s4,exact,0,0,0,600,OPTIMAL,90423.00,90423.00,0.00000000,2.02,2.14,-1.00,-1.00,-1.00,0,-1.00,90423.00,1,13.0.2,logs/kstar_nI40_nJ40_nK100_nL10_tI2_tJ2_s4_m0_exact_s0_20260715-204954.gurobi.log
20260715-204956,kstar_nI40_nJ40_nK100_nL10_tI2_tJ2_s5,exact,0,0,0,600,OPTIMAL,87662.00,87662.00,0.00000000,1.23,1.35,-1.00,-1.00,-1.00,0,-1.00,87662.00,1,13.0.2,logs/kstar_nI40_nJ40_nK100_nL10_tI2_tJ2_s5_m0_exact_s0_20260715-204956.gurobi.log
20260715-204957,kstar_nI40_nJ40_nK100_nL10_tI3_tJ3_s1,exact,0,0,0,600,OPTIMAL,89280.00,89280.00,0.00000000,1.28,1.41,-1.00,-1.00,-1.00,0,-1.00,89280.00,1,13.0.2,logs/kstar_nI40_nJ40_nK100_nL10_tI3_tJ3_s1_m0_exact_s0_20260715-204957.gurobi.log
20260715-204959,kstar_nI40_nJ40_nK100_nL10_tI3_tJ3_s2,exact,0,0,0,600,OPTIMAL,85962.00,85962.00,0.00000000,1.51,1.63,-1.00,-1.00,-1.00,0,-1.00,85962.00,1,13.0.2,logs/kstar_nI40_nJ40_nK100_nL10_tI3_tJ3_s2_m0_exact_s0_20260715-204959.gurobi.log
20260715-205000,kstar_nI40_nJ40_nK100_nL10_tI3_tJ3_s3,exact,0,0,0,600,OPTIMAL,87929.00,87929.00,0.00000000,1.68,1.81,-1.00,-1.00,-1.00,0,-1.00,87929.00,1,13.0.2,logs/kstar_nI40_nJ40_nK100_nL10_tI3_tJ3_s3_m0_exact_s0_20260715-205000.gurobi.log
20260715-205002,kstar_nI40_nJ40_nK100_nL10_tI3_tJ3_s4,exact,0,0,0,600,OPTIMAL,89957.00,89957.00,0.00000000,1.48,1.60,-1.00,-1.00,-1.00,0,-1.00,89957.00,1,13.0.2,logs/kstar_nI40_nJ40_nK100_nL10_tI3_tJ3_s4_m0_exact_s0_20260715-205002.gurobi.log
20260715-205004,kstar_nI40_nJ40_nK100_nL10_tI3_tJ3_s5,exact,0,0,0,600,OPTIMAL,86234.00,86234.00,0.00000000,1.53,1.66,-1.00,-1.00,-1.00,0,-1.00,86234.00,1,13.0.2,logs/kstar_nI40_nJ40_nK100_nL10_tI3_tJ3_s5_m0_exact_s0_20260715-205004.gurobi.log
20260715-205006,kstar_nI40_nJ40_nK100_nL10_tI4_tJ4_s1,exact,0,0,0,600,OPTIMAL,90254.00,90254.00,0.00000000,1.40,1.53,-1.00,-1.00,-1.00,0,-1.00,90254.00,1,13.0.2,logs/kstar_nI40_nJ40_nK100_nL10_tI4_tJ4_s1_m0_exact_s0_20260715-205006.gurobi.log
20260715-205007,kstar_nI40_nJ40_nK100_nL10_tI4_tJ4_s2,exact,0,0,0,600,OPTIMAL,88948.00,88948.00,0.00000000,1.08,1.21,-1.00,-1.00,-1.00,0,-1.00,88948.00,1,13.0.2,logs/kstar_nI40_nJ40_nK100_nL10_tI4_tJ4_s2_m0_exact_s0_20260715-205007.gurobi.log
20260715-205008,kstar_nI40_nJ40_nK100_nL10_tI4_tJ4_s3,exact,0,0,0,600,OPTIMAL,87928.00,87928.00,0.00000000,1.24,1.36,-1.00,-1.00,-1.00,0,-1.00,87928.00,1,13.0.2,logs/kstar_nI40_nJ40_nK100_nL10_tI4_tJ4_s3_m0_exact_s0_20260715-205008.gurobi.log
20260715-205010,kstar_nI40_nJ40_nK100_nL10_tI4_tJ4_s4,exact,0,0,0,600,OPTIMAL,92060.00,92060.00,0.00000000,1.73,1.85,-1.00,-1.00,-1.00,0,-1.00,92060.00,1,13.0.2,logs/kstar_nI40_nJ40_nK100_nL10_tI4_tJ4_s4_m0_exact_s0_20260715-205010.gurobi.log
20260715-205012,kstar_nI40_nJ40_nK100_nL10_tI4_tJ4_s5,exact,0,0,0,600,OPTIMAL,90060.00,90060.00,0.00000000,1.03,1.16,-1.00,-1.00,-1.00,0,-1.00,90060.00,1,13.0.2,logs/kstar_nI40_nJ40_nK100_nL10_tI4_tJ4_s5_m0_exact_s0_20260715-205012.gurobi.log
20260715-205013,kstar_nI40_nJ40_nK100_nL10_tI5_tJ5_s1,exact,0,0,0,600,OPTIMAL,90968.00,90968.00,0.00000000,1.62,1.74,-1.00,-1.00,-1.00,0,-1.00,90968.00,1,13.0.2,logs/kstar_nI40_nJ40_nK100_nL10_tI5_tJ5_s1_m0_exact_s0_20260715-205013.gurobi.log
20260715-205015,kstar_nI40_nJ40_nK100_nL10_tI5_tJ5_s2,exact,0,0,0,600,OPTIMAL,89607.00,89606.38,0.00000687,1.53,1.66,-1.00,-1.00,-1.00,0,-1.00,89607.00,1,13.0.2,logs/kstar_nI40_nJ40_nK100_nL10_tI5_tJ5_s2_m0_exact_s0_20260715-205015.gurobi.log
20260715-205016,kstar_nI40_nJ40_nK100_nL10_tI5_tJ5_s3,exact,0,0,0,600,OPTIMAL,86028.00,86028.00,0.00000000,1.30,1.42,-1.00,-1.00,-1.00,0,-1.00,86028.00,1,13.0.2,logs/kstar_nI40_nJ40_nK100_nL10_tI5_tJ5_s3_m0_exact_s0_20260715-205016.gurobi.log
20260715-205018,kstar_nI40_nJ40_nK100_nL10_tI5_tJ5_s4,exact,0,0,0,600,OPTIMAL,90638.00,90638.00,0.00000000,1.08,1.20,-1.00,-1.00,-1.00,0,-1.00,90638.00,1,13.0.2,logs/kstar_nI40_nJ40_nK100_nL10_tI5_tJ5_s4_m0_exact_s0_20260715-205018.gurobi.log
20260715-205019,kstar_nI40_nJ40_nK100_nL10_tI5_tJ5_s5,exact,0,0,0,600,OPTIMAL,86628.00,86628.00,0.00000000,1.19,1.31,-1.00,-1.00,-1.00,0,-1.00,86628.00,1,13.0.2,logs/kstar_nI40_nJ40_nK100_nL10_tI5_tJ5_s5_m0_exact_s0_20260715-205019.gurobi.log
20260715-205021,kstar_nI40_nJ40_nK100_nL10_tI6_tJ6_s1,exact,0,0,0,600,OPTIMAL,86127.00,86127.00,0.00000000,1.81,1.93,-1.00,-1.00,-1.00,0,-1.00,86127.00,1,13.0.2,logs/kstar_nI40_nJ40_nK100_nL10_tI6_tJ6_s1_m0_exact_s0_20260715-205021.gurobi.log
20260715-205023,kstar_nI40_nJ40_nK100_nL10_tI6_tJ6_s2,exact,0,0,0,600,OPTIMAL,89350.00,89350.00,0.00000000,1.70,1.83,-1.00,-1.00,-1.00,0,-1.00,89350.00,1,13.0.2,logs/kstar_nI40_nJ40_nK100_nL10_tI6_tJ6_s2_m0_exact_s0_20260715-205023.gurobi.log
20260715-205024,kstar_nI40_nJ40_nK100_nL10_tI6_tJ6_s3,exact,0,0,0,600,OPTIMAL,90278.00,90278.00,0.00000000,1.47,1.59,-1.00,-1.00,-1.00,0,-1.00,90278.00,1,13.0.2,logs/kstar_nI40_nJ40_nK100_nL10_tI6_tJ6_s3_m0_exact_s0_20260715-205024.gurobi.log
20260715-205026,kstar_nI40_nJ40_nK100_nL10_tI6_tJ6_s4,exact,0,0,0,600,OPTIMAL,87799.00,87799.00,0.00000000,1.62,1.75,-1.00,-1.00,-1.00,0,-1.00,87799.00,1,13.0.2,logs/kstar_nI40_nJ40_nK100_nL10_tI6_tJ6_s4_m0_exact_s0_20260715-205026.gurobi.log
20260715-205028,kstar_nI40_nJ40_nK100_nL10_tI6_tJ6_s5,exact,0,0,0,600,OPTIMAL,89868.00,89868.00,0.00000000,1.46,1.58,-1.00,-1.00,-1.00,0,-1.00,89868.00,1,13.0.2,logs/kstar_nI40_nJ40_nK100_nL10_tI6_tJ6_s5_m0_exact_s0_20260715-205028.gurobi.log
20260715-205029,kstar_nI40_nJ40_nK100_nL5_tI2_tJ2_s1,exact,0,0,0,600,OPTIMAL,51370.00,51370.00,0.00000000,3.15,3.21,-1.00,-1.00,-1.00,0,-1.00,51370.00,1,13.0.2,logs/kstar_nI40_nJ40_nK100_nL5_tI2_tJ2_s1_m0_exact_s0_20260715-205029.gurobi.log
20260715-205033,kstar_nI40_nJ40_nK100_nL5_tI2_tJ2_s2,exact,0,0,0,600,OPTIMAL,50349.00,50349.00,0.00000000,7.76,7.83,-1.00,-1.00,-1.00,0,-1.00,50349.00,1,13.0.2,logs/kstar_nI40_nJ40_nK100_nL5_tI2_tJ2_s2_m0_exact_s0_20260715-205033.gurobi.log
20260715-205041,kstar_nI40_nJ40_nK100_nL5_tI2_tJ2_s3,exact,0,0,0,600,OPTIMAL,52625.00,52625.00,0.00000000,2.70,2.77,-1.00,-1.00,-1.00,0,-1.00,52625.00,1,13.0.2,logs/kstar_nI40_nJ40_nK100_nL5_tI2_tJ2_s3_m0_exact_s0_20260715-205041.gurobi.log
20260715-205043,kstar_nI40_nJ40_nK100_nL5_tI2_tJ2_s4,exact,0,0,0,600,OPTIMAL,52296.00,52296.00,0.00000000,1.68,1.75,-1.00,-1.00,-1.00,0,-1.00,52296.00,1,13.0.2,logs/kstar_nI40_nJ40_nK100_nL5_tI2_tJ2_s4_m0_exact_s0_20260715-205043.gurobi.log
20260715-205045,kstar_nI40_nJ40_nK100_nL5_tI2_tJ2_s5,exact,0,0,0,600,OPTIMAL,54970.00,54970.00,0.00000000,3.54,3.60,-1.00,-1.00,-1.00,0,-1.00,54970.00,1,13.0.2,logs/kstar_nI40_nJ40_nK100_nL5_tI2_tJ2_s5_m0_exact_s0_20260715-205045.gurobi.log
20260715-205049,kstar_nI40_nJ40_nK100_nL5_tI3_tJ3_s1,exact,0,0,0,600,OPTIMAL,51264.00,51264.00,0.00000000,3.49,3.56,-1.00,-1.00,-1.00,0,-1.00,51264.00,1,13.0.2,logs/kstar_nI40_nJ40_nK100_nL5_tI3_tJ3_s1_m0_exact_s0_20260715-205049.gurobi.log
20260715-205052,kstar_nI40_nJ40_nK100_nL5_tI3_tJ3_s2,exact,0,0,0,600,OPTIMAL,54654.00,54654.00,0.00000000,3.31,3.37,-1.00,-1.00,-1.00,0,-1.00,54654.00,1,13.0.2,logs/kstar_nI40_nJ40_nK100_nL5_tI3_tJ3_s2_m0_exact_s0_20260715-205052.gurobi.log
20260715-205056,kstar_nI40_nJ40_nK100_nL5_tI3_tJ3_s3,exact,0,0,0,600,OPTIMAL,53971.00,53971.00,0.00000000,2.74,2.80,-1.00,-1.00,-1.00,0,-1.00,53971.00,1,13.0.2,logs/kstar_nI40_nJ40_nK100_nL5_tI3_tJ3_s3_m0_exact_s0_20260715-205056.gurobi.log
20260715-205059,kstar_nI40_nJ40_nK100_nL5_tI3_tJ3_s4,exact,0,0,0,600,OPTIMAL,53311.00,53311.00,0.00000000,3.02,3.09,-1.00,-1.00,-1.00,0,-1.00,53311.00,1,13.0.2,logs/kstar_nI40_nJ40_nK100_nL5_tI3_tJ3_s4_m0_exact_s0_20260715-205059.gurobi.log
20260715-205102,kstar_nI40_nJ40_nK100_nL5_tI3_tJ3_s5,exact,0,0,0,600,OPTIMAL,51215.00,51215.00,0.00000000,1.83,1.89,-1.00,-1.00,-1.00,0,-1.00,51215.00,1,13.0.2,logs/kstar_nI40_nJ40_nK100_nL5_tI3_tJ3_s5_m0_exact_s0_20260715-205102.gurobi.log
20260715-205104,kstar_nI40_nJ40_nK100_nL5_tI4_tJ4_s1,exact,0,0,0,600,OPTIMAL,53860.00,53860.00,0.00000000,1.65,1.72,-1.00,-1.00,-1.00,0,-1.00,53860.00,1,13.0.2,logs/kstar_nI40_nJ40_nK100_nL5_tI4_tJ4_s1_m0_exact_s0_20260715-205104.gurobi.log
20260715-205106,kstar_nI40_nJ40_nK100_nL5_tI4_tJ4_s2,exact,0,0,0,600,OPTIMAL,52421.00,52421.00,0.00000000,3.54,3.60,-1.00,-1.00,-1.00,0,-1.00,52421.00,1,13.0.2,logs/kstar_nI40_nJ40_nK100_nL5_tI4_tJ4_s2_m0_exact_s0_20260715-205106.gurobi.log
20260715-205109,kstar_nI40_nJ40_nK100_nL5_tI4_tJ4_s3,exact,0,0,0,600,OPTIMAL,55123.00,55123.00,0.00000000,1.83,1.90,-1.00,-1.00,-1.00,0,-1.00,55123.00,1,13.0.2,logs/kstar_nI40_nJ40_nK100_nL5_tI4_tJ4_s3_m0_exact_s0_20260715-205109.gurobi.log
20260715-205111,kstar_nI40_nJ40_nK100_nL5_tI4_tJ4_s4,exact,0,0,0,600,OPTIMAL,52020.00,52020.00,0.00000000,2.32,2.40,-1.00,-1.00,-1.00,0,-1.00,52020.00,1,13.0.2,logs/kstar_nI40_nJ40_nK100_nL5_tI4_tJ4_s4_m0_exact_s0_20260715-205111.gurobi.log
20260715-205114,kstar_nI40_nJ40_nK100_nL5_tI4_tJ4_s5,exact,0,0,0,600,OPTIMAL,54702.00,54702.00,0.00000000,2.45,2.51,-1.00,-1.00,-1.00,0,-1.00,54702.00,1,13.0.2,logs/kstar_nI40_nJ40_nK100_nL5_tI4_tJ4_s5_m0_exact_s0_20260715-205114.gurobi.log
20260715-205116,kstar_nI40_nJ40_nK100_nL5_tI5_tJ5_s1,exact,0,0,0,600,OPTIMAL,52588.00,52588.00,0.00000000,1.57,1.64,-1.00,-1.00,-1.00,0,-1.00,52588.00,1,13.0.2,logs/kstar_nI40_nJ40_nK100_nL5_tI5_tJ5_s1_m0_exact_s0_20260715-205116.gurobi.log
20260715-205118,kstar_nI40_nJ40_nK100_nL5_tI5_tJ5_s2,exact,0,0,0,600,OPTIMAL,53177.00,53177.00,0.00000000,3.72,3.79,-1.00,-1.00,-1.00,0,-1.00,53177.00,1,13.0.2,logs/kstar_nI40_nJ40_nK100_nL5_tI5_tJ5_s2_m0_exact_s0_20260715-205118.gurobi.log
20260715-205122,kstar_nI40_nJ40_nK100_nL5_tI5_tJ5_s3,exact,0,0,0,600,OPTIMAL,53125.00,53125.00,0.00000000,4.62,4.69,-1.00,-1.00,-1.00,0,-1.00,53125.00,1,13.0.2,logs/kstar_nI40_nJ40_nK100_nL5_tI5_tJ5_s3_m0_exact_s0_20260715-205122.gurobi.log
20260715-205126,kstar_nI40_nJ40_nK100_nL5_tI5_tJ5_s4,exact,0,0,0,600,OPTIMAL,52911.00,52911.00,0.00000000,3.37,3.45,-1.00,-1.00,-1.00,0,-1.00,52911.00,1,13.0.2,logs/kstar_nI40_nJ40_nK100_nL5_tI5_tJ5_s4_m0_exact_s0_20260715-205126.gurobi.log
20260715-205130,kstar_nI40_nJ40_nK100_nL5_tI5_tJ5_s5,exact,0,0,0,600,OPTIMAL,53487.00,53487.00,0.00000000,2.84,2.92,-1.00,-1.00,-1.00,0,-1.00,53487.00,1,13.0.2,logs/kstar_nI40_nJ40_nK100_nL5_tI5_tJ5_s5_m0_exact_s0_20260715-205130.gurobi.log
20260715-205133,kstar_nI40_nJ40_nK100_nL5_tI6_tJ6_s1,exact,0,0,0,600,OPTIMAL,52628.00,52628.00,0.00000000,2.91,2.97,-1.00,-1.00,-1.00,0,-1.00,52628.00,1,13.0.2,logs/kstar_nI40_nJ40_nK100_nL5_tI6_tJ6_s1_m0_exact_s0_20260715-205133.gurobi.log
20260715-205136,kstar_nI40_nJ40_nK100_nL5_tI6_tJ6_s2,exact,0,0,0,600,OPTIMAL,53405.00,53405.00,0.00000000,3.88,3.94,-1.00,-1.00,-1.00,0,-1.00,53405.00,1,13.0.2,logs/kstar_nI40_nJ40_nK100_nL5_tI6_tJ6_s2_m0_exact_s0_20260715-205136.gurobi.log
20260715-205140,kstar_nI40_nJ40_nK100_nL5_tI6_tJ6_s3,exact,0,0,0,600,OPTIMAL,51426.00,51426.00,0.00000000,2.84,2.92,-1.00,-1.00,-1.00,0,-1.00,51426.00,1,13.0.2,logs/kstar_nI40_nJ40_nK100_nL5_tI6_tJ6_s3_m0_exact_s0_20260715-205140.gurobi.log
20260715-205143,kstar_nI40_nJ40_nK100_nL5_tI6_tJ6_s4,exact,0,0,0,600,OPTIMAL,52725.00,52725.00,0.00000000,2.70,2.77,-1.00,-1.00,-1.00,0,-1.00,52725.00,1,13.0.2,logs/kstar_nI40_nJ40_nK100_nL5_tI6_tJ6_s4_m0_exact_s0_20260715-205143.gurobi.log
20260715-205146,kstar_nI40_nJ40_nK100_nL5_tI6_tJ6_s5,exact,0,0,0,600,OPTIMAL,53555.00,53555.00,0.00000000,1.24,1.31,-1.00,-1.00,-1.00,0,-1.00,53555.00,1,13.0.2,logs/kstar_nI40_nJ40_nK100_nL5_tI6_tJ6_s5_m0_exact_s0_20260715-205146.gurobi.log
20260715-205147,kstar_nI40_nJ40_nK50_nL10_tI2_tJ2_s1,exact,0,0,0,600,OPTIMAL,52253.00,52253.00,0.00000000,2.66,2.72,-1.00,-1.00,-1.00,0,-1.00,52253.00,1,13.0.2,logs/kstar_nI40_nJ40_nK50_nL10_tI2_tJ2_s1_m0_exact_s0_20260715-205147.gurobi.log
20260715-205150,kstar_nI40_nJ40_nK50_nL10_tI2_tJ2_s2,exact,0,0,0,600,OPTIMAL,50534.00,50534.00,0.00000000,3.59,3.66,-1.00,-1.00,-1.00,0,-1.00,50534.00,1,13.0.2,logs/kstar_nI40_nJ40_nK50_nL10_tI2_tJ2_s2_m0_exact_s0_20260715-205150.gurobi.log
20260715-205153,kstar_nI40_nJ40_nK50_nL10_tI2_tJ2_s3,exact,0,0,0,600,OPTIMAL,52255.00,52255.00,0.00000000,3.15,3.22,-1.00,-1.00,-1.00,0,-1.00,52255.00,1,13.0.2,logs/kstar_nI40_nJ40_nK50_nL10_tI2_tJ2_s3_m0_exact_s0_20260715-205153.gurobi.log
20260715-205157,kstar_nI40_nJ40_nK50_nL10_tI2_tJ2_s4,exact,0,0,0,600,OPTIMAL,53482.00,53482.00,0.00000000,10.44,10.51,-1.00,-1.00,-1.00,0,-1.00,53482.00,1,13.0.2,logs/kstar_nI40_nJ40_nK50_nL10_tI2_tJ2_s4_m0_exact_s0_20260715-205157.gurobi.log
20260715-205207,kstar_nI40_nJ40_nK50_nL10_tI2_tJ2_s5,exact,0,0,0,600,OPTIMAL,54412.00,54412.00,0.00000000,6.31,6.37,-1.00,-1.00,-1.00,0,-1.00,54412.00,1,13.0.2,logs/kstar_nI40_nJ40_nK50_nL10_tI2_tJ2_s5_m0_exact_s0_20260715-205207.gurobi.log
20260715-205214,kstar_nI40_nJ40_nK50_nL10_tI3_tJ3_s1,exact,0,0,0,600,OPTIMAL,53054.00,53054.00,0.00000000,3.77,3.84,-1.00,-1.00,-1.00,0,-1.00,53054.00,1,13.0.2,logs/kstar_nI40_nJ40_nK50_nL10_tI3_tJ3_s1_m0_exact_s0_20260715-205214.gurobi.log
20260715-205218,kstar_nI40_nJ40_nK50_nL10_tI3_tJ3_s2,exact,0,0,0,600,OPTIMAL,49526.00,49526.00,0.00000000,2.20,2.29,-1.00,-1.00,-1.00,0,-1.00,49526.00,1,13.0.2,logs/kstar_nI40_nJ40_nK50_nL10_tI3_tJ3_s2_m0_exact_s0_20260715-205218.gurobi.log
20260715-205220,kstar_nI40_nJ40_nK50_nL10_tI3_tJ3_s3,exact,0,0,0,600,OPTIMAL,51931.00,51931.00,0.00000000,2.53,2.61,-1.00,-1.00,-1.00,0,-1.00,51931.00,1,13.0.2,logs/kstar_nI40_nJ40_nK50_nL10_tI3_tJ3_s3_m0_exact_s0_20260715-205220.gurobi.log
20260715-205223,kstar_nI40_nJ40_nK50_nL10_tI3_tJ3_s4,exact,0,0,0,600,OPTIMAL,54821.00,54821.00,0.00000000,3.97,4.03,-1.00,-1.00,-1.00,0,-1.00,54821.00,1,13.0.2,logs/kstar_nI40_nJ40_nK50_nL10_tI3_tJ3_s4_m0_exact_s0_20260715-205223.gurobi.log
20260715-205227,kstar_nI40_nJ40_nK50_nL10_tI3_tJ3_s5,exact,0,0,0,600,OPTIMAL,52952.00,52952.00,0.00000000,2.57,2.64,-1.00,-1.00,-1.00,0,-1.00,52952.00,1,13.0.2,logs/kstar_nI40_nJ40_nK50_nL10_tI3_tJ3_s5_m0_exact_s0_20260715-205227.gurobi.log
20260715-205229,kstar_nI40_nJ40_nK50_nL10_tI4_tJ4_s1,exact,0,0,0,600,OPTIMAL,53393.00,53393.00,0.00000000,3.03,3.08,-1.00,-1.00,-1.00,0,-1.00,53393.00,1,13.0.2,logs/kstar_nI40_nJ40_nK50_nL10_tI4_tJ4_s1_m0_exact_s0_20260715-205229.gurobi.log
20260715-205233,kstar_nI40_nJ40_nK50_nL10_tI4_tJ4_s2,exact,0,0,0,600,OPTIMAL,52596.00,52596.00,0.00000000,5.42,5.48,-1.00,-1.00,-1.00,0,-1.00,52596.00,1,13.0.2,logs/kstar_nI40_nJ40_nK50_nL10_tI4_tJ4_s2_m0_exact_s0_20260715-205233.gurobi.log
20260715-205238,kstar_nI40_nJ40_nK50_nL10_tI4_tJ4_s3,exact,0,0,0,600,OPTIMAL,53840.00,53840.00,0.00000000,6.94,7.01,-1.00,-1.00,-1.00,0,-1.00,53840.00,1,13.0.2,logs/kstar_nI40_nJ40_nK50_nL10_tI4_tJ4_s3_m0_exact_s0_20260715-205238.gurobi.log
20260715-205245,kstar_nI40_nJ40_nK50_nL10_tI4_tJ4_s4,exact,0,0,0,600,OPTIMAL,53057.00,53057.00,0.00000000,3.09,3.14,-1.00,-1.00,-1.00,0,-1.00,53057.00,1,13.0.2,logs/kstar_nI40_nJ40_nK50_nL10_tI4_tJ4_s4_m0_exact_s0_20260715-205245.gurobi.log
20260715-205248,kstar_nI40_nJ40_nK50_nL10_tI4_tJ4_s5,exact,0,0,0,600,OPTIMAL,53300.00,53300.00,0.00000000,3.71,3.77,-1.00,-1.00,-1.00,0,-1.00,53300.00,1,13.0.2,logs/kstar_nI40_nJ40_nK50_nL10_tI4_tJ4_s5_m0_exact_s0_20260715-205248.gurobi.log
20260715-205252,kstar_nI40_nJ40_nK50_nL10_tI5_tJ5_s1,exact,0,0,0,600,OPTIMAL,51772.00,51772.00,0.00000000,3.04,3.12,-1.00,-1.00,-1.00,0,-1.00,51772.00,1,13.0.2,logs/kstar_nI40_nJ40_nK50_nL10_tI5_tJ5_s1_m0_exact_s0_20260715-205252.gurobi.log
20260715-205255,kstar_nI40_nJ40_nK50_nL10_tI5_tJ5_s2,exact,0,0,0,600,OPTIMAL,51725.00,51725.00,0.00000000,4.12,4.18,-1.00,-1.00,-1.00,0,-1.00,51725.00,1,13.0.2,logs/kstar_nI40_nJ40_nK50_nL10_tI5_tJ5_s2_m0_exact_s0_20260715-205255.gurobi.log
20260715-205259,kstar_nI40_nJ40_nK50_nL10_tI5_tJ5_s3,exact,0,0,0,600,OPTIMAL,53316.00,53316.00,0.00000000,3.98,4.05,-1.00,-1.00,-1.00,0,-1.00,53316.00,1,13.0.2,logs/kstar_nI40_nJ40_nK50_nL10_tI5_tJ5_s3_m0_exact_s0_20260715-205259.gurobi.log
20260715-205304,kstar_nI40_nJ40_nK50_nL10_tI5_tJ5_s4,exact,0,0,0,600,OPTIMAL,54295.00,54295.00,0.00000000,6.41,6.49,-1.00,-1.00,-1.00,0,-1.00,54295.00,1,13.0.2,logs/kstar_nI40_nJ40_nK50_nL10_tI5_tJ5_s4_m0_exact_s0_20260715-205304.gurobi.log
20260715-205310,kstar_nI40_nJ40_nK50_nL10_tI5_tJ5_s5,exact,0,0,0,600,OPTIMAL,51128.00,51128.00,0.00000000,1.81,1.88,-1.00,-1.00,-1.00,0,-1.00,51128.00,1,13.0.2,logs/kstar_nI40_nJ40_nK50_nL10_tI5_tJ5_s5_m0_exact_s0_20260715-205310.gurobi.log
20260715-205312,kstar_nI40_nJ40_nK50_nL10_tI6_tJ6_s1,exact,0,0,0,600,OPTIMAL,53280.00,53280.00,0.00000000,2.26,2.34,-1.00,-1.00,-1.00,0,-1.00,53280.00,1,13.0.2,logs/kstar_nI40_nJ40_nK50_nL10_tI6_tJ6_s1_m0_exact_s0_20260715-205312.gurobi.log
20260715-205314,kstar_nI40_nJ40_nK50_nL10_tI6_tJ6_s2,exact,0,0,0,600,OPTIMAL,54306.00,54306.00,0.00000000,4.66,4.73,-1.00,-1.00,-1.00,0,-1.00,54306.00,1,13.0.2,logs/kstar_nI40_nJ40_nK50_nL10_tI6_tJ6_s2_m0_exact_s0_20260715-205314.gurobi.log
20260715-205319,kstar_nI40_nJ40_nK50_nL10_tI6_tJ6_s3,exact,0,0,0,600,OPTIMAL,53304.00,53304.00,0.00000000,3.31,3.38,-1.00,-1.00,-1.00,0,-1.00,53304.00,1,13.0.2,logs/kstar_nI40_nJ40_nK50_nL10_tI6_tJ6_s3_m0_exact_s0_20260715-205319.gurobi.log
20260715-205323,kstar_nI40_nJ40_nK50_nL10_tI6_tJ6_s4,exact,0,0,0,600,OPTIMAL,52294.00,52294.00,0.00000000,6.16,6.22,-1.00,-1.00,-1.00,0,-1.00,52294.00,1,13.0.2,logs/kstar_nI40_nJ40_nK50_nL10_tI6_tJ6_s4_m0_exact_s0_20260715-205323.gurobi.log
20260715-205329,kstar_nI40_nJ40_nK50_nL10_tI6_tJ6_s5,exact,0,0,0,600,OPTIMAL,51309.00,51309.00,0.00000000,2.86,2.93,-1.00,-1.00,-1.00,0,-1.00,51309.00,1,13.0.2,logs/kstar_nI40_nJ40_nK50_nL10_tI6_tJ6_s5_m0_exact_s0_20260715-205329.gurobi.log
20260715-205332,kstar_nI40_nJ40_nK50_nL5_tI2_tJ2_s1,exact,0,0,0,600,OPTIMAL,29467.00,29467.00,0.00000000,1.75,1.79,-1.00,-1.00,-1.00,0,-1.00,29467.00,1,13.0.2,logs/kstar_nI40_nJ40_nK50_nL5_tI2_tJ2_s1_m0_exact_s0_20260715-205332.gurobi.log
20260715-205334,kstar_nI40_nJ40_nK50_nL5_tI2_tJ2_s2,exact,0,0,0,600,OPTIMAL,29428.00,29428.00,0.00000000,4.34,4.39,-1.00,-1.00,-1.00,0,-1.00,29428.00,1,13.0.2,logs/kstar_nI40_nJ40_nK50_nL5_tI2_tJ2_s2_m0_exact_s0_20260715-205334.gurobi.log
20260715-205338,kstar_nI40_nJ40_nK50_nL5_tI2_tJ2_s3,exact,0,0,0,600,OPTIMAL,30927.00,30927.00,0.00000000,11.06,11.10,-1.00,-1.00,-1.00,0,-1.00,30927.00,1,13.0.2,logs/kstar_nI40_nJ40_nK50_nL5_tI2_tJ2_s3_m0_exact_s0_20260715-205338.gurobi.log
20260715-205349,kstar_nI40_nJ40_nK50_nL5_tI2_tJ2_s4,exact,0,0,0,600,OPTIMAL,30075.00,30075.00,0.00000000,13.88,13.92,-1.00,-1.00,-1.00,0,-1.00,30075.00,1,13.0.2,logs/kstar_nI40_nJ40_nK50_nL5_tI2_tJ2_s4_m0_exact_s0_20260715-205349.gurobi.log
20260715-205403,kstar_nI40_nJ40_nK50_nL5_tI2_tJ2_s5,exact,0,0,0,600,OPTIMAL,29696.00,29696.00,0.00000000,3.46,3.50,-1.00,-1.00,-1.00,0,-1.00,29696.00,1,13.0.2,logs/kstar_nI40_nJ40_nK50_nL5_tI2_tJ2_s5_m0_exact_s0_20260715-205403.gurobi.log
20260715-205407,kstar_nI40_nJ40_nK50_nL5_tI3_tJ3_s1,exact,0,0,0,600,OPTIMAL,32630.00,32630.00,0.00000000,12.38,12.42,-1.00,-1.00,-1.00,0,-1.00,32630.00,1,13.0.2,logs/kstar_nI40_nJ40_nK50_nL5_tI3_tJ3_s1_m0_exact_s0_20260715-205407.gurobi.log
20260715-205419,kstar_nI40_nJ40_nK50_nL5_tI3_tJ3_s2,exact,0,0,0,600,OPTIMAL,31858.00,31858.00,0.00000000,6.89,6.93,-1.00,-1.00,-1.00,0,-1.00,31858.00,1,13.0.2,logs/kstar_nI40_nJ40_nK50_nL5_tI3_tJ3_s2_m0_exact_s0_20260715-205419.gurobi.log
20260715-205426,kstar_nI40_nJ40_nK50_nL5_tI3_tJ3_s3,exact,0,0,0,600,OPTIMAL,30047.00,30047.00,0.00000000,7.92,7.96,-1.00,-1.00,-1.00,0,-1.00,30047.00,1,13.0.2,logs/kstar_nI40_nJ40_nK50_nL5_tI3_tJ3_s3_m0_exact_s0_20260715-205426.gurobi.log
20260715-205434,kstar_nI40_nJ40_nK50_nL5_tI3_tJ3_s4,exact,0,0,0,600,OPTIMAL,31642.00,31642.00,0.00000000,3.32,3.36,-1.00,-1.00,-1.00,0,-1.00,31642.00,1,13.0.2,logs/kstar_nI40_nJ40_nK50_nL5_tI3_tJ3_s4_m0_exact_s0_20260715-205434.gurobi.log
20260715-205438,kstar_nI40_nJ40_nK50_nL5_tI3_tJ3_s5,exact,0,0,0,600,OPTIMAL,30267.00,30267.00,0.00000000,6.15,6.20,-1.00,-1.00,-1.00,0,-1.00,30267.00,1,13.0.2,logs/kstar_nI40_nJ40_nK50_nL5_tI3_tJ3_s5_m0_exact_s0_20260715-205438.gurobi.log
20260715-205444,kstar_nI40_nJ40_nK50_nL5_tI4_tJ4_s1,exact,0,0,0,600,OPTIMAL,31432.00,31431.19,0.00002577,2.82,2.87,-1.00,-1.00,-1.00,0,-1.00,31432.00,1,13.0.2,logs/kstar_nI40_nJ40_nK50_nL5_tI4_tJ4_s1_m0_exact_s0_20260715-205444.gurobi.log
20260715-205447,kstar_nI40_nJ40_nK50_nL5_tI4_tJ4_s2,exact,0,0,0,600,OPTIMAL,31010.00,31010.00,0.00000000,3.87,3.91,-1.00,-1.00,-1.00,0,-1.00,31010.00,1,13.0.2,logs/kstar_nI40_nJ40_nK50_nL5_tI4_tJ4_s2_m0_exact_s0_20260715-205447.gurobi.log
20260715-205451,kstar_nI40_nJ40_nK50_nL5_tI4_tJ4_s3,exact,0,0,0,600,OPTIMAL,31395.00,31395.00,0.00000000,3.52,3.57,-1.00,-1.00,-1.00,0,-1.00,31395.00,1,13.0.2,logs/kstar_nI40_nJ40_nK50_nL5_tI4_tJ4_s3_m0_exact_s0_20260715-205451.gurobi.log
20260715-205454,kstar_nI40_nJ40_nK50_nL5_tI4_tJ4_s4,exact,0,0,0,600,OPTIMAL,31950.00,31950.00,0.00000000,3.76,3.80,-1.00,-1.00,-1.00,0,-1.00,31950.00,1,13.0.2,logs/kstar_nI40_nJ40_nK50_nL5_tI4_tJ4_s4_m0_exact_s0_20260715-205454.gurobi.log
20260715-205458,kstar_nI40_nJ40_nK50_nL5_tI4_tJ4_s5,exact,0,0,0,600,OPTIMAL,31491.00,31491.00,0.00000000,98.59,98.65,-1.00,-1.00,-1.00,0,-1.00,31491.00,1,13.0.2,logs/kstar_nI40_nJ40_nK50_nL5_tI4_tJ4_s5_m0_exact_s0_20260715-205458.gurobi.log
20260715-205637,kstar_nI40_nJ40_nK50_nL5_tI5_tJ5_s1,exact,0,0,0,600,OPTIMAL,30912.00,30912.00,0.00000000,5.25,5.29,-1.00,-1.00,-1.00,0,-1.00,30912.00,1,13.0.2,logs/kstar_nI40_nJ40_nK50_nL5_tI5_tJ5_s1_m0_exact_s0_20260715-205637.gurobi.log
20260715-205642,kstar_nI40_nJ40_nK50_nL5_tI5_tJ5_s2,exact,0,0,0,600,OPTIMAL,32444.00,32444.00,0.00000000,4.86,4.90,-1.00,-1.00,-1.00,0,-1.00,32444.00,1,13.0.2,logs/kstar_nI40_nJ40_nK50_nL5_tI5_tJ5_s2_m0_exact_s0_20260715-205642.gurobi.log
20260715-205647,kstar_nI40_nJ40_nK50_nL5_tI5_tJ5_s3,exact,0,0,0,600,OPTIMAL,32891.00,32891.00,0.00000000,6.67,6.72,-1.00,-1.00,-1.00,0,-1.00,32891.00,1,13.0.2,logs/kstar_nI40_nJ40_nK50_nL5_tI5_tJ5_s3_m0_exact_s0_20260715-205647.gurobi.log
20260715-205654,kstar_nI40_nJ40_nK50_nL5_tI5_tJ5_s4,exact,0,0,0,600,OPTIMAL,32807.00,32807.00,0.00000000,3.92,3.96,-1.00,-1.00,-1.00,0,-1.00,32807.00,1,13.0.2,logs/kstar_nI40_nJ40_nK50_nL5_tI5_tJ5_s4_m0_exact_s0_20260715-205654.gurobi.log
20260715-205658,kstar_nI40_nJ40_nK50_nL5_tI5_tJ5_s5,exact,0,0,0,600,OPTIMAL,30293.00,30293.00,0.00000000,4.21,4.26,-1.00,-1.00,-1.00,0,-1.00,30293.00,1,13.0.2,logs/kstar_nI40_nJ40_nK50_nL5_tI5_tJ5_s5_m0_exact_s0_20260715-205658.gurobi.log
20260715-205702,kstar_nI40_nJ40_nK50_nL5_tI6_tJ6_s1,exact,0,0,0,600,OPTIMAL,32485.00,32485.00,0.00000000,7.05,7.08,-1.00,-1.00,-1.00,0,-1.00,32485.00,1,13.0.2,logs/kstar_nI40_nJ40_nK50_nL5_tI6_tJ6_s1_m0_exact_s0_20260715-205702.gurobi.log
20260715-205709,kstar_nI40_nJ40_nK50_nL5_tI6_tJ6_s2,exact,0,0,0,600,OPTIMAL,32371.00,32371.00,0.00000000,4.31,4.35,-1.00,-1.00,-1.00,0,-1.00,32371.00,1,13.0.2,logs/kstar_nI40_nJ40_nK50_nL5_tI6_tJ6_s2_m0_exact_s0_20260715-205709.gurobi.log
20260715-205714,kstar_nI40_nJ40_nK50_nL5_tI6_tJ6_s3,exact,0,0,0,600,OPTIMAL,30146.00,30146.00,0.00000000,3.09,3.12,-1.00,-1.00,-1.00,0,-1.00,30146.00,1,13.0.2,logs/kstar_nI40_nJ40_nK50_nL5_tI6_tJ6_s3_m0_exact_s0_20260715-205714.gurobi.log
20260715-205717,kstar_nI40_nJ40_nK50_nL5_tI6_tJ6_s4,exact,0,0,0,600,OPTIMAL,32881.00,32881.00,0.00000000,7.61,7.65,-1.00,-1.00,-1.00,0,-1.00,32881.00,1,13.0.2,logs/kstar_nI40_nJ40_nK50_nL5_tI6_tJ6_s4_m0_exact_s0_20260715-205717.gurobi.log
20260715-205725,kstar_nI40_nJ40_nK50_nL5_tI6_tJ6_s5,exact,0,0,0,600,OPTIMAL,31046.00,31046.00,0.00000000,6.43,6.47,-1.00,-1.00,-1.00,0,-1.00,31046.00,1,13.0.2,logs/kstar_nI40_nJ40_nK50_nL5_tI6_tJ6_s5_m0_exact_s0_20260715-205725.gurobi.log
20260715-205731,kstar_nI20_nJ20_nK50_nL5_tI2_tJ2_s3,exact,1,0,0,600,FEASIBLE,51149.00,33626.02,0.34258689,601.67,602.47,-1.00,-1.00,-1.00,49184,-1.00,51149.00,1,13.0.2,logs/kstar_nI20_nJ20_nK50_nL5_tI2_tJ2_s3_m1_exact_s0_20260715-205731.gurobi.log
20260715-210734,kstar_nI20_nJ20_nK50_nL5_tI2_tJ2_s4,exact,1,0,0,600,FEASIBLE,44162.00,31890.42,0.27787653,601.16,601.90,-1.00,-1.00,-1.00,47796,-1.00,44162.00,1,13.0.2,logs/kstar_nI20_nJ20_nK50_nL5_tI2_tJ2_s4_m1_exact_s0_20260715-210734.gurobi.log
20260715-211736,kstar_nI20_nJ20_nK50_nL5_tI2_tJ2_s5,exact,1,0,0,600,FEASIBLE,44513.00,31132.39,0.30060002,601.32,602.06,-1.00,-1.00,-1.00,47099,-1.00,44513.00,1,13.0.2,logs/kstar_nI20_nJ20_nK50_nL5_tI2_tJ2_s5_m1_exact_s0_20260715-211736.gurobi.log
20260715-212738,kstar_nI20_nJ20_nK50_nL5_tI3_tJ3_s1,exact,1,0,0,600,FEASIBLE,56848.00,31430.36,0.44711587,600.90,599.60,-1.00,-1.00,-1.00,40483,-1.00,56848.00,1,13.0.2,logs/kstar_nI20_nJ20_nK50_nL5_tI3_tJ3_s1_m1_exact_s0_20260715-212738.gurobi.log
20260715-213740,kstar_nI20_nJ20_nK50_nL5_tI3_tJ3_s2,exact,1,0,0,600,FEASIBLE,59030.00,36147.31,0.38764511,601.56,602.59,-1.00,-1.00,-1.00,40979,-1.00,59030.00,1,13.0.2,logs/kstar_nI20_nJ20_nK50_nL5_tI3_tJ3_s2_m1_exact_s0_20260715-213740.gurobi.log
20260715-214742,kstar_nI20_nJ20_nK50_nL5_tI3_tJ3_s3,exact,1,0,0,600,FEASIBLE,65404.00,29520.09,0.54865013,600.66,601.52,-1.00,-1.00,-1.00,41143,-1.00,65404.00,1,13.0.2,logs/kstar_nI20_nJ20_nK50_nL5_tI3_tJ3_s3_m1_exact_s0_20260715-214742.gurobi.log
20260715-215744,kstar_nI20_nJ20_nK50_nL5_tI3_tJ3_s4,exact,1,0,0,600,FEASIBLE,44300.00,34066.83,0.23099699,600.86,601.84,-1.00,-1.00,-1.00,42405,-1.00,44300.00,1,13.0.2,logs/kstar_nI20_nJ20_nK50_nL5_tI3_tJ3_s4_m1_exact_s0_20260715-215744.gurobi.log
20260715-220746,kstar_nI20_nJ20_nK50_nL5_tI3_tJ3_s5,exact,1,0,0,600,FEASIBLE,58289.00,34447.55,0.40902148,601.90,602.91,-1.00,-1.00,-1.00,43241,-1.00,58289.00,1,13.0.2,logs/kstar_nI20_nJ20_nK50_nL5_tI3_tJ3_s5_m1_exact_s0_20260715-220746.gurobi.log
20260715-221749,kstar_nI20_nJ20_nK50_nL5_tI4_tJ4_s1,exact,1,0,0,600,FEASIBLE,45576.00,31302.00,0.31319113,600.88,602.00,-1.00,-1.00,-1.00,39726,-1.00,45576.00,1,13.0.2,logs/kstar_nI20_nJ20_nK50_nL5_tI4_tJ4_s1_m1_exact_s0_20260715-221749.gurobi.log
20260715-222751,kstar_nI20_nJ20_nK50_nL5_tI4_tJ4_s2,exact,1,0,0,600,FEASIBLE,51270.00,36052.19,0.29681705,601.58,602.74,-1.00,-1.00,-1.00,41304,-1.00,51270.00,1,13.0.2,logs/kstar_nI20_nJ20_nK50_nL5_tI4_tJ4_s2_m1_exact_s0_20260715-222751.gurobi.log
20260715-223753,kstar_nI20_nJ20_nK50_nL5_tI4_tJ4_s3,exact,1,0,0,600,FEASIBLE,45101.00,36342.38,0.19420009,600.55,601.46,-1.00,-1.00,-1.00,43132,-1.00,45101.00,1,13.0.2,logs/kstar_nI20_nJ20_nK50_nL5_tI4_tJ4_s3_m1_exact_s0_20260715-223753.gurobi.log
20260715-224755,kstar_nI20_nJ20_nK50_nL5_tI4_tJ4_s4,exact,1,0,0,600,FEASIBLE,45844.00,35642.91,0.22251756,600.69,601.89,-1.00,-1.00,-1.00,40560,-1.00,45844.00,1,13.0.2,logs/kstar_nI20_nJ20_nK50_nL5_tI4_tJ4_s4_m1_exact_s0_20260715-224755.gurobi.log
20260715-225757,kstar_nI20_nJ20_nK50_nL5_tI4_tJ4_s5,exact,1,0,0,600,FEASIBLE,56453.00,33984.02,0.39801215,601.27,602.38,-1.00,-1.00,-1.00,38824,-1.00,56453.00,1,13.0.2,logs/kstar_nI20_nJ20_nK50_nL5_tI4_tJ4_s5_m1_exact_s0_20260715-225757.gurobi.log
20260715-230759,kstar_nI20_nJ20_nK50_nL5_tI5_tJ5_s1,exact,1,0,0,600,FEASIBLE,43303.00,35909.55,0.17073758,601.54,602.59,-1.00,-1.00,-1.00,38915,-1.00,43303.00,1,13.0.2,logs/kstar_nI20_nJ20_nK50_nL5_tI5_tJ5_s1_m1_exact_s0_20260715-230759.gurobi.log
20260715-231802,kstar_nI20_nJ20_nK50_nL5_tI5_tJ5_s2,exact,1,0,0,600,FEASIBLE,48605.00,40511.34,0.16651903,601.42,602.69,-1.00,-1.00,-1.00,42388,-1.00,48605.00,1,13.0.2,logs/kstar_nI20_nJ20_nK50_nL5_tI5_tJ5_s2_m1_exact_s0_20260715-231802.gurobi.log
20260715-232805,kstar_nI20_nJ20_nK50_nL5_tI5_tJ5_s3,exact,1,0,0,600,FEASIBLE,47229.00,36771.00,0.22143175,602.14,603.29,-1.00,-1.00,-1.00,39153,-1.00,47229.00,1,13.0.2,logs/kstar_nI20_nJ20_nK50_nL5_tI5_tJ5_s3_m1_exact_s0_20260715-232805.gurobi.log
20260715-233808,kstar_nI20_nJ20_nK50_nL5_tI5_tJ5_s4,exact,1,0,0,600,FEASIBLE,48648.00,39669.29,0.18456482,601.05,602.22,-1.00,-1.00,-1.00,41632,-1.00,48648.00,1,13.0.2,logs/kstar_nI20_nJ20_nK50_nL5_tI5_tJ5_s4_m1_exact_s0_20260715-233808.gurobi.log
20260715-234810,kstar_nI20_nJ20_nK50_nL5_tI5_tJ5_s5,exact,1,0,0,600,FEASIBLE,42850.00,32697.77,0.23692478,601.89,603.07,-1.00,-1.00,-1.00,41185,-1.00,42850.00,1,13.0.2,logs/kstar_nI20_nJ20_nK50_nL5_tI5_tJ5_s5_m1_exact_s0_20260715-234810.gurobi.log
20260715-235814,kstar_nI20_nJ20_nK50_nL5_tI6_tJ6_s1,exact,1,0,0,600,FEASIBLE,45545.00,32982.48,0.27582648,600.68,601.82,-1.00,-1.00,-1.00,39010,-1.00,45545.00,1,13.0.2,logs/kstar_nI20_nJ20_nK50_nL5_tI6_tJ6_s1_m1_exact_s0_20260715-235814.gurobi.log
20260716-000815,kstar_nI20_nJ20_nK50_nL5_tI6_tJ6_s2,exact,1,0,0,600,FEASIBLE,40728.00,34382.40,0.15580425,600.84,601.94,-1.00,-1.00,-1.00,36062,-1.00,40728.00,1,13.0.2,logs/kstar_nI20_nJ20_nK50_nL5_tI6_tJ6_s2_m1_exact_s0_20260716-000815.gurobi.log
20260716-001817,kstar_nI20_nJ20_nK50_nL5_tI6_tJ6_s3,exact,1,0,0,600,FEASIBLE,44421.00,36967.54,0.16779137,601.76,603.03,-1.00,-1.00,-1.00,42658,-1.00,44421.00,1,13.0.2,logs/kstar_nI20_nJ20_nK50_nL5_tI6_tJ6_s3_m1_exact_s0_20260716-001817.gurobi.log
20260716-002820,kstar_nI20_nJ20_nK50_nL5_tI6_tJ6_s4,exact,1,0,0,600,FEASIBLE,40742.00,34145.68,0.16190461,600.66,601.78,-1.00,-1.00,-1.00,40450,-1.00,40742.00,1,13.0.2,logs/kstar_nI20_nJ20_nK50_nL5_tI6_tJ6_s4_m1_exact_s0_20260716-002820.gurobi.log
20260716-003822,kstar_nI20_nJ20_nK50_nL5_tI6_tJ6_s5,exact,1,0,0,600,FEASIBLE,44682.00,35162.03,0.21306051,601.94,603.13,-1.00,-1.00,-1.00,39325,-1.00,44682.00,1,13.0.2,logs/kstar_nI20_nJ20_nK50_nL5_tI6_tJ6_s5_m1_exact_s0_20260716-003822.gurobi.log
20260716-004825,kstar_nI20_nJ40_nK100_nL10_tI2_tJ2_s1,exact,1,0,0,600,FEASIBLE,293979.00,78637.65,0.73250590,602.03,602.54,-1.00,-1.00,-1.00,46863,-1.00,293979.00,1,13.0.2,logs/kstar_nI20_nJ40_nK100_nL10_tI2_tJ2_s1_m1_exact_s0_20260716-004825.gurobi.log
20260716-005828,kstar_nI20_nJ40_nK100_nL10_tI2_tJ2_s2,exact,1,0,0,600,FEASIBLE,297705.00,80815.24,0.72853919,602.85,603.24,-1.00,-1.00,-1.00,48371,-1.00,297705.00,1,13.0.2,logs/kstar_nI20_nJ40_nK100_nL10_tI2_tJ2_s2_m1_exact_s0_20260716-005828.gurobi.log
20260716-010831,kstar_nI20_nJ40_nK100_nL10_tI2_tJ2_s3,exact,1,0,0,600,FEASIBLE,250453.00,80206.44,0.67975451,603.61,603.99,-1.00,-1.00,-1.00,47944,-1.00,250453.00,1,13.0.2,logs/kstar_nI20_nJ40_nK100_nL10_tI2_tJ2_s3_m1_exact_s0_20260716-010831.gurobi.log
20260716-011835,kstar_nI20_nJ40_nK100_nL10_tI2_tJ2_s4,exact,1,0,0,600,FEASIBLE,276296.00,83578.91,0.69750227,601.35,601.76,-1.00,-1.00,-1.00,43895,-1.00,276296.00,1,13.0.2,logs/kstar_nI20_nJ40_nK100_nL10_tI2_tJ2_s4_m1_exact_s0_20260716-011835.gurobi.log
20260716-012837,kstar_nI20_nJ40_nK100_nL10_tI2_tJ2_s5,exact,1,0,0,600,FEASIBLE,263720.00,79546.87,0.69836618,603.44,603.80,-1.00,-1.00,-1.00,47689,-1.00,263720.00,1,13.0.2,logs/kstar_nI20_nJ40_nK100_nL10_tI2_tJ2_s5_m1_exact_s0_20260716-012837.gurobi.log
20260716-013841,kstar_nI20_nJ40_nK100_nL10_tI3_tJ3_s1,exact,1,0,0,600,FEASIBLE,248646.00,79281.61,0.68114664,603.19,603.57,-1.00,-1.00,-1.00,43223,-1.00,248646.00,1,13.0.2,logs/kstar_nI20_nJ40_nK100_nL10_tI3_tJ3_s1_m1_exact_s0_20260716-013841.gurobi.log
20260716-014845,kstar_nI20_nJ40_nK100_nL10_tI3_tJ3_s2,exact,1,0,0,600,FEASIBLE,194931.00,84000.84,0.56907397,602.84,603.25,-1.00,-1.00,-1.00,42358,-1.00,194931.00,1,13.0.2,logs/kstar_nI20_nJ40_nK100_nL10_tI3_tJ3_s2_m1_exact_s0_20260716-014845.gurobi.log
20260716-015848,kstar_nI20_nJ40_nK100_nL10_tI3_tJ3_s3,exact,1,0,0,600,FEASIBLE,294500.00,78477.36,0.73352340,602.77,603.29,-1.00,-1.00,-1.00,47621,-1.00,294500.00,1,13.0.2,logs/kstar_nI20_nJ40_nK100_nL10_tI3_tJ3_s3_m1_exact_s0_20260716-015848.gurobi.log
20260716-020851,kstar_nI20_nJ40_nK100_nL10_tI3_tJ3_s4,exact,1,0,0,600,FEASIBLE,259863.00,82063.10,0.68420630,603.00,603.35,-1.00,-1.00,-1.00,41702,-1.00,259863.00,1,13.0.2,logs/kstar_nI20_nJ40_nK100_nL10_tI3_tJ3_s4_m1_exact_s0_20260716-020851.gurobi.log
20260716-021855,kstar_nI20_nJ40_nK100_nL10_tI3_tJ3_s5,exact,1,0,0,600,FEASIBLE,302369.00,82135.58,0.72835978,601.94,602.46,-1.00,-1.00,-1.00,43795,-1.00,302369.00,1,13.0.2,logs/kstar_nI20_nJ40_nK100_nL10_tI3_tJ3_s5_m1_exact_s0_20260716-021855.gurobi.log
20260716-022857,kstar_nI20_nJ40_nK100_nL10_tI4_tJ4_s1,exact,1,0,0,600,FEASIBLE,194397.00,77882.94,0.59936140,600.55,600.89,-1.00,-1.00,-1.00,44508,-1.00,194397.00,1,13.0.2,logs/kstar_nI20_nJ40_nK100_nL10_tI4_tJ4_s1_m1_exact_s0_20260716-022857.gurobi.log
20260716-023858,kstar_nI20_nJ40_nK100_nL10_tI4_tJ4_s2,exact,1,0,0,600,FEASIBLE,251265.00,84861.80,0.66226176,602.14,602.79,-1.00,-1.00,-1.00,40455,-1.00,251265.00,1,13.0.2,logs/kstar_nI20_nJ40_nK100_nL10_tI4_tJ4_s2_m1_exact_s0_20260716-023858.gurobi.log
20260716-024901,kstar_nI20_nJ40_nK100_nL10_tI4_tJ4_s3,exact,1,0,0,600,FEASIBLE,216224.00,83157.55,0.61541016,601.52,602.10,-1.00,-1.00,-1.00,44979,-1.00,216224.00,1,13.0.2,logs/kstar_nI20_nJ40_nK100_nL10_tI4_tJ4_s3_m1_exact_s0_20260716-024901.gurobi.log
20260716-025903,kstar_nI20_nJ40_nK100_nL10_tI4_tJ4_s4,exact,1,0,0,600,FEASIBLE,201979.00,84742.27,0.58044018,600.61,601.09,-1.00,-1.00,-1.00,42307,-1.00,201979.00,1,13.0.2,logs/kstar_nI20_nJ40_nK100_nL10_tI4_tJ4_s4_m1_exact_s0_20260716-025903.gurobi.log
20260716-030904,kstar_nI20_nJ40_nK100_nL10_tI4_tJ4_s5,exact,1,0,0,600,FEASIBLE,237273.00,83734.86,0.64709488,601.49,602.07,-1.00,-1.00,-1.00,45266,-1.00,237273.00,1,13.0.2,logs/kstar_nI20_nJ40_nK100_nL10_tI4_tJ4_s5_m1_exact_s0_20260716-030904.gurobi.log
20260716-031907,kstar_nI20_nJ40_nK100_nL10_tI5_tJ5_s1,exact,1,0,0,600,FEASIBLE,176135.00,84348.38,0.52111516,601.66,602.30,-1.00,-1.00,-1.00,39864,-1.00,176135.00,1,13.0.2,logs/kstar_nI20_nJ40_nK100_nL10_tI5_tJ5_s1_m1_exact_s0_20260716-031907.gurobi.log
20260716-032909,kstar_nI20_nJ40_nK100_nL10_tI5_tJ5_s2,exact,1,0,0,600,FEASIBLE,169054.00,84978.15,0.49733135,602.28,602.96,-1.00,-1.00,-1.00,41779,-1.00,169054.00,1,13.0.2,logs/kstar_nI20_nJ40_nK100_nL10_tI5_tJ5_s2_m1_exact_s0_20260716-032909.gurobi.log
20260716-033912,kstar_nI20_nJ40_nK100_nL10_tI5_tJ5_s3,exact,1,0,0,600,FEASIBLE,222811.00,83585.00,0.62486141,602.54,603.22,-1.00,-1.00,-1.00,40419,-1.00,222811.00,1,13.0.2,logs/kstar_nI20_nJ40_nK100_nL10_tI5_tJ5_s3_m1_exact_s0_20260716-033912.gurobi.log
20260716-034915,kstar_nI20_nJ40_nK100_nL10_tI5_tJ5_s4,exact,1,0,0,600,FEASIBLE,191098.00,89255.60,0.53293284,603.40,604.11,-1.00,-1.00,-1.00,40319,-1.00,191098.00,1,13.0.2,logs/kstar_nI20_nJ40_nK100_nL10_tI5_tJ5_s4_m1_exact_s0_20260716-034915.gurobi.log
20260716-035919,kstar_nI20_nJ40_nK100_nL10_tI5_tJ5_s5,exact,1,0,0,600,FEASIBLE,176550.00,82240.61,0.53417950,602.33,602.95,-1.00,-1.00,-1.00,41142,-1.00,176550.00,1,13.0.2,logs/kstar_nI20_nJ40_nK100_nL10_tI5_tJ5_s5_m1_exact_s0_20260716-035919.gurobi.log
20260716-040922,kstar_nI20_nJ40_nK100_nL10_tI6_tJ6_s1,exact,1,0,0,600,FEASIBLE,146963.00,84122.49,0.42759409,601.71,602.23,-1.00,-1.00,-1.00,41222,-1.00,146963.00,1,13.0.2,logs/kstar_nI20_nJ40_nK100_nL10_tI6_tJ6_s1_m1_exact_s0_20260716-040922.gurobi.log
20260716-041925,kstar_nI20_nJ40_nK100_nL10_tI6_tJ6_s2,exact,1,0,0,600,FEASIBLE,174386.00,83318.86,0.52221590,601.76,602.31,-1.00,-1.00,-1.00,38801,-1.00,174386.00,1,13.0.2,logs/kstar_nI20_nJ40_nK100_nL10_tI6_tJ6_s2_m1_exact_s0_20260716-041925.gurobi.log
20260716-042927,kstar_nI20_nJ40_nK100_nL10_tI6_tJ6_s3,exact,1,0,0,600,FEASIBLE,156728.00,81599.33,0.47935704,603.31,604.07,-1.00,-1.00,-1.00,41004,-1.00,156728.00,1,13.0.2,logs/kstar_nI20_nJ40_nK100_nL10_tI6_tJ6_s3_m1_exact_s0_20260716-042927.gurobi.log
20260716-043931,kstar_nI20_nJ40_nK100_nL10_tI6_tJ6_s4,exact,1,0,0,600,FEASIBLE,174307.00,84007.85,0.51804663,602.39,603.02,-1.00,-1.00,-1.00,42312,-1.00,174307.00,1,13.0.2,logs/kstar_nI20_nJ40_nK100_nL10_tI6_tJ6_s4_m1_exact_s0_20260716-043931.gurobi.log
20260716-044934,kstar_nI20_nJ40_nK100_nL10_tI6_tJ6_s5,exact,1,0,0,600,FEASIBLE,160839.00,83029.70,0.48377136,603.02,603.71,-1.00,-1.00,-1.00,40759,-1.00,160839.00,1,13.0.2,logs/kstar_nI20_nJ40_nK100_nL10_tI6_tJ6_s5_m1_exact_s0_20260716-044934.gurobi.log
20260716-045938,kstar_nI20_nJ40_nK100_nL5_tI2_tJ2_s1,exact,1,0,0,600,FEASIBLE,117003.00,40742.82,0.65177968,602.96,603.83,-1.00,-1.00,-1.00,36069,-1.00,117003.00,1,13.0.2,logs/kstar_nI20_nJ40_nK100_nL5_tI2_tJ2_s1_m1_exact_s0_20260716-045938.gurobi.log
20260716-050942,kstar_nI20_nJ40_nK100_nL5_tI2_tJ2_s2,exact,1,0,0,600,FEASIBLE,119857.00,42503.21,0.64538397,602.07,602.79,-1.00,-1.00,-1.00,38842,-1.00,119857.00,1,13.0.2,logs/kstar_nI20_nJ40_nK100_nL5_tI2_tJ2_s2_m1_exact_s0_20260716-050942.gurobi.log
20260716-051945,kstar_nI20_nJ40_nK100_nL5_tI2_tJ2_s3,exact,1,0,0,600,FEASIBLE,141252.00,40969.99,0.70995110,602.08,602.76,-1.00,-1.00,-1.00,36380,-1.00,141252.00,1,13.0.2,logs/kstar_nI20_nJ40_nK100_nL5_tI2_tJ2_s3_m1_exact_s0_20260716-051945.gurobi.log
20260716-052948,kstar_nI20_nJ40_nK100_nL5_tI2_tJ2_s4,exact,1,0,0,600,FEASIBLE,153397.00,40134.41,0.73836246,602.44,603.45,-1.00,-1.00,-1.00,36075,-1.00,153397.00,1,13.0.2,logs/kstar_nI20_nJ40_nK100_nL5_tI2_tJ2_s4_m1_exact_s0_20260716-052948.gurobi.log
20260716-053951,kstar_nI20_nJ40_nK100_nL5_tI2_tJ2_s5,exact,1,0,0,600,FEASIBLE,132872.00,40580.17,0.69459198,602.66,603.45,-1.00,-1.00,-1.00,36850,-1.00,132872.00,1,13.0.2,logs/kstar_nI20_nJ40_nK100_nL5_tI2_tJ2_s5_m1_exact_s0_20260716-053951.gurobi.log
20260716-054955,kstar_nI20_nJ40_nK100_nL5_tI3_tJ3_s1,exact,1,0,0,600,FEASIBLE,122728.00,41256.21,0.66384032,601.51,602.41,-1.00,-1.00,-1.00,31278,-1.00,122728.00,1,13.0.2,logs/kstar_nI20_nJ40_nK100_nL5_tI3_tJ3_s1_m1_exact_s0_20260716-054955.gurobi.log
20260716-055957,kstar_nI20_nJ40_nK100_nL5_tI3_tJ3_s2,exact,1,0,0,600,FEASIBLE,142110.00,40343.72,0.71610923,602.77,603.60,-1.00,-1.00,-1.00,33136,-1.00,142110.00,1,13.0.2,logs/kstar_nI20_nJ40_nK100_nL5_tI3_tJ3_s2_m1_exact_s0_20260716-055957.gurobi.log
20260716-061001,kstar_nI20_nJ40_nK100_nL5_tI3_tJ3_s3,exact,1,0,0,600,FEASIBLE,111601.00,38454.31,0.65543043,602.15,602.94,-1.00,-1.00,-1.00,30512,-1.00,111601.00,1,13.0.2,logs/kstar_nI20_nJ40_nK100_nL5_tI3_tJ3_s3_m1_exact_s0_20260716-061001.gurobi.log
20260716-062004,kstar_nI20_nJ40_nK100_nL5_tI3_tJ3_s4,exact,1,0,0,600,FEASIBLE,141837.00,43950.58,0.69013316,601.90,602.46,-1.00,-1.00,-1.00,29499,-1.00,141837.00,1,13.0.2,logs/kstar_nI20_nJ40_nK100_nL5_tI3_tJ3_s4_m1_exact_s0_20260716-062004.gurobi.log
20260716-063006,kstar_nI20_nJ40_nK100_nL5_tI3_tJ3_s5,exact,1,0,0,600,FEASIBLE,125744.00,41480.07,0.67012289,602.31,603.09,-1.00,-1.00,-1.00,32043,-1.00,125744.00,1,13.0.2,logs/kstar_nI20_nJ40_nK100_nL5_tI3_tJ3_s5_m1_exact_s0_20260716-063006.gurobi.log
20260716-064009,kstar_nI20_nJ40_nK100_nL5_tI4_tJ4_s1,exact,1,0,0,600,FEASIBLE,101216.00,41736.99,0.58764435,602.71,603.60,-1.00,-1.00,-1.00,29538,-1.00,101216.00,1,13.0.2,logs/kstar_nI20_nJ40_nK100_nL5_tI4_tJ4_s1_m1_exact_s0_20260716-064009.gurobi.log
20260716-065013,kstar_nI20_nJ40_nK100_nL5_tI4_tJ4_s2,exact,1,0,0,600,FEASIBLE,101121.00,41203.65,0.59253125,602.42,603.26,-1.00,-1.00,-1.00,29866,-1.00,101121.00,1,13.0.2,logs/kstar_nI20_nJ40_nK100_nL5_tI4_tJ4_s2_m1_exact_s0_20260716-065013.gurobi.log
20260716-070016,kstar_nI20_nJ40_nK100_nL5_tI4_tJ4_s3,exact,1,0,0,600,FEASIBLE,110663.00,43306.43,0.60866383,600.78,601.78,-1.00,-1.00,-1.00,28951,-1.00,110663.00,1,13.0.2,logs/kstar_nI20_nJ40_nK100_nL5_tI4_tJ4_s3_m1_exact_s0_20260716-070016.gurobi.log
20260716-071018,kstar_nI20_nJ40_nK100_nL5_tI4_tJ4_s4,exact,1,0,0,600,FEASIBLE,123715.00,42988.42,0.65252055,602.45,603.26,-1.00,-1.00,-1.00,29334,-1.00,123715.00,1,13.0.2,logs/kstar_nI20_nJ40_nK100_nL5_tI4_tJ4_s4_m1_exact_s0_20260716-071018.gurobi.log
20260716-072021,kstar_nI20_nJ40_nK100_nL5_tI4_tJ4_s5,exact,1,0,0,600,FEASIBLE,115727.00,40296.94,0.65179309,601.59,602.50,-1.00,-1.00,-1.00,30408,-1.00,115727.00,1,13.0.2,logs/kstar_nI20_nJ40_nK100_nL5_tI4_tJ4_s5_m1_exact_s0_20260716-072021.gurobi.log
20260716-073024,kstar_nI20_nJ40_nK100_nL5_tI5_tJ5_s1,exact,1,0,0,600,FEASIBLE,110305.00,42706.15,0.61283578,602.31,603.18,-1.00,-1.00,-1.00,28183,-1.00,110305.00,1,13.0.2,logs/kstar_nI20_nJ40_nK100_nL5_tI5_tJ5_s1_m1_exact_s0_20260716-073024.gurobi.log
20260716-074027,kstar_nI20_nJ40_nK100_nL5_tI5_tJ5_s2,exact,1,0,0,600,FEASIBLE,96297.00,42231.52,0.56144508,602.20,603.01,-1.00,-1.00,-1.00,28370,-1.00,96297.00,1,13.0.2,logs/kstar_nI20_nJ40_nK100_nL5_tI5_tJ5_s2_m1_exact_s0_20260716-074027.gurobi.log
20260716-075030,kstar_nI20_nJ40_nK100_nL5_tI5_tJ5_s3,exact,1,0,0,600,FEASIBLE,93784.00,47906.45,0.48918311,602.40,603.39,-1.00,-1.00,-1.00,28028,-1.00,93784.00,1,13.0.2,logs/kstar_nI20_nJ40_nK100_nL5_tI5_tJ5_s3_m1_exact_s0_20260716-075030.gurobi.log
20260716-080034,kstar_nI20_nJ40_nK100_nL5_tI5_tJ5_s4,exact,1,0,0,600,FEASIBLE,89312.00,46367.09,0.48084149,600.56,601.50,-1.00,-1.00,-1.00,27763,-1.00,89312.00,1,13.0.2,logs/kstar_nI20_nJ40_nK100_nL5_tI5_tJ5_s4_m1_exact_s0_20260716-080034.gurobi.log
20260716-081035,kstar_nI20_nJ40_nK100_nL5_tI5_tJ5_s5,exact,1,0,0,600,FEASIBLE,91113.00,42057.99,0.53839754,602.77,603.86,-1.00,-1.00,-1.00,28853,-1.00,91113.00,1,13.0.2,logs/kstar_nI20_nJ40_nK100_nL5_tI5_tJ5_s5_m1_exact_s0_20260716-081035.gurobi.log
20260716-082039,kstar_nI20_nJ40_nK100_nL5_tI6_tJ6_s1,exact,1,0,0,600,FEASIBLE,84115.00,47743.93,0.43239700,600.64,601.71,-1.00,-1.00,-1.00,27850,-1.00,84115.00,1,13.0.2,logs/kstar_nI20_nJ40_nK100_nL5_tI6_tJ6_s1_m1_exact_s0_20260716-082039.gurobi.log
20260716-083041,kstar_nI20_nJ40_nK100_nL5_tI6_tJ6_s2,exact,1,0,0,600,FEASIBLE,82817.00,44437.23,0.46342864,602.45,603.35,-1.00,-1.00,-1.00,26252,-1.00,82817.00,1,13.0.2,logs/kstar_nI20_nJ40_nK100_nL5_tI6_tJ6_s2_m1_exact_s0_20260716-083041.gurobi.log
20260716-084044,kstar_nI20_nJ40_nK100_nL5_tI6_tJ6_s3,exact,1,0,0,600,FEASIBLE,82048.00,43449.02,0.47044393,602.08,603.22,-1.00,-1.00,-1.00,28704,-1.00,82048.00,1,13.0.2,logs/kstar_nI20_nJ40_nK100_nL5_tI6_tJ6_s3_m1_exact_s0_20260716-084044.gurobi.log
20260716-085048,kstar_nI20_nJ40_nK100_nL5_tI6_tJ6_s4,exact,1,0,0,600,FEASIBLE,96048.00,43687.20,0.54515238,601.89,602.94,-1.00,-1.00,-1.00,27829,-1.00,96048.00,1,13.0.2,logs/kstar_nI20_nJ40_nK100_nL5_tI6_tJ6_s4_m1_exact_s0_20260716-085048.gurobi.log
20260716-090051,kstar_nI20_nJ40_nK100_nL5_tI6_tJ6_s5,exact,1,0,0,600,FEASIBLE,91832.00,47045.31,0.48770241,602.44,603.50,-1.00,-1.00,-1.00,27837,-1.00,91832.00,1,13.0.2,logs/kstar_nI20_nJ40_nK100_nL5_tI6_tJ6_s5_m1_exact_s0_20260716-090051.gurobi.log
20260716-091054,kstar_nI20_nJ40_nK50_nL10_tI2_tJ2_s1,exact,1,0,0,600,FEASIBLE,132564.00,40929.53,0.69124703,601.86,602.16,-1.00,-1.00,-1.00,42591,-1.00,132564.00,1,13.0.2,logs/kstar_nI20_nJ40_nK50_nL10_tI2_tJ2_s1_m1_exact_s0_20260716-091054.gurobi.log
20260716-092056,kstar_nI20_nJ40_nK50_nL10_tI2_tJ2_s2,exact,1,0,0,600,FEASIBLE,200249.00,42074.85,0.78988733,602.48,602.76,-1.00,-1.00,-1.00,43591,-1.00,200249.00,1,13.0.2,logs/kstar_nI20_nJ40_nK50_nL10_tI2_tJ2_s2_m1_exact_s0_20260716-092056.gurobi.log
20260716-093059,kstar_nI20_nJ40_nK50_nL10_tI2_tJ2_s3,exact,1,0,0,600,FEASIBLE,153420.00,41688.49,0.72827215,602.38,602.80,-1.00,-1.00,-1.00,43392,-1.00,153420.00,1,13.0.2,logs/kstar_nI20_nJ40_nK50_nL10_tI2_tJ2_s3_m1_exact_s0_20260716-093059.gurobi.log
20260716-094102,kstar_nI20_nJ40_nK50_nL10_tI2_tJ2_s4,exact,1,0,0,600,FEASIBLE,135868.00,40424.74,0.70247051,602.61,602.93,-1.00,-1.00,-1.00,42411,-1.00,135868.00,1,13.0.2,logs/kstar_nI20_nJ40_nK50_nL10_tI2_tJ2_s4_m1_exact_s0_20260716-094102.gurobi.log
20260716-095105,kstar_nI20_nJ40_nK50_nL10_tI2_tJ2_s5,exact,1,0,0,600,FEASIBLE,142380.00,38633.62,0.72865835,602.51,602.80,-1.00,-1.00,-1.00,43265,-1.00,142380.00,1,13.0.2,logs/kstar_nI20_nJ40_nK50_nL10_tI2_tJ2_s5_m1_exact_s0_20260716-095105.gurobi.log
20260716-100108,kstar_nI20_nJ40_nK50_nL10_tI3_tJ3_s1,exact,1,0,0,600,FEASIBLE,126811.00,41163.97,0.67539120,600.84,601.20,-1.00,-1.00,-1.00,40536,-1.00,126811.00,1,13.0.2,logs/kstar_nI20_nJ40_nK50_nL10_tI3_tJ3_s1_m1_exact_s0_20260716-100108.gurobi.log
20260716-101109,kstar_nI20_nJ40_nK50_nL10_tI3_tJ3_s2,exact,1,0,0,600,FEASIBLE,152875.00,43242.57,0.71713771,601.59,601.98,-1.00,-1.00,-1.00,42746,-1.00,152875.00,1,13.0.2,logs/kstar_nI20_nJ40_nK50_nL10_tI3_tJ3_s2_m1_exact_s0_20260716-101109.gurobi.log
20260716-102111,kstar_nI20_nJ40_nK50_nL10_tI3_tJ3_s3,exact,1,0,0,600,FEASIBLE,126078.00,41629.77,0.66980938,600.73,601.07,-1.00,-1.00,-1.00,38175,-1.00,126078.00,1,13.0.2,logs/kstar_nI20_nJ40_nK50_nL10_tI3_tJ3_s3_m1_exact_s0_20260716-102111.gurobi.log
20260716-103112,kstar_nI20_nJ40_nK50_nL10_tI3_tJ3_s4,exact,1,0,0,600,FEASIBLE,119193.00,41818.29,0.64915482,601.24,601.78,-1.00,-1.00,-1.00,38542,-1.00,119193.00,1,13.0.2,logs/kstar_nI20_nJ40_nK50_nL10_tI3_tJ3_s4_m1_exact_s0_20260716-103112.gurobi.log
20260716-104114,kstar_nI20_nJ40_nK50_nL10_tI3_tJ3_s5,exact,1,0,0,600,FEASIBLE,119215.00,42474.85,0.64371216,601.06,601.63,-1.00,-1.00,-1.00,40539,-1.00,119215.00,1,13.0.2,logs/kstar_nI20_nJ40_nK50_nL10_tI3_tJ3_s5_m1_exact_s0_20260716-104114.gurobi.log
20260716-105116,kstar_nI20_nJ40_nK50_nL10_tI4_tJ4_s1,exact,1,0,0,600,FEASIBLE,88590.00,42212.09,0.52351175,602.29,603.05,-1.00,-1.00,-1.00,39835,-1.00,88590.00,1,13.0.2,logs/kstar_nI20_nJ40_nK50_nL10_tI4_tJ4_s1_m1_exact_s0_20260716-105116.gurobi.log
20260716-110119,kstar_nI20_nJ40_nK50_nL10_tI4_tJ4_s2,exact,1,0,0,600,FEASIBLE,93436.00,44391.73,0.52489693,601.61,602.35,-1.00,-1.00,-1.00,38653,-1.00,93436.00,1,13.0.2,logs/kstar_nI20_nJ40_nK50_nL10_tI4_tJ4_s2_m1_exact_s0_20260716-110119.gurobi.log
20260716-111121,kstar_nI20_nJ40_nK50_nL10_tI4_tJ4_s3,exact,1,0,0,600,FEASIBLE,101395.00,42605.38,0.57980786,602.49,602.99,-1.00,-1.00,-1.00,36389,-1.00,101395.00,1,13.0.2,logs/kstar_nI20_nJ40_nK50_nL10_tI4_tJ4_s3_m1_exact_s0_20260716-111121.gurobi.log
20260716-112124,kstar_nI20_nJ40_nK50_nL10_tI4_tJ4_s4,exact,1,0,0,600,FEASIBLE,94060.00,41630.23,0.55740774,601.74,602.66,-1.00,-1.00,-1.00,39034,-1.00,94060.00,1,13.0.2,logs/kstar_nI20_nJ40_nK50_nL10_tI4_tJ4_s4_m1_exact_s0_20260716-112124.gurobi.log
20260716-113127,kstar_nI20_nJ40_nK50_nL10_tI4_tJ4_s5,exact,1,0,0,600,FEASIBLE,109383.00,41419.37,0.62133628,602.05,602.70,-1.00,-1.00,-1.00,38843,-1.00,109383.00,1,13.0.2,logs/kstar_nI20_nJ40_nK50_nL10_tI4_tJ4_s5_m1_exact_s0_20260716-113127.gurobi.log
20260716-114130,kstar_nI20_nJ40_nK50_nL10_tI5_tJ5_s1,exact,1,0,0,600,FEASIBLE,84925.00,42992.92,0.49375427,601.64,602.38,-1.00,-1.00,-1.00,35237,-1.00,84925.00,1,13.0.2,logs/kstar_nI20_nJ40_nK50_nL10_tI5_tJ5_s1_m1_exact_s0_20260716-114130.gurobi.log
20260716-115132,kstar_nI20_nJ40_nK50_nL10_tI5_tJ5_s2,exact,1,0,0,600,FEASIBLE,98561.00,42479.00,0.56900807,601.99,602.73,-1.00,-1.00,-1.00,38223,-1.00,98561.00,1,13.0.2,logs/kstar_nI20_nJ40_nK50_nL10_tI5_tJ5_s2_m1_exact_s0_20260716-115132.gurobi.log
20260716-120135,kstar_nI20_nJ40_nK50_nL10_tI5_tJ5_s3,exact,1,0,0,600,FEASIBLE,84496.00,42348.64,0.49880888,601.73,602.45,-1.00,-1.00,-1.00,39427,-1.00,84496.00,1,13.0.2,logs/kstar_nI20_nJ40_nK50_nL10_tI5_tJ5_s3_m1_exact_s0_20260716-120135.gurobi.log
20260716-121138,kstar_nI20_nJ40_nK50_nL10_tI5_tJ5_s4,exact,1,0,0,600,FEASIBLE,89555.00,43705.42,0.51197122,602.19,602.95,-1.00,-1.00,-1.00,37914,-1.00,89555.00,1,13.0.2,logs/kstar_nI20_nJ40_nK50_nL10_tI5_tJ5_s4_m1_exact_s0_20260716-121138.gurobi.log
20260716-122141,kstar_nI20_nJ40_nK50_nL10_tI5_tJ5_s5,exact,1,0,0,600,FEASIBLE,98585.00,42268.22,0.57125101,602.49,603.29,-1.00,-1.00,-1.00,40977,-1.00,98585.00,1,13.0.2,logs/kstar_nI20_nJ40_nK50_nL10_tI5_tJ5_s5_m1_exact_s0_20260716-122141.gurobi.log
20260716-123144,kstar_nI20_nJ40_nK50_nL10_tI6_tJ6_s1,exact,1,0,0,600,FEASIBLE,81264.00,44985.45,0.44642834,602.34,603.31,-1.00,-1.00,-1.00,41373,-1.00,81264.00,1,13.0.2,logs/kstar_nI20_nJ40_nK50_nL10_tI6_tJ6_s1_m1_exact_s0_20260716-123144.gurobi.log
20260716-124147,kstar_nI20_nJ40_nK50_nL10_tI6_tJ6_s2,exact,1,0,0,600,FEASIBLE,94337.00,45736.16,0.51518318,601.59,602.33,-1.00,-1.00,-1.00,36017,-1.00,94337.00,1,13.0.2,logs/kstar_nI20_nJ40_nK50_nL10_tI6_tJ6_s2_m1_exact_s0_20260716-124147.gurobi.log
20260716-125150,kstar_nI20_nJ40_nK50_nL10_tI6_tJ6_s3,exact,1,0,0,600,FEASIBLE,75494.00,46962.19,0.37793478,601.99,602.61,-1.00,-1.00,-1.00,38434,-1.00,75494.00,1,13.0.2,logs/kstar_nI20_nJ40_nK50_nL10_tI6_tJ6_s3_m1_exact_s0_20260716-125150.gurobi.log
20260716-130152,kstar_nI20_nJ40_nK50_nL10_tI6_tJ6_s4,exact,1,0,0,600,FEASIBLE,87858.00,45092.82,0.48675341,602.16,603.03,-1.00,-1.00,-1.00,38319,-1.00,87858.00,1,13.0.2,logs/kstar_nI20_nJ40_nK50_nL10_tI6_tJ6_s4_m1_exact_s0_20260716-130152.gurobi.log
20260716-131155,kstar_nI20_nJ40_nK50_nL10_tI6_tJ6_s5,exact,1,0,0,600,FEASIBLE,80023.00,45421.77,0.43239112,600.94,601.82,-1.00,-1.00,-1.00,35820,-1.00,80023.00,1,13.0.2,logs/kstar_nI20_nJ40_nK50_nL10_tI6_tJ6_s5_m1_exact_s0_20260716-131155.gurobi.log
20260716-132157,kstar_nI20_nJ40_nK50_nL5_tI2_tJ2_s1,exact,1,0,0,600,FEASIBLE,75818.00,20490.54,0.72974042,603.22,604.03,-1.00,-1.00,-1.00,32257,-1.00,75818.00,1,13.0.2,logs/kstar_nI20_nJ40_nK50_nL5_tI2_tJ2_s1_m1_exact_s0_20260716-132157.gurobi.log
20260716-133201,kstar_nI20_nJ40_nK50_nL5_tI2_tJ2_s2,exact,1,0,0,600,FEASIBLE,57138.00,20888.54,0.63441954,601.63,602.56,-1.00,-1.00,-1.00,32548,-1.00,57138.00,1,13.0.2,logs/kstar_nI20_nJ40_nK50_nL5_tI2_tJ2_s2_m1_exact_s0_20260716-133201.gurobi.log
20260716-134204,kstar_nI20_nJ40_nK50_nL5_tI2_tJ2_s3,exact,1,0,0,600,FEASIBLE,71711.00,20418.09,0.71527255,601.48,602.22,-1.00,-1.00,-1.00,31937,-1.00,71711.00,1,13.0.2,logs/kstar_nI20_nJ40_nK50_nL5_tI2_tJ2_s3_m1_exact_s0_20260716-134204.gurobi.log
20260716-135206,kstar_nI20_nJ40_nK50_nL5_tI2_tJ2_s4,exact,1,0,0,600,FEASIBLE,76512.00,21474.32,0.71933390,602.19,603.11,-1.00,-1.00,-1.00,31444,-1.00,76512.00,1,13.0.2,logs/kstar_nI20_nJ40_nK50_nL5_tI2_tJ2_s4_m1_exact_s0_20260716-135206.gurobi.log
20260716-140209,kstar_nI20_nJ40_nK50_nL5_tI2_tJ2_s5,exact,1,0,0,600,FEASIBLE,77068.00,22063.33,0.71371607,602.49,603.34,-1.00,-1.00,-1.00,33057,-1.00,77068.00,1,13.0.2,logs/kstar_nI20_nJ40_nK50_nL5_tI2_tJ2_s5_m1_exact_s0_20260716-140209.gurobi.log
20260716-141213,kstar_nI20_nJ40_nK50_nL5_tI3_tJ3_s1,exact,1,0,0,600,FEASIBLE,73309.00,22329.94,0.69539970,602.22,603.07,-1.00,-1.00,-1.00,30945,-1.00,73309.00,1,13.0.2,logs/kstar_nI20_nJ40_nK50_nL5_tI3_tJ3_s1_m1_exact_s0_20260716-141213.gurobi.log
20260716-142216,kstar_nI20_nJ40_nK50_nL5_tI3_tJ3_s2,exact,1,0,0,600,FEASIBLE,58384.00,21638.28,0.62938001,602.04,602.88,-1.00,-1.00,-1.00,31416,-1.00,58384.00,1,13.0.2,logs/kstar_nI20_nJ40_nK50_nL5_tI3_tJ3_s2_m1_exact_s0_20260716-142216.gurobi.log
20260716-143219,kstar_nI20_nJ40_nK50_nL5_tI3_tJ3_s3,exact,1,0,0,600,FEASIBLE,68391.00,22089.18,0.67701623,600.69,601.67,-1.00,-1.00,-1.00,29831,-1.00,68391.00,1,13.0.2,logs/kstar_nI20_nJ40_nK50_nL5_tI3_tJ3_s3_m1_exact_s0_20260716-143219.gurobi.log
20260716-144221,kstar_nI20_nJ40_nK50_nL5_tI3_tJ3_s4,exact,1,0,0,600,FEASIBLE,73280.00,23078.31,0.68506675,601.66,602.50,-1.00,-1.00,-1.00,28558,-1.00,73280.00,1,13.0.2,logs/kstar_nI20_nJ40_nK50_nL5_tI3_tJ3_s4_m1_exact_s0_20260716-144221.gurobi.log
20260716-145223,kstar_nI20_nJ40_nK50_nL5_tI3_tJ3_s5,exact,1,0,0,600,FEASIBLE,58301.00,24002.40,0.58830201,601.24,602.09,-1.00,-1.00,-1.00,29955,-1.00,58301.00,1,13.0.2,logs/kstar_nI20_nJ40_nK50_nL5_tI3_tJ3_s5_m1_exact_s0_20260716-145223.gurobi.log
20260716-150225,kstar_nI20_nJ40_nK50_nL5_tI4_tJ4_s1,exact,1,0,0,600,FEASIBLE,52232.00,20968.10,0.59855836,602.14,603.00,-1.00,-1.00,-1.00,26762,-1.00,52232.00,1,13.0.2,logs/kstar_nI20_nJ40_nK50_nL5_tI4_tJ4_s1_m1_exact_s0_20260716-150225.gurobi.log
20260716-151228,kstar_nI20_nJ40_nK50_nL5_tI4_tJ4_s2,exact,1,0,0,600,FEASIBLE,54478.00,21893.48,0.59812263,602.04,602.97,-1.00,-1.00,-1.00,30084,-1.00,54478.00,1,13.0.2,logs/kstar_nI20_nJ40_nK50_nL5_tI4_tJ4_s2_m1_exact_s0_20260716-151228.gurobi.log
20260716-152231,kstar_nI20_nJ40_nK50_nL5_tI4_tJ4_s3,exact,1,0,0,600,FEASIBLE,44618.00,23465.10,0.47408894,600.90,601.75,-1.00,-1.00,-1.00,29782,-1.00,44618.00,1,13.0.2,logs/kstar_nI20_nJ40_nK50_nL5_tI4_tJ4_s3_m1_exact_s0_20260716-152231.gurobi.log
20260716-153233,kstar_nI20_nJ40_nK50_nL5_tI4_tJ4_s4,exact,1,0,0,600,FEASIBLE,52487.00,23059.49,0.56066288,602.18,603.20,-1.00,-1.00,-1.00,28470,-1.00,52487.00,1,13.0.2,logs/kstar_nI20_nJ40_nK50_nL5_tI4_tJ4_s4_m1_exact_s0_20260716-153233.gurobi.log
20260716-154236,kstar_nI20_nJ40_nK50_nL5_tI4_tJ4_s5,exact,1,0,0,600,FEASIBLE,57277.00,23539.48,0.58902387,600.99,601.84,-1.00,-1.00,-1.00,28271,-1.00,57277.00,1,13.0.2,logs/kstar_nI20_nJ40_nK50_nL5_tI4_tJ4_s5_m1_exact_s0_20260716-154236.gurobi.log
20260716-155238,kstar_nI20_nJ40_nK50_nL5_tI5_tJ5_s1,exact,1,0,0,600,FEASIBLE,48450.00,25980.81,0.46376038,601.71,602.79,-1.00,-1.00,-1.00,28662,-1.00,48450.00,1,13.0.2,logs/kstar_nI20_nJ40_nK50_nL5_tI5_tJ5_s1_m1_exact_s0_20260716-155238.gurobi.log
20260716-160241,kstar_nI20_nJ40_nK50_nL5_tI5_tJ5_s2,exact,1,0,0,600,FEASIBLE,44235.00,26942.66,0.39091990,601.83,602.98,-1.00,-1.00,-1.00,28202,-1.00,44235.00,1,13.0.2,logs/kstar_nI20_nJ40_nK50_nL5_tI5_tJ5_s2_m1_exact_s0_20260716-160241.gurobi.log
20260716-161244,kstar_nI20_nJ40_nK50_nL5_tI5_tJ5_s3,exact,1,0,0,600,FEASIBLE,47887.00,23906.52,0.50077214,601.32,602.35,-1.00,-1.00,-1.00,28644,-1.00,47887.00,1,13.0.2,logs/kstar_nI20_nJ40_nK50_nL5_tI5_tJ5_s3_m1_exact_s0_20260716-161244.gurobi.log
20260716-162247,kstar_nI20_nJ40_nK50_nL5_tI5_tJ5_s4,exact,1,0,0,600,FEASIBLE,44198.00,24113.35,0.45442438,601.73,602.86,-1.00,-1.00,-1.00,27858,-1.00,44198.00,1,13.0.2,logs/kstar_nI20_nJ40_nK50_nL5_tI5_tJ5_s4_m1_exact_s0_20260716-162247.gurobi.log
20260716-163249,kstar_nI20_nJ40_nK50_nL5_tI5_tJ5_s5,exact,1,0,0,600,FEASIBLE,50203.00,23919.35,0.52354737,601.06,602.15,-1.00,-1.00,-1.00,27655,-1.00,50203.00,1,13.0.2,logs/kstar_nI20_nJ40_nK50_nL5_tI5_tJ5_s5_m1_exact_s0_20260716-163249.gurobi.log
20260716-164252,kstar_nI20_nJ40_nK50_nL5_tI6_tJ6_s1,exact,1,0,0,600,FEASIBLE,46333.00,25777.51,0.44364682,601.77,602.90,-1.00,-1.00,-1.00,27837,-1.00,46333.00,1,13.0.2,logs/kstar_nI20_nJ40_nK50_nL5_tI6_tJ6_s1_m1_exact_s0_20260716-164252.gurobi.log
20260716-165255,kstar_nI20_nJ40_nK50_nL5_tI6_tJ6_s2,exact,1,0,0,600,FEASIBLE,47513.00,24677.54,0.48061504,600.51,601.55,-1.00,-1.00,-1.00,26038,-1.00,47513.00,1,13.0.2,logs/kstar_nI20_nJ40_nK50_nL5_tI6_tJ6_s2_m1_exact_s0_20260716-165255.gurobi.log
20260716-170256,kstar_nI20_nJ40_nK50_nL5_tI6_tJ6_s3,exact,1,0,0,600,FEASIBLE,41178.00,26190.18,0.36397639,601.70,602.94,-1.00,-1.00,-1.00,27745,-1.00,41178.00,1,13.0.2,logs/kstar_nI20_nJ40_nK50_nL5_tI6_tJ6_s3_m1_exact_s0_20260716-170256.gurobi.log
20260716-171259,kstar_nI20_nJ40_nK50_nL5_tI6_tJ6_s4,exact,1,0,0,600,FEASIBLE,41131.00,25396.49,0.38254623,602.11,603.54,-1.00,-1.00,-1.00,26842,-1.00,41131.00,1,13.0.2,logs/kstar_nI20_nJ40_nK50_nL5_tI6_tJ6_s4_m1_exact_s0_20260716-171259.gurobi.log
20260716-172303,kstar_nI20_nJ40_nK50_nL5_tI6_tJ6_s5,exact,1,0,0,600,FEASIBLE,43990.00,26219.45,0.40396795,600.92,602.14,-1.00,-1.00,-1.00,25477,-1.00,43990.00,1,13.0.2,logs/kstar_nI20_nJ40_nK50_nL5_tI6_tJ6_s5_m1_exact_s0_20260716-172303.gurobi.log
20260716-173305,kstar_nI40_nJ20_nK100_nL10_tI2_tJ2_s1,exact,1,0,0,600,FEASIBLE,318216.00,100778.98,0.68330010,600.64,601.07,-1.00,-1.00,-1.00,43895,-1.00,318216.00,1,13.0.2,logs/kstar_nI40_nJ20_nK100_nL10_tI2_tJ2_s1_m1_exact_s0_20260716-173305.gurobi.log
20260716-174306,kstar_nI40_nJ20_nK100_nL10_tI2_tJ2_s2,exact,1,0,0,600,FEASIBLE,234087.00,100009.24,0.57276891,602.25,602.64,-1.00,-1.00,-1.00,48095,-1.00,234087.00,1,13.0.2,logs/kstar_nI40_nJ20_nK100_nL10_tI2_tJ2_s2_m1_exact_s0_20260716-174306.gurobi.log
20260716-175309,kstar_nI40_nJ20_nK100_nL10_tI2_tJ2_s3,exact,1,0,0,600,FEASIBLE,248854.00,101012.38,0.59408978,602.88,603.30,-1.00,-1.00,-1.00,44555,-1.00,248854.00,1,13.0.2,logs/kstar_nI40_nJ20_nK100_nL10_tI2_tJ2_s3_m1_exact_s0_20260716-175309.gurobi.log
20260716-180312,kstar_nI40_nJ20_nK100_nL10_tI2_tJ2_s4,exact,1,0,0,600,FEASIBLE,224402.00,97501.16,0.56550673,601.42,601.99,-1.00,-1.00,-1.00,47397,-1.00,224402.00,1,13.0.2,logs/kstar_nI40_nJ20_nK100_nL10_tI2_tJ2_s4_m1_exact_s0_20260716-180312.gurobi.log
20260716-181314,kstar_nI40_nJ20_nK100_nL10_tI2_tJ2_s5,exact,1,0,0,600,FEASIBLE,193866.00,95923.68,0.50520627,602.21,602.92,-1.00,-1.00,-1.00,46996,-1.00,193866.00,1,13.0.2,logs/kstar_nI40_nJ20_nK100_nL10_tI2_tJ2_s5_m1_exact_s0_20260716-181314.gurobi.log
20260716-182317,kstar_nI40_nJ20_nK100_nL10_tI3_tJ3_s1,exact,1,0,0,600,FEASIBLE,234074.00,101645.47,0.56575496,601.03,601.85,-1.00,-1.00,-1.00,48478,-1.00,234074.00,1,13.0.2,logs/kstar_nI40_nJ20_nK100_nL10_tI3_tJ3_s1_m1_exact_s0_20260716-182317.gurobi.log
20260716-183319,kstar_nI40_nJ20_nK100_nL10_tI3_tJ3_s2,exact,1,0,0,600,FEASIBLE,250487.00,98257.75,0.60773316,601.58,602.11,-1.00,-1.00,-1.00,42627,-1.00,250487.00,1,13.0.2,logs/kstar_nI40_nJ20_nK100_nL10_tI3_tJ3_s2_m1_exact_s0_20260716-183319.gurobi.log
20260716-184321,kstar_nI40_nJ20_nK100_nL10_tI3_tJ3_s3,exact,1,0,0,600,FEASIBLE,247499.00,102890.55,0.58427892,602.61,601.01,-1.00,-1.00,-1.00,44111,-1.00,247499.00,1,13.0.2,logs/kstar_nI40_nJ20_nK100_nL10_tI3_tJ3_s3_m1_exact_s0_20260716-184321.gurobi.log
20260716-185325,kstar_nI40_nJ20_nK100_nL10_tI3_tJ3_s4,exact,1,0,0,600,FEASIBLE,222497.00,105549.79,0.52561250,602.02,602.42,-1.00,-1.00,-1.00,43255,-1.00,222497.00,1,13.0.2,logs/kstar_nI40_nJ20_nK100_nL10_tI3_tJ3_s4_m1_exact_s0_20260716-185325.gurobi.log
20260716-190327,kstar_nI40_nJ20_nK100_nL10_tI3_tJ3_s5,exact,1,0,0,600,FEASIBLE,266768.00,93746.29,0.64858497,602.30,602.97,-1.00,-1.00,-1.00,48663,-1.00,266768.00,1,13.0.2,logs/kstar_nI40_nJ20_nK100_nL10_tI3_tJ3_s5_m1_exact_s0_20260716-190327.gurobi.log
20260716-191330,kstar_nI40_nJ20_nK100_nL10_tI4_tJ4_s1,exact,1,0,0,600,FEASIBLE,188108.00,103832.05,0.44801898,601.81,602.62,-1.00,-1.00,-1.00,41932,-1.00,188108.00,1,13.0.2,logs/kstar_nI40_nJ20_nK100_nL10_tI4_tJ4_s1_m1_exact_s0_20260716-191330.gurobi.log
20260716-192333,kstar_nI40_nJ20_nK100_nL10_tI4_tJ4_s2,exact,1,0,0,600,FEASIBLE,196428.00,103308.13,0.47406618,600.68,601.37,-1.00,-1.00,-1.00,42747,-1.00,196428.00,1,13.0.2,logs/kstar_nI40_nJ20_nK100_nL10_tI4_tJ4_s2_m1_exact_s0_20260716-192333.gurobi.log
20260716-193334,kstar_nI40_nJ20_nK100_nL10_tI4_tJ4_s3,exact,1,0,0,600,FEASIBLE,157316.00,101198.17,0.35672044,601.84,602.95,-1.00,-1.00,-1.00,44454,-1.00,157316.00,1,13.0.2,logs/kstar_nI40_nJ20_nK100_nL10_tI4_tJ4_s3_m1_exact_s0_20260716-193334.gurobi.log
20260716-194337,kstar_nI40_nJ20_nK100_nL10_tI4_tJ4_s4,exact,1,0,0,600,FEASIBLE,162272.00,99767.89,0.38518113,601.66,602.30,-1.00,-1.00,-1.00,43368,-1.00,162272.00,1,13.0.2,logs/kstar_nI40_nJ20_nK100_nL10_tI4_tJ4_s4_m1_exact_s0_20260716-194337.gurobi.log
20260716-195340,kstar_nI40_nJ20_nK100_nL10_tI4_tJ4_s5,exact,1,0,0,600,FEASIBLE,181568.00,96831.69,0.46669185,602.44,603.28,-1.00,-1.00,-1.00,43111,-1.00,181568.00,1,13.0.2,logs/kstar_nI40_nJ20_nK100_nL10_tI4_tJ4_s5_m1_exact_s0_20260716-195340.gurobi.log
20260716-200343,kstar_nI40_nJ20_nK100_nL10_tI5_tJ5_s1,exact,1,0,0,600,FEASIBLE,157159.00,100119.27,0.36294281,602.56,603.47,-1.00,-1.00,-1.00,41642,-1.00,157159.00,1,13.0.2,logs/kstar_nI40_nJ20_nK100_nL10_tI5_tJ5_s1_m1_exact_s0_20260716-200343.gurobi.log
20260716-201346,kstar_nI40_nJ20_nK100_nL10_tI5_tJ5_s2,exact,1,0,0,600,FEASIBLE,150552.00,99784.32,0.33721028,600.93,602.44,-1.00,-1.00,-1.00,42355,-1.00,150552.00,1,13.0.2,logs/kstar_nI40_nJ20_nK100_nL10_tI5_tJ5_s2_m1_exact_s0_20260716-201346.gurobi.log
20260716-202349,kstar_nI40_nJ20_nK100_nL10_tI5_tJ5_s3,exact,1,0,0,600,FEASIBLE,189246.00,96703.73,0.48900516,601.66,602.66,-1.00,-1.00,-1.00,37573,-1.00,189246.00,1,13.0.2,logs/kstar_nI40_nJ20_nK100_nL10_tI5_tJ5_s3_m1_exact_s0_20260716-202349.gurobi.log
20260716-203352,kstar_nI40_nJ20_nK100_nL10_tI5_tJ5_s4,exact,1,0,0,600,FEASIBLE,166710.00,108743.40,0.34770918,602.75,603.55,-1.00,-1.00,-1.00,38538,-1.00,166710.00,1,13.0.2,logs/kstar_nI40_nJ20_nK100_nL10_tI5_tJ5_s4_m1_exact_s0_20260716-203352.gurobi.log
20260716-204355,kstar_nI40_nJ20_nK100_nL10_tI5_tJ5_s5,exact,1,0,0,600,FEASIBLE,170288.00,102061.92,0.40065114,602.60,603.57,-1.00,-1.00,-1.00,38523,-1.00,170288.00,1,13.0.2,logs/kstar_nI40_nJ20_nK100_nL10_tI5_tJ5_s5_m1_exact_s0_20260716-204355.gurobi.log
20260716-205359,kstar_nI40_nJ20_nK100_nL10_tI6_tJ6_s1,exact,1,0,0,600,FEASIBLE,166315.00,105214.96,0.36737538,602.25,603.33,-1.00,-1.00,-1.00,37886,-1.00,166315.00,1,13.0.2,logs/kstar_nI40_nJ20_nK100_nL10_tI6_tJ6_s1_m1_exact_s0_20260716-205359.gurobi.log
20260716-210402,kstar_nI40_nJ20_nK100_nL10_tI6_tJ6_s2,exact,1,0,0,600,FEASIBLE,136519.00,104667.01,0.23331545,602.51,603.77,-1.00,-1.00,-1.00,39514,-1.00,136519.00,1,13.0.2,logs/kstar_nI40_nJ20_nK100_nL10_tI6_tJ6_s2_m1_exact_s0_20260716-210402.gurobi.log
20260716-211406,kstar_nI40_nJ20_nK100_nL10_tI6_tJ6_s3,exact,1,0,0,600,FEASIBLE,179207.00,102469.27,0.42820723,601.93,602.66,-1.00,-1.00,-1.00,36169,-1.00,179207.00,1,13.0.2,logs/kstar_nI40_nJ20_nK100_nL10_tI6_tJ6_s3_m1_exact_s0_20260716-211406.gurobi.log
20260716-212409,kstar_nI40_nJ20_nK100_nL10_tI6_tJ6_s4,exact,1,0,0,600,FEASIBLE,132587.00,108403.59,0.18239655,601.57,602.54,-1.00,-1.00,-1.00,40006,-1.00,132587.00,1,13.0.2,logs/kstar_nI40_nJ20_nK100_nL10_tI6_tJ6_s4_m1_exact_s0_20260716-212409.gurobi.log
20260716-213412,kstar_nI40_nJ20_nK100_nL10_tI6_tJ6_s5,exact,1,0,0,600,FEASIBLE,169710.00,98560.49,0.41924169,601.32,602.27,-1.00,-1.00,-1.00,41394,-1.00,169710.00,1,13.0.2,logs/kstar_nI40_nJ20_nK100_nL10_tI6_tJ6_s5_m1_exact_s0_20260716-213412.gurobi.log
20260716-214414,kstar_nI40_nJ20_nK100_nL5_tI2_tJ2_s1,exact,1,0,0,600,FEASIBLE,117639.00,52896.44,0.55034949,602.37,603.35,-1.00,-1.00,-1.00,37016,-1.00,117639.00,1,13.0.2,logs/kstar_nI40_nJ20_nK100_nL5_tI2_tJ2_s1_m1_exact_s0_20260716-214414.gurobi.log
20260716-215417,kstar_nI40_nJ20_nK100_nL5_tI2_tJ2_s2,exact,1,0,0,600,FEASIBLE,121032.00,49377.18,0.59203202,601.99,602.99,-1.00,-1.00,-1.00,34317,-1.00,121032.00,1,13.0.2,logs/kstar_nI40_nJ20_nK100_nL5_tI2_tJ2_s2_m1_exact_s0_20260716-215417.gurobi.log
20260716-220420,kstar_nI40_nJ20_nK100_nL5_tI2_tJ2_s3,exact,1,0,0,600,FEASIBLE,127242.00,51941.28,0.59179136,603.09,604.04,-1.00,-1.00,-1.00,35483,-1.00,127242.00,1,13.0.2,logs/kstar_nI40_nJ20_nK100_nL5_tI2_tJ2_s3_m1_exact_s0_20260716-220420.gurobi.log
20260716-221424,kstar_nI40_nJ20_nK100_nL5_tI2_tJ2_s4,exact,1,0,0,600,FEASIBLE,136973.00,50574.26,0.63077202,602.80,603.49,-1.00,-1.00,-1.00,34988,-1.00,136973.00,1,13.0.2,logs/kstar_nI40_nJ20_nK100_nL5_tI2_tJ2_s4_m1_exact_s0_20260716-221424.gurobi.log
20260716-222428,kstar_nI40_nJ20_nK100_nL5_tI2_tJ2_s5,exact,1,0,0,600,FEASIBLE,121092.00,46268.54,0.61790585,602.58,603.42,-1.00,-1.00,-1.00,36543,-1.00,121092.00,1,13.0.2,logs/kstar_nI40_nJ20_nK100_nL5_tI2_tJ2_s5_m1_exact_s0_20260716-222428.gurobi.log
20260716-223431,kstar_nI40_nJ20_nK100_nL5_tI3_tJ3_s1,exact,1,0,0,600,FEASIBLE,88383.00,50686.13,0.42651724,601.42,602.47,-1.00,-1.00,-1.00,33850,-1.00,88383.00,1,13.0.2,logs/kstar_nI40_nJ20_nK100_nL5_tI3_tJ3_s1_m1_exact_s0_20260716-223431.gurobi.log
20260716-224434,kstar_nI40_nJ20_nK100_nL5_tI3_tJ3_s2,exact,1,0,0,600,FEASIBLE,95239.00,50125.23,0.47369012,600.99,602.12,-1.00,-1.00,-1.00,33322,-1.00,95239.00,1,13.0.2,logs/kstar_nI40_nJ20_nK100_nL5_tI3_tJ3_s2_m1_exact_s0_20260716-224434.gurobi.log
20260716-225436,kstar_nI40_nJ20_nK100_nL5_tI3_tJ3_s3,exact,1,0,0,600,FEASIBLE,131887.00,53801.98,0.59206003,601.97,602.90,-1.00,-1.00,-1.00,32854,-1.00,131887.00,1,13.0.2,logs/kstar_nI40_nJ20_nK100_nL5_tI3_tJ3_s3_m1_exact_s0_20260716-225436.gurobi.log
20260716-230439,kstar_nI40_nJ20_nK100_nL5_tI3_tJ3_s4,exact,1,0,0,600,FEASIBLE,103942.00,54258.55,0.47799202,601.51,602.57,-1.00,-1.00,-1.00,34578,-1.00,103942.00,1,13.0.2,logs/kstar_nI40_nJ20_nK100_nL5_tI3_tJ3_s4_m1_exact_s0_20260716-230439.gurobi.log
20260716-231442,kstar_nI40_nJ20_nK100_nL5_tI3_tJ3_s5,exact,1,0,0,600,FEASIBLE,121669.00,48477.04,0.60156624,602.71,603.89,-1.00,-1.00,-1.00,30538,-1.00,121669.00,1,13.0.2,logs/kstar_nI40_nJ20_nK100_nL5_tI3_tJ3_s5_m1_exact_s0_20260716-231442.gurobi.log
20260716-232446,kstar_nI40_nJ20_nK100_nL5_tI4_tJ4_s1,exact,1,0,0,600,FEASIBLE,97910.00,55791.02,0.43018057,601.83,603.13,-1.00,-1.00,-1.00,30322,-1.00,97910.00,1,13.0.2,logs/kstar_nI40_nJ20_nK100_nL5_tI4_tJ4_s1_m1_exact_s0_20260716-232446.gurobi.log
20260716-233449,kstar_nI40_nJ20_nK100_nL5_tI4_tJ4_s2,exact,1,0,0,600,FEASIBLE,109549.00,53851.88,0.50842196,600.95,602.11,-1.00,-1.00,-1.00,31273,-1.00,109549.00,1,13.0.2,logs/kstar_nI40_nJ20_nK100_nL5_tI4_tJ4_s2_m1_exact_s0_20260716-233449.gurobi.log
20260716-234451,kstar_nI40_nJ20_nK100_nL5_tI4_tJ4_s3,exact,1,0,0,600,FEASIBLE,91071.00,52028.70,0.42870181,600.72,602.02,-1.00,-1.00,-1.00,30971,-1.00,91071.00,1,13.0.2,logs/kstar_nI40_nJ20_nK100_nL5_tI4_tJ4_s3_m1_exact_s0_20260716-234451.gurobi.log
20260716-235453,kstar_nI40_nJ20_nK100_nL5_tI4_tJ4_s4,exact,1,0,0,600,FEASIBLE,100797.00,53350.85,0.47070993,601.43,602.66,-1.00,-1.00,-1.00,32524,-1.00,100797.00,1,13.0.2,logs/kstar_nI40_nJ20_nK100_nL5_tI4_tJ4_s4_m1_exact_s0_20260716-235453.gurobi.log
20260717-000456,kstar_nI40_nJ20_nK100_nL5_tI4_tJ4_s5,exact,1,0,0,600,FEASIBLE,97944.00,50188.85,0.48757602,602.41,603.68,-1.00,-1.00,-1.00,34052,-1.00,97944.00,1,13.0.2,logs/kstar_nI40_nJ20_nK100_nL5_tI4_tJ4_s5_m1_exact_s0_20260717-000456.gurobi.log
20260717-001500,kstar_nI40_nJ20_nK100_nL5_tI5_tJ5_s1,exact,1,0,0,600,FEASIBLE,87472.00,52858.79,0.39570611,601.55,602.82,-1.00,-1.00,-1.00,31010,-1.00,87472.00,1,13.0.2,logs/kstar_nI40_nJ20_nK100_nL5_tI5_tJ5_s1_m1_exact_s0_20260717-001500.gurobi.log
20260717-002502,kstar_nI40_nJ20_nK100_nL5_tI5_tJ5_s2,exact,1,0,0,600,FEASIBLE,81492.00,54509.69,0.33110375,601.90,603.20,-1.00,-1.00,-1.00,33160,-1.00,81492.00,1,13.0.2,logs/kstar_nI40_nJ20_nK100_nL5_tI5_tJ5_s2_m1_exact_s0_20260717-002502.gurobi.log
20260717-003506,kstar_nI40_nJ20_nK100_nL5_tI5_tJ5_s3,exact,1,0,0,600,FEASIBLE,83379.00,50621.61,0.39287337,601.85,602.98,-1.00,-1.00,-1.00,31097,-1.00,83379.00,1,13.0.2,logs/kstar_nI40_nJ20_nK100_nL5_tI5_tJ5_s3_m1_exact_s0_20260717-003506.gurobi.log
20260717-004509,kstar_nI40_nJ20_nK100_nL5_tI5_tJ5_s4,exact,1,0,0,600,FEASIBLE,79178.00,54467.21,0.31209158,600.63,601.86,-1.00,-1.00,-1.00,35520,-1.00,79178.00,1,13.0.2,logs/kstar_nI40_nJ20_nK100_nL5_tI5_tJ5_s4_m1_exact_s0_20260717-004509.gurobi.log
20260717-005511,kstar_nI40_nJ20_nK100_nL5_tI5_tJ5_s5,exact,1,0,0,600,FEASIBLE,88906.00,55596.80,0.37465641,601.77,603.05,-1.00,-1.00,-1.00,34424,-1.00,88906.00,1,13.0.2,logs/kstar_nI40_nJ20_nK100_nL5_tI5_tJ5_s5_m1_exact_s0_20260717-005511.gurobi.log
20260717-010514,kstar_nI40_nJ20_nK100_nL5_tI6_tJ6_s1,exact,1,0,0,600,FEASIBLE,80510.00,54454.15,0.32363498,601.88,603.14,-1.00,-1.00,-1.00,33538,-1.00,80510.00,1,13.0.2,logs/kstar_nI40_nJ20_nK100_nL5_tI6_tJ6_s1_m1_exact_s0_20260717-010514.gurobi.log
20260717-011517,kstar_nI40_nJ20_nK100_nL5_tI6_tJ6_s2,exact,1,0,0,600,FEASIBLE,79935.00,61546.41,0.23004424,600.56,601.87,-1.00,-1.00,-1.00,33007,-1.00,79935.00,1,13.0.2,logs/kstar_nI40_nJ20_nK100_nL5_tI6_tJ6_s2_m1_exact_s0_20260717-011517.gurobi.log
20260717-012519,kstar_nI40_nJ20_nK100_nL5_tI6_tJ6_s3,exact,1,0,0,600,FEASIBLE,74162.00,51956.26,0.29942205,601.48,603.04,-1.00,-1.00,-1.00,33571,-1.00,74162.00,1,13.0.2,logs/kstar_nI40_nJ20_nK100_nL5_tI6_tJ6_s3_m1_exact_s0_20260717-012519.gurobi.log
20260717-013522,kstar_nI40_nJ20_nK100_nL5_tI6_tJ6_s4,exact,1,0,0,600,FEASIBLE,78633.00,53728.00,0.31672452,601.94,603.19,-1.00,-1.00,-1.00,35916,-1.00,78633.00,1,13.0.2,logs/kstar_nI40_nJ20_nK100_nL5_tI6_tJ6_s4_m1_exact_s0_20260717-013522.gurobi.log
20260717-014525,kstar_nI40_nJ20_nK100_nL5_tI6_tJ6_s5,exact,1,0,0,600,FEASIBLE,88397.00,55069.59,0.37701973,602.44,603.66,-1.00,-1.00,-1.00,34150,-1.00,88397.00,1,13.0.2,logs/kstar_nI40_nJ20_nK100_nL5_tI6_tJ6_s5_m1_exact_s0_20260717-014525.gurobi.log
20260717-015529,kstar_nI40_nJ20_nK50_nL10_tI2_tJ2_s1,exact,1,0,0,600,FEASIBLE,159250.00,53079.80,0.66668884,602.50,603.31,-1.00,-1.00,-1.00,45852,-1.00,159250.00,1,13.0.2,logs/kstar_nI40_nJ20_nK50_nL10_tI2_tJ2_s1_m1_exact_s0_20260717-015529.gurobi.log
20260717-020532,kstar_nI40_nJ20_nK50_nL10_tI2_tJ2_s2,exact,1,0,0,600,FEASIBLE,143811.00,49275.82,0.65735711,602.04,602.53,-1.00,-1.00,-1.00,43499,-1.00,143811.00,1,13.0.2,logs/kstar_nI40_nJ20_nK50_nL10_tI2_tJ2_s2_m1_exact_s0_20260717-020532.gurobi.log
20260717-021535,kstar_nI40_nJ20_nK50_nL10_tI2_tJ2_s3,exact,1,0,0,600,FEASIBLE,120784.00,49876.73,0.58705847,602.07,602.76,-1.00,-1.00,-1.00,45049,-1.00,120784.00,1,13.0.2,logs/kstar_nI40_nJ20_nK50_nL10_tI2_tJ2_s3_m1_exact_s0_20260717-021535.gurobi.log
20260717-022538,kstar_nI40_nJ20_nK50_nL10_tI2_tJ2_s4,exact,1,0,0,600,FEASIBLE,128392.00,51656.61,0.59766488,602.11,602.61,-1.00,-1.00,-1.00,47613,-1.00,128392.00,1,13.0.2,logs/kstar_nI40_nJ20_nK50_nL10_tI2_tJ2_s4_m1_exact_s0_20260717-022538.gurobi.log
20260717-023540,kstar_nI40_nJ20_nK50_nL10_tI2_tJ2_s5,exact,1,0,0,600,FEASIBLE,129210.00,50563.15,0.60867465,602.13,602.64,-1.00,-1.00,-1.00,47021,-1.00,129210.00,1,13.0.2,logs/kstar_nI40_nJ20_nK50_nL10_tI2_tJ2_s5_m1_exact_s0_20260717-023540.gurobi.log
20260717-024543,kstar_nI40_nJ20_nK50_nL10_tI3_tJ3_s1,exact,1,0,0,600,FEASIBLE,102757.00,51851.93,0.49539268,602.06,602.73,-1.00,-1.00,-1.00,44440,-1.00,102757.00,1,13.0.2,logs/kstar_nI40_nJ20_nK50_nL10_tI3_tJ3_s1_m1_exact_s0_20260717-024543.gurobi.log
20260717-025546,kstar_nI40_nJ20_nK50_nL10_tI3_tJ3_s2,exact,1,0,0,600,FEASIBLE,93590.00,50166.19,0.46397911,601.04,601.79,-1.00,-1.00,-1.00,42815,-1.00,93590.00,1,13.0.2,logs/kstar_nI40_nJ20_nK50_nL10_tI3_tJ3_s2_m1_exact_s0_20260717-025546.gurobi.log
20260717-030548,kstar_nI40_nJ20_nK50_nL10_tI3_tJ3_s3,exact,1,0,0,600,FEASIBLE,128752.00,55748.73,0.56700690,601.72,602.84,-1.00,-1.00,-1.00,46341,-1.00,128752.00,1,13.0.2,logs/kstar_nI40_nJ20_nK50_nL10_tI3_tJ3_s3_m1_exact_s0_20260717-030548.gurobi.log
20260717-031551,kstar_nI40_nJ20_nK50_nL10_tI3_tJ3_s4,exact,1,0,0,600,FEASIBLE,94201.00,50336.54,0.46564752,601.48,602.24,-1.00,-1.00,-1.00,42857,-1.00,94201.00,1,13.0.2,logs/kstar_nI40_nJ20_nK50_nL10_tI3_tJ3_s4_m1_exact_s0_20260717-031551.gurobi.log
20260717-032553,kstar_nI40_nJ20_nK50_nL10_tI3_tJ3_s5,exact,1,0,0,600,FEASIBLE,144221.00,55550.95,0.61482063,601.69,602.57,-1.00,-1.00,-1.00,45595,-1.00,144221.00,1,13.0.2,logs/kstar_nI40_nJ20_nK50_nL10_tI3_tJ3_s5_m1_exact_s0_20260717-032553.gurobi.log
20260717-033556,kstar_nI40_nJ20_nK50_nL10_tI4_tJ4_s1,exact,1,0,0,600,FEASIBLE,97049.00,49936.65,0.48544906,602.20,603.02,-1.00,-1.00,-1.00,43779,-1.00,97049.00,1,13.0.2,logs/kstar_nI40_nJ20_nK50_nL10_tI4_tJ4_s1_m1_exact_s0_20260717-033556.gurobi.log
20260717-034559,kstar_nI40_nJ20_nK50_nL10_tI4_tJ4_s2,exact,1,0,0,600,FEASIBLE,83598.00,49706.01,0.40541633,601.64,602.62,-1.00,-1.00,-1.00,45037,-1.00,83598.00,1,13.0.2,logs/kstar_nI40_nJ20_nK50_nL10_tI4_tJ4_s2_m1_exact_s0_20260717-034559.gurobi.log
20260717-035601,kstar_nI40_nJ20_nK50_nL10_tI4_tJ4_s3,exact,1,0,0,600,FEASIBLE,89485.00,50125.87,0.43984057,601.04,601.95,-1.00,-1.00,-1.00,43924,-1.00,89485.00,1,13.0.2,logs/kstar_nI40_nJ20_nK50_nL10_tI4_tJ4_s3_m1_exact_s0_20260717-035601.gurobi.log
20260717-040603,kstar_nI40_nJ20_nK50_nL10_tI4_tJ4_s4,exact,1,0,0,600,FEASIBLE,90557.00,51245.52,0.43410755,601.84,602.84,-1.00,-1.00,-1.00,46289,-1.00,90557.00,1,13.0.2,logs/kstar_nI40_nJ20_nK50_nL10_tI4_tJ4_s4_m1_exact_s0_20260717-040603.gurobi.log
20260717-041606,kstar_nI40_nJ20_nK50_nL10_tI4_tJ4_s5,exact,1,0,0,600,FEASIBLE,90208.00,51703.50,0.42684135,601.99,602.95,-1.00,-1.00,-1.00,44771,-1.00,90208.00,1,13.0.2,logs/kstar_nI40_nJ20_nK50_nL10_tI4_tJ4_s5_m1_exact_s0_20260717-041606.gurobi.log
20260717-042609,kstar_nI40_nJ20_nK50_nL10_tI5_tJ5_s1,exact,1,0,0,600,FEASIBLE,78626.00,53443.46,0.32028263,601.79,602.68,-1.00,-1.00,-1.00,42169,-1.00,78626.00,1,13.0.2,logs/kstar_nI40_nJ20_nK50_nL10_tI5_tJ5_s1_m1_exact_s0_20260717-042609.gurobi.log
20260717-043612,kstar_nI40_nJ20_nK50_nL10_tI5_tJ5_s2,exact,1,0,0,600,FEASIBLE,69672.00,51527.21,0.26043165,602.07,603.07,-1.00,-1.00,-1.00,40177,-1.00,69672.00,1,13.0.2,logs/kstar_nI40_nJ20_nK50_nL10_tI5_tJ5_s2_m1_exact_s0_20260717-043612.gurobi.log
20260717-044615,kstar_nI40_nJ20_nK50_nL10_tI5_tJ5_s3,exact,1,0,0,600,FEASIBLE,87019.00,52131.11,0.40092269,602.06,602.94,-1.00,-1.00,-1.00,43348,-1.00,87019.00,1,13.0.2,logs/kstar_nI40_nJ20_nK50_nL10_tI5_tJ5_s3_m1_exact_s0_20260717-044615.gurobi.log
20260717-045618,kstar_nI40_nJ20_nK50_nL10_tI5_tJ5_s4,exact,1,0,0,600,FEASIBLE,84202.00,54837.36,0.34874041,601.72,602.80,-1.00,-1.00,-1.00,44975,-1.00,84202.00,1,13.0.2,logs/kstar_nI40_nJ20_nK50_nL10_tI5_tJ5_s4_m1_exact_s0_20260717-045618.gurobi.log
20260717-050621,kstar_nI40_nJ20_nK50_nL10_tI5_tJ5_s5,exact,1,0,0,600,FEASIBLE,73924.00,51788.73,0.29943284,602.12,602.95,-1.00,-1.00,-1.00,41537,-1.00,73924.00,1,13.0.2,logs/kstar_nI40_nJ20_nK50_nL10_tI5_tJ5_s5_m1_exact_s0_20260717-050621.gurobi.log
20260717-051624,kstar_nI40_nJ20_nK50_nL10_tI6_tJ6_s1,exact,1,0,0,600,FEASIBLE,80421.00,55013.38,0.31593265,602.04,602.99,-1.00,-1.00,-1.00,39738,-1.00,80421.00,1,13.0.2,logs/kstar_nI40_nJ20_nK50_nL10_tI6_tJ6_s1_m1_exact_s0_20260717-051624.gurobi.log
20260717-052627,kstar_nI40_nJ20_nK50_nL10_tI6_tJ6_s2,exact,1,0,0,600,FEASIBLE,78716.00,55667.20,0.29280960,601.89,602.93,-1.00,-1.00,-1.00,41372,-1.00,78716.00,1,13.0.2,logs/kstar_nI40_nJ20_nK50_nL10_tI6_tJ6_s2_m1_exact_s0_20260717-052627.gurobi.log
20260717-053630,kstar_nI40_nJ20_nK50_nL10_tI6_tJ6_s3,exact,1,0,0,600,FEASIBLE,76285.00,53516.56,0.29846554,601.98,602.84,-1.00,-1.00,-1.00,40539,-1.00,76285.00,1,13.0.2,logs/kstar_nI40_nJ20_nK50_nL10_tI6_tJ6_s3_m1_exact_s0_20260717-053630.gurobi.log
20260717-054633,kstar_nI40_nJ20_nK50_nL10_tI6_tJ6_s4,exact,1,0,0,600,FEASIBLE,93629.00,55259.48,0.40980382,601.73,602.70,-1.00,-1.00,-1.00,40399,-1.00,93629.00,1,13.0.2,logs/kstar_nI40_nJ20_nK50_nL10_tI6_tJ6_s4_m1_exact_s0_20260717-054633.gurobi.log
20260717-055636,kstar_nI40_nJ20_nK50_nL10_tI6_tJ6_s5,exact,1,0,0,600,FEASIBLE,75380.00,50642.34,0.32817268,601.93,602.94,-1.00,-1.00,-1.00,40739,-1.00,75380.00,1,13.0.2,logs/kstar_nI40_nJ20_nK50_nL10_tI6_tJ6_s5_m1_exact_s0_20260717-055636.gurobi.log
20260717-060639,kstar_nI40_nJ20_nK50_nL5_tI2_tJ2_s1,exact,1,0,0,600,FEASIBLE,54423.00,27524.15,0.49425524,602.30,603.41,-1.00,-1.00,-1.00,38495,-1.00,54423.00,1,13.0.2,logs/kstar_nI40_nJ20_nK50_nL5_tI2_tJ2_s1_m1_exact_s0_20260717-060639.gurobi.log
20260717-061642,kstar_nI40_nJ20_nK50_nL5_tI2_tJ2_s2,exact,1,0,0,600,FEASIBLE,60718.00,25926.01,0.57300947,601.84,603.01,-1.00,-1.00,-1.00,33676,-1.00,60718.00,1,13.0.2,logs/kstar_nI40_nJ20_nK50_nL5_tI2_tJ2_s2_m1_exact_s0_20260717-061642.gurobi.log
20260717-062645,kstar_nI40_nJ20_nK50_nL5_tI2_tJ2_s3,exact,1,0,0,600,FEASIBLE,70684.00,26909.91,0.61929281,601.53,602.71,-1.00,-1.00,-1.00,34202,-1.00,70684.00,1,13.0.2,logs/kstar_nI40_nJ20_nK50_nL5_tI2_tJ2_s3_m1_exact_s0_20260717-062645.gurobi.log
20260717-063648,kstar_nI40_nJ20_nK50_nL5_tI2_tJ2_s4,exact,1,0,0,600,FEASIBLE,52069.00,26043.38,0.49982953,601.81,602.90,-1.00,-1.00,-1.00,38356,-1.00,52069.00,1,13.0.2,logs/kstar_nI40_nJ20_nK50_nL5_tI2_tJ2_s4_m1_exact_s0_20260717-063648.gurobi.log
20260717-064651,kstar_nI40_nJ20_nK50_nL5_tI2_tJ2_s5,exact,1,0,0,600,FEASIBLE,54234.00,27732.60,0.48864922,602.00,603.05,-1.00,-1.00,-1.00,36275,-1.00,54234.00,1,13.0.2,logs/kstar_nI40_nJ20_nK50_nL5_tI2_tJ2_s5_m1_exact_s0_20260717-064651.gurobi.log
20260717-065654,kstar_nI40_nJ20_nK50_nL5_tI3_tJ3_s1,exact,1,0,0,600,FEASIBLE,54007.00,24460.99,0.54707733,601.80,603.03,-1.00,-1.00,-1.00,31220,-1.00,54007.00,1,13.0.2,logs/kstar_nI40_nJ20_nK50_nL5_tI3_tJ3_s1_m1_exact_s0_20260717-065654.gurobi.log
20260717-070657,kstar_nI40_nJ20_nK50_nL5_tI3_tJ3_s2,exact,1,0,0,600,FEASIBLE,52041.00,26847.63,0.48410626,601.75,603.00,-1.00,-1.00,-1.00,33348,-1.00,52041.00,1,13.0.2,logs/kstar_nI40_nJ20_nK50_nL5_tI3_tJ3_s2_m1_exact_s0_20260717-070657.gurobi.log
20260717-071700,kstar_nI40_nJ20_nK50_nL5_tI3_tJ3_s3,exact,1,0,0,600,FEASIBLE,51242.00,28051.31,0.45257197,601.55,602.82,-1.00,-1.00,-1.00,32375,-1.00,51242.00,1,13.0.2,logs/kstar_nI40_nJ20_nK50_nL5_tI3_tJ3_s3_m1_exact_s0_20260717-071700.gurobi.log
20260717-072703,kstar_nI40_nJ20_nK50_nL5_tI3_tJ3_s4,exact,1,0,0,600,FEASIBLE,48492.00,27432.36,0.43429096,601.76,602.99,-1.00,-1.00,-1.00,32271,-1.00,48492.00,1,13.0.2,logs/kstar_nI40_nJ20_nK50_nL5_tI3_tJ3_s4_m1_exact_s0_20260717-072703.gurobi.log
20260717-073706,kstar_nI40_nJ20_nK50_nL5_tI3_tJ3_s5,exact,1,0,0,600,FEASIBLE,58111.00,27878.05,0.52026211,601.57,602.74,-1.00,-1.00,-1.00,31113,-1.00,58111.00,1,13.0.2,logs/kstar_nI40_nJ20_nK50_nL5_tI3_tJ3_s5_m1_exact_s0_20260717-073706.gurobi.log
20260717-074709,kstar_nI40_nJ20_nK50_nL5_tI4_tJ4_s1,exact,1,0,0,600,FEASIBLE,54714.00,27691.36,0.49388894,601.11,602.32,-1.00,-1.00,-1.00,31778,-1.00,54714.00,1,13.0.2,logs/kstar_nI40_nJ20_nK50_nL5_tI4_tJ4_s1_m1_exact_s0_20260717-074709.gurobi.log
20260717-075711,kstar_nI40_nJ20_nK50_nL5_tI4_tJ4_s2,exact,1,0,0,600,FEASIBLE,54922.00,28318.41,0.48438865,601.39,602.50,-1.00,-1.00,-1.00,30905,-1.00,54922.00,1,13.0.2,logs/kstar_nI40_nJ20_nK50_nL5_tI4_tJ4_s2_m1_exact_s0_20260717-075711.gurobi.log
20260717-080714,kstar_nI40_nJ20_nK50_nL5_tI4_tJ4_s3,exact,1,0,0,600,FEASIBLE,50070.00,27636.76,0.44803758,601.11,602.46,-1.00,-1.00,-1.00,33741,-1.00,50070.00,1,13.0.2,logs/kstar_nI40_nJ20_nK50_nL5_tI4_tJ4_s3_m1_exact_s0_20260717-080714.gurobi.log
20260717-081716,kstar_nI40_nJ20_nK50_nL5_tI4_tJ4_s4,exact,1,0,0,600,FEASIBLE,47919.00,27789.32,0.42007712,602.08,603.31,-1.00,-1.00,-1.00,32379,-1.00,47919.00,1,13.0.2,logs/kstar_nI40_nJ20_nK50_nL5_tI4_tJ4_s4_m1_exact_s0_20260717-081716.gurobi.log
20260717-082720,kstar_nI40_nJ20_nK50_nL5_tI4_tJ4_s5,exact,1,0,0,600,FEASIBLE,47937.00,29553.13,0.38350053,601.31,602.57,-1.00,-1.00,-1.00,31513,-1.00,47937.00,1,13.0.2,logs/kstar_nI40_nJ20_nK50_nL5_tI4_tJ4_s5_m1_exact_s0_20260717-082720.gurobi.log
20260717-083722,kstar_nI40_nJ20_nK50_nL5_tI5_tJ5_s1,exact,1,0,0,600,FEASIBLE,46101.00,30951.05,0.32862530,601.20,602.26,-1.00,-1.00,-1.00,28425,-1.00,46101.00,1,13.0.2,logs/kstar_nI40_nJ20_nK50_nL5_tI5_tJ5_s1_m1_exact_s0_20260717-083722.gurobi.log
20260717-084725,kstar_nI40_nJ20_nK50_nL5_tI5_tJ5_s2,exact,1,0,0,600,FEASIBLE,46934.00,29112.70,0.37970970,601.69,603.09,-1.00,-1.00,-1.00,30881,-1.00,46934.00,1,13.0.2,logs/kstar_nI40_nJ20_nK50_nL5_tI5_tJ5_s2_m1_exact_s0_20260717-084725.gurobi.log
20260717-085728,kstar_nI40_nJ20_nK50_nL5_tI5_tJ5_s3,exact,1,0,0,600,FEASIBLE,47506.00,32297.36,0.32014141,601.89,602.99,-1.00,-1.00,-1.00,28608,-1.00,47506.00,1,13.0.2,logs/kstar_nI40_nJ20_nK50_nL5_tI5_tJ5_s3_m1_exact_s0_20260717-085728.gurobi.log
20260717-090731,kstar_nI40_nJ20_nK50_nL5_tI5_tJ5_s4,exact,1,0,0,600,FEASIBLE,52484.00,29550.75,0.43695697,600.85,602.11,-1.00,-1.00,-1.00,29820,-1.00,52484.00,1,13.0.2,logs/kstar_nI40_nJ20_nK50_nL5_tI5_tJ5_s4_m1_exact_s0_20260717-090731.gurobi.log
20260717-091733,kstar_nI40_nJ20_nK50_nL5_tI5_tJ5_s5,exact,1,0,0,600,FEASIBLE,47817.00,29750.49,0.37782600,600.91,602.34,-1.00,-1.00,-1.00,29332,-1.00,47817.00,1,13.0.2,logs/kstar_nI40_nJ20_nK50_nL5_tI5_tJ5_s5_m1_exact_s0_20260717-091733.gurobi.log
20260717-092735,kstar_nI40_nJ20_nK50_nL5_tI6_tJ6_s1,exact,1,0,0,600,FEASIBLE,42632.00,29965.21,0.29711925,601.66,602.98,-1.00,-1.00,-1.00,25600,-1.00,42632.00,1,13.0.2,logs/kstar_nI40_nJ20_nK50_nL5_tI6_tJ6_s1_m1_exact_s0_20260717-092735.gurobi.log
20260717-093738,kstar_nI40_nJ20_nK50_nL5_tI6_tJ6_s2,exact,1,0,0,600,FEASIBLE,44853.00,33597.32,0.25094602,600.54,601.53,-1.00,-1.00,-1.00,28842,-1.00,44853.00,1,13.0.2,logs/kstar_nI40_nJ20_nK50_nL5_tI6_tJ6_s2_m1_exact_s0_20260717-093738.gurobi.log
20260717-094740,kstar_nI40_nJ20_nK50_nL5_tI6_tJ6_s3,exact,1,0,0,600,FEASIBLE,43418.00,31438.89,0.27590186,601.77,603.50,-1.00,-1.00,-1.00,30441,-1.00,43418.00,1,13.0.2,logs/kstar_nI40_nJ20_nK50_nL5_tI6_tJ6_s3_m1_exact_s0_20260717-094740.gurobi.log
20260717-095743,kstar_nI40_nJ20_nK50_nL5_tI6_tJ6_s4,exact,1,0,0,600,FEASIBLE,44533.00,31206.66,0.29924646,601.77,602.85,-1.00,-1.00,-1.00,27803,-1.00,44533.00,1,13.0.2,logs/kstar_nI40_nJ20_nK50_nL5_tI6_tJ6_s4_m1_exact_s0_20260717-095743.gurobi.log
20260717-100746,kstar_nI40_nJ20_nK50_nL5_tI6_tJ6_s5,exact,1,0,0,600,FEASIBLE,47294.00,30645.66,0.35201795,601.05,602.37,-1.00,-1.00,-1.00,27468,-1.00,47294.00,1,13.0.2,logs/kstar_nI40_nJ20_nK50_nL5_tI6_tJ6_s5_m1_exact_s0_20260717-100746.gurobi.log
20260717-101749,kstar_nI40_nJ40_nK100_nL10_tI2_tJ2_s1,exact,1,0,0,600,FEASIBLE,245550.00,65224.77,0.73437275,602.42,602.89,-1.00,-1.00,-1.00,38129,-1.00,245550.00,1,13.0.2,logs/kstar_nI40_nJ40_nK100_nL10_tI2_tJ2_s1_m1_exact_s0_20260717-101749.gurobi.log
20260717-102752,kstar_nI40_nJ40_nK100_nL10_tI2_tJ2_s2,exact,1,0,0,600,FEASIBLE,231103.00,67521.95,0.70782748,603.43,603.90,-1.00,-1.00,-1.00,40018,-1.00,231103.00,1,13.0.2,logs/kstar_nI40_nJ40_nK100_nL10_tI2_tJ2_s2_m1_exact_s0_20260717-102752.gurobi.log
20260717-103756,kstar_nI40_nJ40_nK100_nL10_tI2_tJ2_s3,exact,1,0,0,600,FEASIBLE,262905.00,68596.95,0.73908085,604.13,604.59,-1.00,-1.00,-1.00,39537,-1.00,262905.00,1,13.0.2,logs/kstar_nI40_nJ40_nK100_nL10_tI2_tJ2_s3_m1_exact_s0_20260717-103756.gurobi.log
20260717-104800,kstar_nI40_nJ40_nK100_nL10_tI2_tJ2_s4,exact,1,0,0,600,FEASIBLE,320358.00,67773.82,0.78844348,604.03,604.61,-1.00,-1.00,-1.00,37141,-1.00,320358.00,1,13.0.2,logs/kstar_nI40_nJ40_nK100_nL10_tI2_tJ2_s4_m1_exact_s0_20260717-104800.gurobi.log
20260717-105805,kstar_nI40_nJ40_nK100_nL10_tI2_tJ2_s5,exact,1,0,0,600,FEASIBLE,291763.00,66781.16,0.77111162,604.11,604.59,-1.00,-1.00,-1.00,36901,-1.00,291763.00,1,13.0.2,logs/kstar_nI40_nJ40_nK100_nL10_tI2_tJ2_s5_m1_exact_s0_20260717-105805.gurobi.log
20260717-110810,kstar_nI40_nJ40_nK100_nL10_tI3_tJ3_s1,exact,1,0,0,600,FEASIBLE,282073.00,67323.88,0.76132463,602.96,603.37,-1.00,-1.00,-1.00,31609,-1.00,282073.00,1,13.0.2,logs/kstar_nI40_nJ40_nK100_nL10_tI3_tJ3_s1_m1_exact_s0_20260717-110810.gurobi.log
20260717-111813,kstar_nI40_nJ40_nK100_nL10_tI3_tJ3_s2,exact,1,0,0,600,FEASIBLE,229481.00,63991.97,0.72114482,600.55,601.07,-1.00,-1.00,-1.00,33900,-1.00,229481.00,1,13.0.2,logs/kstar_nI40_nJ40_nK100_nL10_tI3_tJ3_s2_m1_exact_s0_20260717-111813.gurobi.log
20260717-112814,kstar_nI40_nJ40_nK100_nL10_tI3_tJ3_s3,exact,1,0,0,600,FEASIBLE,245819.00,66482.34,0.72954759,600.83,601.12,-1.00,-1.00,-1.00,31825,-1.00,245819.00,1,13.0.2,logs/kstar_nI40_nJ40_nK100_nL10_tI3_tJ3_s3_m1_exact_s0_20260717-112814.gurobi.log
20260717-113815,kstar_nI40_nJ40_nK100_nL10_tI3_tJ3_s4,exact,1,0,0,600,FEASIBLE,182181.00,68890.47,0.62185700,600.52,601.11,-1.00,-1.00,-1.00,34660,-1.00,182181.00,1,13.0.2,logs/kstar_nI40_nJ40_nK100_nL10_tI3_tJ3_s4_m1_exact_s0_20260717-113815.gurobi.log
20260717-114817,kstar_nI40_nJ40_nK100_nL10_tI3_tJ3_s5,exact,1,0,0,600,FEASIBLE,262316.00,65447.89,0.75049980,602.61,602.92,-1.00,-1.00,-1.00,35479,-1.00,262316.00,1,13.0.2,logs/kstar_nI40_nJ40_nK100_nL10_tI3_tJ3_s5_m1_exact_s0_20260717-114817.gurobi.log
20260717-115820,kstar_nI40_nJ40_nK100_nL10_tI4_tJ4_s1,exact,1,0,0,600,FEASIBLE,220508.00,69146.66,0.68642110,602.23,602.65,-1.00,-1.00,-1.00,32379,-1.00,220508.00,1,13.0.2,logs/kstar_nI40_nJ40_nK100_nL10_tI4_tJ4_s1_m1_exact_s0_20260717-115820.gurobi.log
20260717-120822,kstar_nI40_nJ40_nK100_nL10_tI4_tJ4_s2,exact,1,0,0,600,FEASIBLE,163862.00,69131.19,0.57811333,602.38,602.74,-1.00,-1.00,-1.00,29806,-1.00,163862.00,1,13.0.2,logs/kstar_nI40_nJ40_nK100_nL10_tI4_tJ4_s2_m1_exact_s0_20260717-120822.gurobi.log
20260717-121825,kstar_nI40_nJ40_nK100_nL10_tI4_tJ4_s3,exact,1,0,0,600,FEASIBLE,192646.00,66087.49,0.65694852,602.85,603.33,-1.00,-1.00,-1.00,35170,-1.00,192646.00,1,13.0.2,logs/kstar_nI40_nJ40_nK100_nL10_tI4_tJ4_s3_m1_exact_s0_20260717-121825.gurobi.log
20260717-122829,kstar_nI40_nJ40_nK100_nL10_tI4_tJ4_s4,exact,1,0,0,600,FEASIBLE,197752.00,69668.86,0.64769581,601.63,602.33,-1.00,-1.00,-1.00,33051,-1.00,197752.00,1,13.0.2,logs/kstar_nI40_nJ40_nK100_nL10_tI4_tJ4_s4_m1_exact_s0_20260717-122829.gurobi.log
20260717-123831,kstar_nI40_nJ40_nK100_nL10_tI4_tJ4_s5,exact,1,0,0,600,FEASIBLE,236527.00,70405.26,0.70233732,603.12,603.62,-1.00,-1.00,-1.00,35964,-1.00,236527.00,1,13.0.2,logs/kstar_nI40_nJ40_nK100_nL10_tI4_tJ4_s5_m1_exact_s0_20260717-123831.gurobi.log
20260717-124835,kstar_nI40_nJ40_nK100_nL10_tI5_tJ5_s1,exact,1,0,0,600,FEASIBLE,177924.00,70838.38,0.60186159,602.59,603.37,-1.00,-1.00,-1.00,32155,-1.00,177924.00,1,13.0.2,logs/kstar_nI40_nJ40_nK100_nL10_tI5_tJ5_s1_m1_exact_s0_20260717-124835.gurobi.log
20260717-125838,kstar_nI40_nJ40_nK100_nL10_tI5_tJ5_s2,exact,1,0,0,600,FEASIBLE,191925.00,68901.50,0.64099776,601.34,602.20,-1.00,-1.00,-1.00,34171,-1.00,191925.00,1,13.0.2,logs/kstar_nI40_nJ40_nK100_nL10_tI5_tJ5_s2_m1_exact_s0_20260717-125838.gurobi.log
20260717-130840,kstar_nI40_nJ40_nK100_nL10_tI5_tJ5_s3,exact,1,0,0,600,FEASIBLE,181774.00,66544.46,0.63391651,603.18,603.69,-1.00,-1.00,-1.00,31701,-1.00,181774.00,1,13.0.2,logs/kstar_nI40_nJ40_nK100_nL10_tI5_tJ5_s3_m1_exact_s0_20260717-130840.gurobi.log
20260717-131844,kstar_nI40_nJ40_nK100_nL10_tI5_tJ5_s4,exact,1,0,0,600,FEASIBLE,173234.00,70426.50,0.59346030,603.02,603.79,-1.00,-1.00,-1.00,33486,-1.00,173234.00,1,13.0.2,logs/kstar_nI40_nJ40_nK100_nL10_tI5_tJ5_s4_m1_exact_s0_20260717-131844.gurobi.log
20260717-132848,kstar_nI40_nJ40_nK100_nL10_tI5_tJ5_s5,exact,1,0,0,600,FEASIBLE,182033.00,66207.83,0.63628665,601.08,601.70,-1.00,-1.00,-1.00,37078,-1.00,182033.00,1,13.0.2,logs/kstar_nI40_nJ40_nK100_nL10_tI5_tJ5_s5_m1_exact_s0_20260717-132848.gurobi.log
20260717-133850,kstar_nI40_nJ40_nK100_nL10_tI6_tJ6_s1,exact,1,0,0,600,FEASIBLE,175747.00,67684.34,0.61487630,602.79,603.74,-1.00,-1.00,-1.00,32599,-1.00,175747.00,1,13.0.2,logs/kstar_nI40_nJ40_nK100_nL10_tI6_tJ6_s1_m1_exact_s0_20260717-133850.gurobi.log
20260717-134853,kstar_nI40_nJ40_nK100_nL10_tI6_tJ6_s2,exact,1,0,0,600,FEASIBLE,180794.00,69896.98,0.61338885,601.80,602.57,-1.00,-1.00,-1.00,34178,-1.00,180794.00,1,13.0.2,logs/kstar_nI40_nJ40_nK100_nL10_tI6_tJ6_s2_m1_exact_s0_20260717-134853.gurobi.log
20260717-135856,kstar_nI40_nJ40_nK100_nL10_tI6_tJ6_s3,exact,1,0,0,600,FEASIBLE,187938.00,70070.07,0.62716392,603.02,603.80,-1.00,-1.00,-1.00,35553,-1.00,187938.00,1,13.0.2,logs/kstar_nI40_nJ40_nK100_nL10_tI6_tJ6_s3_m1_exact_s0_20260717-135856.gurobi.log
20260717-140900,kstar_nI40_nJ40_nK100_nL10_tI6_tJ6_s4,exact,1,0,0,600,FEASIBLE,158394.00,70426.56,0.55537101,602.76,603.53,-1.00,-1.00,-1.00,33456,-1.00,158394.00,1,13.0.2,logs/kstar_nI40_nJ40_nK100_nL10_tI6_tJ6_s4_m1_exact_s0_20260717-140900.gurobi.log
20260717-141904,kstar_nI40_nJ40_nK100_nL10_tI6_tJ6_s5,exact,1,0,0,600,FEASIBLE,154439.00,69915.95,0.54729087,601.86,602.68,-1.00,-1.00,-1.00,34461,-1.00,154439.00,1,13.0.2,logs/kstar_nI40_nJ40_nK100_nL10_tI6_tJ6_s5_m1_exact_s0_20260717-141904.gurobi.log
20260717-142906,kstar_nI40_nJ40_nK100_nL5_tI2_tJ2_s1,exact,1,0,0,600,FEASIBLE,170430.00,33538.33,0.80321344,603.23,604.06,-1.00,-1.00,-1.00,31597,-1.00,170430.00,1,13.0.2,logs/kstar_nI40_nJ40_nK100_nL5_tI2_tJ2_s1_m1_exact_s0_20260717-142906.gurobi.log
20260717-143910,kstar_nI40_nJ40_nK100_nL5_tI2_tJ2_s2,exact,1,0,0,600,FEASIBLE,199323.00,33304.97,0.83290954,603.50,604.25,-1.00,-1.00,-1.00,31554,-1.00,199323.00,1,13.0.2,logs/kstar_nI40_nJ40_nK100_nL5_tI2_tJ2_s2_m1_exact_s0_20260717-143910.gurobi.log
20260717-144915,kstar_nI40_nJ40_nK100_nL5_tI2_tJ2_s3,exact,1,0,0,600,FEASIBLE,132087.00,34689.32,0.73737521,603.12,603.47,-1.00,-1.00,-1.00,29426,-1.00,132087.00,1,13.0.2,logs/kstar_nI40_nJ40_nK100_nL5_tI2_tJ2_s3_m1_exact_s0_20260717-144915.gurobi.log
20260717-145918,kstar_nI40_nJ40_nK100_nL5_tI2_tJ2_s4,exact,1,0,0,600,FEASIBLE,143297.00,34885.72,0.75654954,602.90,603.84,-1.00,-1.00,-1.00,31680,-1.00,143297.00,1,13.0.2,logs/kstar_nI40_nJ40_nK100_nL5_tI2_tJ2_s4_m1_exact_s0_20260717-145918.gurobi.log
20260717-150922,kstar_nI40_nJ40_nK100_nL5_tI2_tJ2_s5,exact,1,0,0,600,FEASIBLE,175783.00,35063.08,0.80053199,603.13,603.83,-1.00,-1.00,-1.00,30860,-1.00,175783.00,1,13.0.2,logs/kstar_nI40_nJ40_nK100_nL5_tI2_tJ2_s5_m1_exact_s0_20260717-150922.gurobi.log
20260717-151926,kstar_nI40_nJ40_nK100_nL5_tI3_tJ3_s1,exact,1,0,0,600,FEASIBLE,110397.00,33436.81,0.69712212,603.00,603.73,-1.00,-1.00,-1.00,27537,-1.00,110397.00,1,13.0.2,logs/kstar_nI40_nJ40_nK100_nL5_tI3_tJ3_s1_m1_exact_s0_20260717-151926.gurobi.log
20260717-152930,kstar_nI40_nJ40_nK100_nL5_tI3_tJ3_s2,exact,1,0,0,600,FEASIBLE,125507.00,35915.20,0.71383909,603.79,604.55,-1.00,-1.00,-1.00,26887,-1.00,125507.00,1,13.0.2,logs/kstar_nI40_nJ40_nK100_nL5_tI3_tJ3_s2_m1_exact_s0_20260717-152930.gurobi.log
20260717-153934,kstar_nI40_nJ40_nK100_nL5_tI3_tJ3_s3,exact,1,0,0,600,FEASIBLE,122195.00,34829.62,0.71496691,603.15,603.90,-1.00,-1.00,-1.00,27406,-1.00,122195.00,1,13.0.2,logs/kstar_nI40_nJ40_nK100_nL5_tI3_tJ3_s3_m1_exact_s0_20260717-153934.gurobi.log
20260717-154938,kstar_nI40_nJ40_nK100_nL5_tI3_tJ3_s4,exact,1,0,0,600,FEASIBLE,130455.00,35489.03,0.72795964,602.21,603.03,-1.00,-1.00,-1.00,28520,-1.00,130455.00,1,13.0.2,logs/kstar_nI40_nJ40_nK100_nL5_tI3_tJ3_s4_m1_exact_s0_20260717-154938.gurobi.log
20260717-155942,kstar_nI40_nJ40_nK100_nL5_tI3_tJ3_s5,exact,1,0,0,600,FEASIBLE,121816.00,33967.53,0.72115711,602.31,603.44,-1.00,-1.00,-1.00,27512,-1.00,121816.00,1,13.0.2,logs/kstar_nI40_nJ40_nK100_nL5_tI3_tJ3_s5_m1_exact_s0_20260717-155942.gurobi.log
20260717-160945,kstar_nI40_nJ40_nK100_nL5_tI4_tJ4_s1,exact,1,0,0,600,FEASIBLE,105197.00,36826.24,0.64993066,602.55,603.47,-1.00,-1.00,-1.00,25191,-1.00,105197.00,1,13.0.2,logs/kstar_nI40_nJ40_nK100_nL5_tI4_tJ4_s1_m1_exact_s0_20260717-160945.gurobi.log
20260717-161949,kstar_nI40_nJ40_nK100_nL5_tI4_tJ4_s2,exact,1,0,0,600,FEASIBLE,106873.00,34291.78,0.67913523,602.56,603.32,-1.00,-1.00,-1.00,26033,-1.00,106873.00,1,13.0.2,logs/kstar_nI40_nJ40_nK100_nL5_tI4_tJ4_s2_m1_exact_s0_20260717-161949.gurobi.log
20260717-162952,kstar_nI40_nJ40_nK100_nL5_tI4_tJ4_s3,exact,1,0,0,600,FEASIBLE,99963.00,38018.90,0.61967030,600.65,601.65,-1.00,-1.00,-1.00,25163,-1.00,99963.00,1,13.0.2,logs/kstar_nI40_nJ40_nK100_nL5_tI4_tJ4_s3_m1_exact_s0_20260717-162952.gurobi.log
20260717-163954,kstar_nI40_nJ40_nK100_nL5_tI4_tJ4_s4,exact,1,0,0,600,FEASIBLE,106050.00,35734.66,0.66303949,602.07,602.89,-1.00,-1.00,-1.00,24856,-1.00,106050.00,1,13.0.2,logs/kstar_nI40_nJ40_nK100_nL5_tI4_tJ4_s4_m1_exact_s0_20260717-163954.gurobi.log
20260717-164957,kstar_nI40_nJ40_nK100_nL5_tI4_tJ4_s5,exact,1,0,0,600,FEASIBLE,133952.00,37126.37,0.72283828,601.93,602.79,-1.00,-1.00,-1.00,25883,-1.00,133952.00,1,13.0.2,logs/kstar_nI40_nJ40_nK100_nL5_tI4_tJ4_s5_m1_exact_s0_20260717-164957.gurobi.log
20260717-170000,kstar_nI40_nJ40_nK100_nL5_tI5_tJ5_s1,exact,1,0,0,600,FEASIBLE,86148.00,35661.10,0.58604848,601.42,602.38,-1.00,-1.00,-1.00,25591,-1.00,86148.00,1,13.0.2,logs/kstar_nI40_nJ40_nK100_nL5_tI5_tJ5_s1_m1_exact_s0_20260717-170000.gurobi.log
20260717-171002,kstar_nI40_nJ40_nK100_nL5_tI5_tJ5_s2,exact,1,0,0,600,FEASIBLE,89571.00,36779.17,0.58938530,601.99,602.79,-1.00,-1.00,-1.00,25058,-1.00,89571.00,1,13.0.2,logs/kstar_nI40_nJ40_nK100_nL5_tI5_tJ5_s2_m1_exact_s0_20260717-171002.gurobi.log
20260717-172005,kstar_nI40_nJ40_nK100_nL5_tI5_tJ5_s3,exact,1,0,0,600,FEASIBLE,112557.00,35713.46,0.68270777,600.86,601.81,-1.00,-1.00,-1.00,25265,-1.00,112557.00,1,13.0.2,logs/kstar_nI40_nJ40_nK100_nL5_tI5_tJ5_s3_m1_exact_s0_20260717-172005.gurobi.log
20260717-173007,kstar_nI40_nJ40_nK100_nL5_tI5_tJ5_s4,exact,1,0,0,600,FEASIBLE,91127.00,36302.66,0.60162565,601.86,602.72,-1.00,-1.00,-1.00,24796,-1.00,91127.00,1,13.0.2,logs/kstar_nI40_nJ40_nK100_nL5_tI5_tJ5_s4_m1_exact_s0_20260717-173007.gurobi.log
20260717-174009,kstar_nI40_nJ40_nK100_nL5_tI5_tJ5_s5,exact,1,0,0,600,FEASIBLE,103632.00,35963.68,0.65296747,602.61,603.53,-1.00,-1.00,-1.00,24299,-1.00,103632.00,1,13.0.2,logs/kstar_nI40_nJ40_nK100_nL5_tI5_tJ5_s5_m1_exact_s0_20260717-174009.gurobi.log
20260717-175013,kstar_nI40_nJ40_nK100_nL5_tI6_tJ6_s1,exact,1,0,0,600,FEASIBLE,80897.00,38475.88,0.52438431,600.98,601.81,-1.00,-1.00,-1.00,25299,-1.00,80897.00,1,13.0.2,logs/kstar_nI40_nJ40_nK100_nL5_tI6_tJ6_s1_m1_exact_s0_20260717-175013.gurobi.log
20260717-180015,kstar_nI40_nJ40_nK100_nL5_tI6_tJ6_s2,exact,1,0,0,600,FEASIBLE,88155.00,37733.60,0.57196300,601.83,602.61,-1.00,-1.00,-1.00,23645,-1.00,88155.00,1,13.0.2,logs/kstar_nI40_nJ40_nK100_nL5_tI6_tJ6_s2_m1_exact_s0_20260717-180015.gurobi.log
20260717-181018,kstar_nI40_nJ40_nK100_nL5_tI6_tJ6_s3,exact,1,0,0,600,FEASIBLE,79247.00,37017.20,0.53288829,600.56,601.56,-1.00,-1.00,-1.00,24386,-1.00,79247.00,1,13.0.2,logs/kstar_nI40_nJ40_nK100_nL5_tI6_tJ6_s3_m1_exact_s0_20260717-181018.gurobi.log
20260717-182019,kstar_nI40_nJ40_nK100_nL5_tI6_tJ6_s4,exact,1,0,0,600,FEASIBLE,87547.00,36467.87,0.58344812,602.38,600.80,-1.00,-1.00,-1.00,26254,-1.00,87547.00,1,13.0.2,logs/kstar_nI40_nJ40_nK100_nL5_tI6_tJ6_s4_m1_exact_s0_20260717-182019.gurobi.log
20260717-183416,kstar_nI40_nJ40_nK100_nL5_tI6_tJ6_s5,exact,1,0,0,600,FEASIBLE,83516.00,38513.05,0.53885423,602.05,602.96,-1.00,-1.00,-1.00,23008,-1.00,83516.00,1,13.0.2,logs/kstar_nI40_nJ40_nK100_nL5_tI6_tJ6_s5_m1_exact_s0_20260717-183416.gurobi.log
20260717-184419,kstar_nI40_nJ40_nK50_nL10_tI2_tJ2_s1,exact,1,0,0,600,FEASIBLE,137753.00,33198.19,0.75900207,603.23,603.75,-1.00,-1.00,-1.00,36240,-1.00,137753.00,1,13.0.2,logs/kstar_nI40_nJ40_nK50_nL10_tI2_tJ2_s1_m1_exact_s0_20260717-184419.gurobi.log
20260717-185423,kstar_nI40_nJ40_nK50_nL10_tI2_tJ2_s2,exact,1,0,0,600,FEASIBLE,102746.00,32557.43,0.68312706,602.49,602.78,-1.00,-1.00,-1.00,35345,-1.00,102746.00,1,13.0.2,logs/kstar_nI40_nJ40_nK50_nL10_tI2_tJ2_s2_m1_exact_s0_20260717-185423.gurobi.log
20260717-190425,kstar_nI40_nJ40_nK50_nL10_tI2_tJ2_s3,exact,1,0,0,600,FEASIBLE,138948.00,34142.90,0.75427568,601.21,601.74,-1.00,-1.00,-1.00,40038,-1.00,138948.00,1,13.0.2,logs/kstar_nI40_nJ40_nK50_nL10_tI2_tJ2_s3_m1_exact_s0_20260717-190425.gurobi.log
20260717-191427,kstar_nI40_nJ40_nK50_nL10_tI2_tJ2_s4,exact,1,0,0,600,FEASIBLE,134520.00,33308.29,0.75239154,602.82,603.16,-1.00,-1.00,-1.00,41989,-1.00,134520.00,1,13.0.2,logs/kstar_nI40_nJ40_nK50_nL10_tI2_tJ2_s4_m1_exact_s0_20260717-191427.gurobi.log
20260717-192430,kstar_nI40_nJ40_nK50_nL10_tI2_tJ2_s5,exact,1,0,0,600,FEASIBLE,146806.00,34365.66,0.76591103,602.85,603.30,-1.00,-1.00,-1.00,37120,-1.00,146806.00,1,13.0.2,logs/kstar_nI40_nJ40_nK50_nL10_tI2_tJ2_s5_m1_exact_s0_20260717-192430.gurobi.log
20260717-193434,kstar_nI40_nJ40_nK50_nL10_tI3_tJ3_s1,exact,1,0,0,600,FEASIBLE,107297.00,34419.36,0.67921416,602.74,603.25,-1.00,-1.00,-1.00,35793,-1.00,107297.00,1,13.0.2,logs/kstar_nI40_nJ40_nK50_nL10_tI3_tJ3_s1_m1_exact_s0_20260717-193434.gurobi.log
20260717-194437,kstar_nI40_nJ40_nK50_nL10_tI3_tJ3_s2,exact,1,0,0,600,FEASIBLE,99354.00,32184.72,0.67606010,603.25,604.00,-1.00,-1.00,-1.00,35906,-1.00,99354.00,1,13.0.2,logs/kstar_nI40_nJ40_nK50_nL10_tI3_tJ3_s2_m1_exact_s0_20260717-194437.gurobi.log
20260717-195441,kstar_nI40_nJ40_nK50_nL10_tI3_tJ3_s3,exact,1,0,0,600,FEASIBLE,102597.00,33967.69,0.66892123,601.08,601.63,-1.00,-1.00,-1.00,37074,-1.00,102597.00,1,13.0.2,logs/kstar_nI40_nJ40_nK50_nL10_tI3_tJ3_s3_m1_exact_s0_20260717-195441.gurobi.log
20260717-200443,kstar_nI40_nJ40_nK50_nL10_tI3_tJ3_s4,exact,1,0,0,600,FEASIBLE,125269.00,36579.90,0.70798918,602.70,603.11,-1.00,-1.00,-1.00,36861,-1.00,125269.00,1,13.0.2,logs/kstar_nI40_nJ40_nK50_nL10_tI3_tJ3_s4_m1_exact_s0_20260717-200443.gurobi.log
20260717-201446,kstar_nI40_nJ40_nK50_nL10_tI3_tJ3_s5,exact,1,0,0,600,FEASIBLE,124798.00,35449.54,0.71594462,602.41,602.89,-1.00,-1.00,-1.00,36225,-1.00,124798.00,1,13.0.2,logs/kstar_nI40_nJ40_nK50_nL10_tI3_tJ3_s5_m1_exact_s0_20260717-201446.gurobi.log
20260717-202449,kstar_nI40_nJ40_nK50_nL10_tI4_tJ4_s1,exact,1,0,0,600,FEASIBLE,105175.00,35890.67,0.65875286,602.61,603.16,-1.00,-1.00,-1.00,36001,-1.00,105175.00,1,13.0.2,logs/kstar_nI40_nJ40_nK50_nL10_tI4_tJ4_s1_m1_exact_s0_20260717-202449.gurobi.log
20260717-203453,kstar_nI40_nJ40_nK50_nL10_tI4_tJ4_s2,exact,1,0,0,600,FEASIBLE,118284.00,34562.75,0.70779857,601.16,602.10,-1.00,-1.00,-1.00,34567,-1.00,118284.00,1,13.0.2,logs/kstar_nI40_nJ40_nK50_nL10_tI4_tJ4_s2_m1_exact_s0_20260717-203453.gurobi.log
20260717-204455,kstar_nI40_nJ40_nK50_nL10_tI4_tJ4_s3,exact,1,0,0,600,FEASIBLE,77386.00,35500.06,0.54125993,600.81,601.19,-1.00,-1.00,-1.00,33961,-1.00,77386.00,1,13.0.2,logs/kstar_nI40_nJ40_nK50_nL10_tI4_tJ4_s3_m1_exact_s0_20260717-204455.gurobi.log
20260717-205456,kstar_nI40_nJ40_nK50_nL10_tI4_tJ4_s4,exact,1,0,0,600,FEASIBLE,100217.00,35245.93,0.64830389,602.42,603.03,-1.00,-1.00,-1.00,34618,-1.00,100217.00,1,13.0.2,logs/kstar_nI40_nJ40_nK50_nL10_tI4_tJ4_s4_m1_exact_s0_20260717-205456.gurobi.log
20260717-210459,kstar_nI40_nJ40_nK50_nL10_tI4_tJ4_s5,exact,1,0,0,600,FEASIBLE,112324.00,35643.53,0.68267217,601.44,602.13,-1.00,-1.00,-1.00,34119,-1.00,112324.00,1,13.0.2,logs/kstar_nI40_nJ40_nK50_nL10_tI4_tJ4_s5_m1_exact_s0_20260717-210459.gurobi.log
20260717-211501,kstar_nI40_nJ40_nK50_nL10_tI5_tJ5_s1,exact,1,0,0,600,FEASIBLE,95046.00,35070.48,0.63101575,602.83,603.64,-1.00,-1.00,-1.00,33666,-1.00,95046.00,1,13.0.2,logs/kstar_nI40_nJ40_nK50_nL10_tI5_tJ5_s1_m1_exact_s0_20260717-211501.gurobi.log
20260717-212505,kstar_nI40_nJ40_nK50_nL10_tI5_tJ5_s2,exact,1,0,0,600,FEASIBLE,80647.00,36653.32,0.54550922,602.22,603.03,-1.00,-1.00,-1.00,33473,-1.00,80647.00,1,13.0.2,logs/kstar_nI40_nJ40_nK50_nL10_tI5_tJ5_s2_m1_exact_s0_20260717-212505.gurobi.log
20260717-213508,kstar_nI40_nJ40_nK50_nL10_tI5_tJ5_s3,exact,1,0,0,600,FEASIBLE,89238.00,36466.20,0.59136024,602.17,603.00,-1.00,-1.00,-1.00,34821,-1.00,89238.00,1,13.0.2,logs/kstar_nI40_nJ40_nK50_nL10_tI5_tJ5_s3_m1_exact_s0_20260717-213508.gurobi.log
20260717-214511,kstar_nI40_nJ40_nK50_nL10_tI5_tJ5_s4,exact,1,0,0,600,FEASIBLE,100334.00,36969.92,0.63153150,601.46,602.25,-1.00,-1.00,-1.00,33776,-1.00,100334.00,1,13.0.2,logs/kstar_nI40_nJ40_nK50_nL10_tI5_tJ5_s4_m1_exact_s0_20260717-214511.gurobi.log
20260717-215513,kstar_nI40_nJ40_nK50_nL10_tI5_tJ5_s5,exact,1,0,0,600,FEASIBLE,98150.00,34982.75,0.64357867,602.46,603.27,-1.00,-1.00,-1.00,32494,-1.00,98150.00,1,13.0.2,logs/kstar_nI40_nJ40_nK50_nL10_tI5_tJ5_s5_m1_exact_s0_20260717-215513.gurobi.log
20260717-220517,kstar_nI40_nJ40_nK50_nL10_tI6_tJ6_s1,exact,1,0,0,600,FEASIBLE,78508.00,37806.05,0.51844329,602.63,603.50,-1.00,-1.00,-1.00,33177,-1.00,78508.00,1,13.0.2,logs/kstar_nI40_nJ40_nK50_nL10_tI6_tJ6_s1_m1_exact_s0_20260717-220517.gurobi.log
20260717-221520,kstar_nI40_nJ40_nK50_nL10_tI6_tJ6_s2,exact,1,0,0,600,FEASIBLE,89745.00,38511.98,0.57087326,600.76,601.67,-1.00,-1.00,-1.00,34414,-1.00,89745.00,1,13.0.2,logs/kstar_nI40_nJ40_nK50_nL10_tI6_tJ6_s2_m1_exact_s0_20260717-221520.gurobi.log
20260717-222522,kstar_nI40_nJ40_nK50_nL10_tI6_tJ6_s3,exact,1,0,0,600,FEASIBLE,84272.00,36633.27,0.56529726,602.55,603.41,-1.00,-1.00,-1.00,33172,-1.00,84272.00,1,13.0.2,logs/kstar_nI40_nJ40_nK50_nL10_tI6_tJ6_s3_m1_exact_s0_20260717-222522.gurobi.log
20260717-223526,kstar_nI40_nJ40_nK50_nL10_tI6_tJ6_s4,exact,1,0,0,600,FEASIBLE,72272.00,35253.75,0.51220731,602.34,602.98,-1.00,-1.00,-1.00,35285,-1.00,72272.00,1,13.0.2,logs/kstar_nI40_nJ40_nK50_nL10_tI6_tJ6_s4_m1_exact_s0_20260717-223526.gurobi.log
20260717-224529,kstar_nI40_nJ40_nK50_nL10_tI6_tJ6_s5,exact,1,0,0,600,FEASIBLE,77401.00,35395.72,0.54269688,602.56,603.33,-1.00,-1.00,-1.00,33216,-1.00,77401.00,1,13.0.2,logs/kstar_nI40_nJ40_nK50_nL10_tI6_tJ6_s5_m1_exact_s0_20260717-224529.gurobi.log
20260717-225532,kstar_nI40_nJ40_nK50_nL5_tI2_tJ2_s1,exact,1,0,0,600,FEASIBLE,87361.00,16622.10,0.80973089,602.87,603.76,-1.00,-1.00,-1.00,29722,-1.00,87361.00,1,13.0.2,logs/kstar_nI40_nJ40_nK50_nL5_tI2_tJ2_s1_m1_exact_s0_20260717-225532.gurobi.log
20260717-230536,kstar_nI40_nJ40_nK50_nL5_tI2_tJ2_s2,exact,1,0,0,600,FEASIBLE,76635.00,16685.17,0.78227736,602.62,603.41,-1.00,-1.00,-1.00,32177,-1.00,76635.00,1,13.0.2,logs/kstar_nI40_nJ40_nK50_nL5_tI2_tJ2_s2_m1_exact_s0_20260717-230536.gurobi.log
20260717-231539,kstar_nI40_nJ40_nK50_nL5_tI2_tJ2_s3,exact,1,0,0,600,FEASIBLE,48951.00,17394.31,0.64465873,602.21,602.97,-1.00,-1.00,-1.00,31099,-1.00,48951.00,1,13.0.2,logs/kstar_nI40_nJ40_nK50_nL5_tI2_tJ2_s3_m1_exact_s0_20260717-231539.gurobi.log
20260717-232542,kstar_nI40_nJ40_nK50_nL5_tI2_tJ2_s4,exact,1,0,0,600,FEASIBLE,70565.00,16629.47,0.76433833,602.49,603.22,-1.00,-1.00,-1.00,33465,-1.00,70565.00,1,13.0.2,logs/kstar_nI40_nJ40_nK50_nL5_tI2_tJ2_s4_m1_exact_s0_20260717-232542.gurobi.log
20260717-233546,kstar_nI40_nJ40_nK50_nL5_tI2_tJ2_s5,exact,1,0,0,600,FEASIBLE,69833.00,16773.75,0.75980198,601.20,602.18,-1.00,-1.00,-1.00,33904,-1.00,69833.00,1,13.0.2,logs/kstar_nI40_nJ40_nK50_nL5_tI2_tJ2_s5_m1_exact_s0_20260717-233546.gurobi.log
20260717-234548,kstar_nI40_nJ40_nK50_nL5_tI3_tJ3_s1,exact,1,0,0,600,FEASIBLE,61846.00,18663.17,0.69823159,601.39,602.34,-1.00,-1.00,-1.00,27782,-1.00,61846.00,1,13.0.2,logs/kstar_nI40_nJ40_nK50_nL5_tI3_tJ3_s1_m1_exact_s0_20260717-234548.gurobi.log
20260717-235550,kstar_nI40_nJ40_nK50_nL5_tI3_tJ3_s2,exact,1,0,0,600,FEASIBLE,67482.00,18206.40,0.73020365,601.76,602.67,-1.00,-1.00,-1.00,27057,-1.00,67482.00,1,13.0.2,logs/kstar_nI40_nJ40_nK50_nL5_tI3_tJ3_s2_m1_exact_s0_20260717-235550.gurobi.log
20260718-000553,kstar_nI40_nJ40_nK50_nL5_tI3_tJ3_s3,exact,1,0,0,600,FEASIBLE,53819.00,17009.37,0.68395239,601.43,602.40,-1.00,-1.00,-1.00,29385,-1.00,53819.00,1,13.0.2,logs/kstar_nI40_nJ40_nK50_nL5_tI3_tJ3_s3_m1_exact_s0_20260718-000553.gurobi.log
20260718-001555,kstar_nI40_nJ40_nK50_nL5_tI3_tJ3_s4,exact,1,0,0,600,FEASIBLE,57067.00,18339.12,0.67863876,601.85,602.77,-1.00,-1.00,-1.00,28061,-1.00,57067.00,1,13.0.2,logs/kstar_nI40_nJ40_nK50_nL5_tI3_tJ3_s4_m1_exact_s0_20260718-001555.gurobi.log
20260718-002558,kstar_nI40_nJ40_nK50_nL5_tI3_tJ3_s5,exact,1,0,0,600,FEASIBLE,66975.00,18177.16,0.72859783,602.55,603.57,-1.00,-1.00,-1.00,26500,-1.00,66975.00,1,13.0.2,logs/kstar_nI40_nJ40_nK50_nL5_tI3_tJ3_s5_m1_exact_s0_20260718-002558.gurobi.log
20260718-003602,kstar_nI40_nJ40_nK50_nL5_tI4_tJ4_s1,exact,1,0,0,600,FEASIBLE,54723.00,18722.45,0.65786881,602.04,603.07,-1.00,-1.00,-1.00,25531,-1.00,54723.00,1,13.0.2,logs/kstar_nI40_nJ40_nK50_nL5_tI4_tJ4_s1_m1_exact_s0_20260718-003602.gurobi.log
20260718-004605,kstar_nI40_nJ40_nK50_nL5_tI4_tJ4_s2,exact,1,0,0,600,FEASIBLE,54237.00,19054.71,0.64867691,601.98,602.91,-1.00,-1.00,-1.00,26795,-1.00,54237.00,1,13.0.2,logs/kstar_nI40_nJ40_nK50_nL5_tI4_tJ4_s2_m1_exact_s0_20260718-004605.gurobi.log
20260718-005608,kstar_nI40_nJ40_nK50_nL5_tI4_tJ4_s3,exact,1,0,0,600,FEASIBLE,48781.00,19250.83,0.60536211,602.48,603.38,-1.00,-1.00,-1.00,26723,-1.00,48781.00,1,13.0.2,logs/kstar_nI40_nJ40_nK50_nL5_tI4_tJ4_s3_m1_exact_s0_20260718-005608.gurobi.log
20260718-010611,kstar_nI40_nJ40_nK50_nL5_tI4_tJ4_s4,exact,1,0,0,600,FEASIBLE,50458.00,19054.12,0.62237671,601.28,602.18,-1.00,-1.00,-1.00,25610,-1.00,50458.00,1,13.0.2,logs/kstar_nI40_nJ40_nK50_nL5_tI4_tJ4_s4_m1_exact_s0_20260718-010611.gurobi.log
20260718-011614,kstar_nI40_nJ40_nK50_nL5_tI4_tJ4_s5,exact,1,0,0,600,FEASIBLE,55371.00,18085.48,0.67337634,602.09,603.04,-1.00,-1.00,-1.00,26070,-1.00,55371.00,1,13.0.2,logs/kstar_nI40_nJ40_nK50_nL5_tI4_tJ4_s5_m1_exact_s0_20260718-011614.gurobi.log
20260718-012617,kstar_nI40_nJ40_nK50_nL5_tI5_tJ5_s1,exact,1,0,0,600,FEASIBLE,43345.00,18944.86,0.56292856,601.70,602.66,-1.00,-1.00,-1.00,24536,-1.00,43345.00,1,13.0.2,logs/kstar_nI40_nJ40_nK50_nL5_tI5_tJ5_s1_m1_exact_s0_20260718-012617.gurobi.log
20260718-013619,kstar_nI40_nJ40_nK50_nL5_tI5_tJ5_s2,exact,1,0,0,600,FEASIBLE,51668.00,19706.20,0.61859951,600.93,601.80,-1.00,-1.00,-1.00,24922,-1.00,51668.00,1,13.0.2,logs/kstar_nI40_nJ40_nK50_nL5_tI5_tJ5_s2_m1_exact_s0_20260718-013619.gurobi.log
20260718-014621,kstar_nI40_nJ40_nK50_nL5_tI5_tJ5_s3,exact,1,0,0,600,FEASIBLE,46768.00,20850.49,0.55417192,601.61,602.57,-1.00,-1.00,-1.00,24669,-1.00,46768.00,1,13.0.2,logs/kstar_nI40_nJ40_nK50_nL5_tI5_tJ5_s3_m1_exact_s0_20260718-014621.gurobi.log
20260718-015624,kstar_nI40_nJ40_nK50_nL5_tI5_tJ5_s4,exact,1,0,0,600,FEASIBLE,54500.00,20985.49,0.61494511,602.16,603.14,-1.00,-1.00,-1.00,26240,-1.00,54500.00,1,13.0.2,logs/kstar_nI40_nJ40_nK50_nL5_tI5_tJ5_s4_m1_exact_s0_20260718-015624.gurobi.log
20260718-020627,kstar_nI40_nJ40_nK50_nL5_tI5_tJ5_s5,exact,1,0,0,600,FEASIBLE,48842.00,18939.13,0.61223677,600.92,601.96,-1.00,-1.00,-1.00,25507,-1.00,48842.00,1,13.0.2,logs/kstar_nI40_nJ40_nK50_nL5_tI5_tJ5_s5_m1_exact_s0_20260718-020627.gurobi.log
20260718-021629,kstar_nI40_nJ40_nK50_nL5_tI6_tJ6_s1,exact,1,0,0,600,FEASIBLE,48182.00,21428.76,0.55525382,601.36,602.29,-1.00,-1.00,-1.00,25009,-1.00,48182.00,1,13.0.2,logs/kstar_nI40_nJ40_nK50_nL5_tI6_tJ6_s1_m1_exact_s0_20260718-021629.gurobi.log
20260718-022631,kstar_nI40_nJ40_nK50_nL5_tI6_tJ6_s2,exact,1,0,0,600,FEASIBLE,43881.00,20815.03,0.52564819,601.93,602.86,-1.00,-1.00,-1.00,25131,-1.00,43881.00,1,13.0.2,logs/kstar_nI40_nJ40_nK50_nL5_tI6_tJ6_s2_m1_exact_s0_20260718-022631.gurobi.log
20260718-023634,kstar_nI40_nJ40_nK50_nL5_tI6_tJ6_s3,exact,1,0,0,600,FEASIBLE,39103.00,20157.88,0.48449283,601.74,602.72,-1.00,-1.00,-1.00,25501,-1.00,39103.00,1,13.0.2,logs/kstar_nI40_nJ40_nK50_nL5_tI6_tJ6_s3_m1_exact_s0_20260718-023634.gurobi.log
20260718-024637,kstar_nI40_nJ40_nK50_nL5_tI6_tJ6_s4,exact,1,0,0,600,FEASIBLE,40142.00,21908.76,0.45421842,601.92,602.99,-1.00,-1.00,-1.00,25990,-1.00,40142.00,1,13.0.2,logs/kstar_nI40_nJ40_nK50_nL5_tI6_tJ6_s4_m1_exact_s0_20260718-024637.gurobi.log
20260718-025640,kstar_nI40_nJ40_nK50_nL5_tI6_tJ6_s5,exact,1,0,0,600,FEASIBLE,42861.00,20071.77,0.53170080,600.90,601.88,-1.00,-1.00,-1.00,25670,-1.00,42861.00,1,13.0.2,logs/kstar_nI40_nJ40_nK50_nL5_tI6_tJ6_s5_m1_exact_s0_20260718-025640.gurobi.log
