datetime,instance,mode,method,seed,threads,time_limit_s,status,obj,bound,gap,solver_time_s,total_wall_s,lag_lb,lag_ub,lag_time_s,benders_cuts,heuristic_cost,verified_cost,verified_ok,gurobi_version,gurobi_log
20260710-212130,kstar_nI20_nJ20_nK100_nL10_tI2_tJ2_s1,exact,1,0,0,600,OPTIMAL,134555.00,134555.00,0.00000000,487.69,488.06,-1.00,-1.00,-1.00,48617,-1.00,134555.00,1,13.0.2,logs/kstar_nI20_nJ20_nK100_nL10_tI2_tJ2_s1_m1_exact_s0_20260710-212130.gurobi.log
20260710-212939,kstar_nI20_nJ20_nK100_nL10_tI2_tJ2_s2,exact,1,0,0,600,FEASIBLE,263233.00,118092.50,0.55137654,600.00,600.00,-1.00,-1.00,-1.00,51326,-1.00,263233.00,1,13.0.2,logs/kstar_nI20_nJ20_nK100_nL10_tI2_tJ2_s2_m1_exact_s0_20260710-212939.gurobi.log
20260710-213941,kstar_nI20_nJ20_nK100_nL10_tI2_tJ2_s3,exact,1,0,0,600,FEASIBLE,269164.00,117063.65,0.56508428,600.00,600.00,-1.00,-1.00,-1.00,48487,-1.00,269164.00,1,13.0.2,logs/kstar_nI20_nJ20_nK100_nL10_tI2_tJ2_s3_m1_exact_s0_20260710-213941.gurobi.log
20260710-214943,kstar_nI20_nJ20_nK100_nL10_tI2_tJ2_s4,exact,1,0,0,600,FEASIBLE,228257.00,116668.35,0.48887286,600.00,600.00,-1.00,-1.00,-1.00,54790,-1.00,228257.00,1,13.0.2,logs/kstar_nI20_nJ20_nK100_nL10_tI2_tJ2_s4_m1_exact_s0_20260710-214943.gurobi.log
20260710-215947,kstar_nI20_nJ20_nK100_nL10_tI2_tJ2_s5,exact,1,0,0,600,FEASIBLE,255525.00,119397.96,0.53273473,600.00,600.00,-1.00,-1.00,-1.00,58042,-1.00,255525.00,1,13.0.2,logs/kstar_nI20_nJ20_nK100_nL10_tI2_tJ2_s5_m1_exact_s0_20260710-215947.gurobi.log
20260710-220949,kstar_nI20_nJ20_nK100_nL10_tI3_tJ3_s1,exact,1,0,0,600,FEASIBLE,227056.00,116185.15,0.48829737,600.00,600.00,-1.00,-1.00,-1.00,57858,-1.00,227056.00,1,13.0.2,logs/kstar_nI20_nJ20_nK100_nL10_tI3_tJ3_s1_m1_exact_s0_20260710-220949.gurobi.log
20260710-221952,kstar_nI20_nJ20_nK100_nL10_tI3_tJ3_s2,exact,1,0,0,600,FEASIBLE,180787.00,119037.58,0.34155898,600.00,600.00,-1.00,-1.00,-1.00,56405,-1.00,180787.00,1,13.0.2,logs/kstar_nI20_nJ20_nK100_nL10_tI3_tJ3_s2_m1_exact_s0_20260710-221952.gurobi.log
20260710-222955,kstar_nI20_nJ20_nK100_nL10_tI3_tJ3_s3,exact,1,0,0,600,FEASIBLE,290467.00,115130.00,0.60363828,600.00,600.00,-1.00,-1.00,-1.00,60544,-1.00,290467.00,1,13.0.2,logs/kstar_nI20_nJ20_nK100_nL10_tI3_tJ3_s3_m1_exact_s0_20260710-222955.gurobi.log
20260710-223958,kstar_nI20_nJ20_nK100_nL10_tI3_tJ3_s4,exact,1,0,0,600,FEASIBLE,205398.00,120203.59,0.41477723,600.00,600.00,-1.00,-1.00,-1.00,52741,-1.00,205398.00,1,13.0.2,logs/kstar_nI20_nJ20_nK100_nL10_tI3_tJ3_s4_m1_exact_s0_20260710-223958.gurobi.log
20260710-225002,kstar_nI20_nJ20_nK100_nL10_tI3_tJ3_s5,exact,1,0,0,600,FEASIBLE,179277.00,121365.39,0.32302869,600.00,600.00,-1.00,-1.00,-1.00,45825,-1.00,179277.00,1,13.0.2,logs/kstar_nI20_nJ20_nK100_nL10_tI3_tJ3_s5_m1_exact_s0_20260710-225002.gurobi.log
20260710-230004,kstar_nI20_nJ20_nK100_nL10_tI4_tJ4_s1,exact,1,0,0,600,FEASIBLE,172037.00,119676.24,0.30435752,600.00,600.00,-1.00,-1.00,-1.00,45285,-1.00,172037.00,1,13.0.2,logs/kstar_nI20_nJ20_nK100_nL10_tI4_tJ4_s1_m1_exact_s0_20260710-230004.gurobi.log
20260710-231005,kstar_nI20_nJ20_nK100_nL10_tI4_tJ4_s2,exact,1,0,0,600,FEASIBLE,213427.00,116489.10,0.45419698,600.00,600.00,-1.00,-1.00,-1.00,47681,-1.00,213427.00,1,13.0.2,logs/kstar_nI20_nJ20_nK100_nL10_tI4_tJ4_s2_m1_exact_s0_20260710-231005.gurobi.log
20260710-232008,kstar_nI20_nJ20_nK100_nL10_tI4_tJ4_s3,exact,1,0,0,600,FEASIBLE,188804.00,124782.27,0.33909096,600.00,600.00,-1.00,-1.00,-1.00,46240,-1.00,188804.00,1,13.0.2,logs/kstar_nI20_nJ20_nK100_nL10_tI4_tJ4_s3_m1_exact_s0_20260710-232008.gurobi.log
20260710-233011,kstar_nI20_nJ20_nK100_nL10_tI4_tJ4_s4,exact,1,0,0,600,FEASIBLE,126395.00,124874.04,0.01203341,600.00,600.00,-1.00,-1.00,-1.00,46611,-1.00,126395.00,1,13.0.2,logs/kstar_nI20_nJ20_nK100_nL10_tI4_tJ4_s4_m1_exact_s0_20260710-233011.gurobi.log
20260710-234012,kstar_nI20_nJ20_nK100_nL10_tI4_tJ4_s5,exact,1,0,0,600,FEASIBLE,201913.00,119577.75,0.40777586,600.00,600.00,-1.00,-1.00,-1.00,49544,-1.00,201913.00,1,13.0.2,logs/kstar_nI20_nJ20_nK100_nL10_tI4_tJ4_s5_m1_exact_s0_20260710-234012.gurobi.log
20260710-235015,kstar_nI20_nJ20_nK100_nL10_tI5_tJ5_s1,exact,1,0,0,600,FEASIBLE,186652.00,118317.31,0.36610749,600.00,600.00,-1.00,-1.00,-1.00,48260,-1.00,186652.00,1,13.0.2,logs/kstar_nI20_nJ20_nK100_nL10_tI5_tJ5_s1_m1_exact_s0_20260710-235015.gurobi.log
20260711-000018,kstar_nI20_nJ20_nK100_nL10_tI5_tJ5_s2,exact,1,0,0,600,FEASIBLE,163662.00,118674.82,0.27487861,600.00,600.00,-1.00,-1.00,-1.00,51777,-1.00,163662.00,1,13.0.2,logs/kstar_nI20_nJ20_nK100_nL10_tI5_tJ5_s2_m1_exact_s0_20260711-000018.gurobi.log
20260711-001021,kstar_nI20_nJ20_nK100_nL10_tI5_tJ5_s3,exact,1,0,0,600,FEASIBLE,185337.00,120802.87,0.34819885,600.00,600.00,-1.00,-1.00,-1.00,47556,-1.00,185337.00,1,13.0.2,logs/kstar_nI20_nJ20_nK100_nL10_tI5_tJ5_s3_m1_exact_s0_20260711-001021.gurobi.log
20260711-002023,kstar_nI20_nJ20_nK100_nL10_tI5_tJ5_s4,exact,1,0,0,600,FEASIBLE,191892.00,121202.75,0.36838040,600.00,600.00,-1.00,-1.00,-1.00,51526,-1.00,191892.00,1,13.0.2,logs/kstar_nI20_nJ20_nK100_nL10_tI5_tJ5_s4_m1_exact_s0_20260711-002023.gurobi.log
20260711-003027,kstar_nI20_nJ20_nK100_nL10_tI5_tJ5_s5,exact,1,0,0,600,OPTIMAL,131866.00,131866.00,0.00000000,206.92,207.04,-1.00,-1.00,-1.00,28194,-1.00,131866.00,1,13.0.2,logs/kstar_nI20_nJ20_nK100_nL10_tI5_tJ5_s5_m1_exact_s0_20260711-003027.gurobi.log
20260711-003354,kstar_nI20_nJ20_nK100_nL10_tI6_tJ6_s1,exact,1,0,0,600,FEASIBLE,134964.00,127451.79,0.05566087,600.00,600.00,-1.00,-1.00,-1.00,52204,-1.00,134964.00,1,13.0.2,logs/kstar_nI20_nJ20_nK100_nL10_tI6_tJ6_s1_m1_exact_s0_20260711-003354.gurobi.log
20260711-004357,kstar_nI20_nJ20_nK100_nL10_tI6_tJ6_s2,exact,1,0,0,600,OPTIMAL,130939.00,130939.00,0.00000000,27.69,27.81,-1.00,-1.00,-1.00,9988,-1.00,130939.00,1,13.0.2,logs/kstar_nI20_nJ20_nK100_nL10_tI6_tJ6_s2_m1_exact_s0_20260711-004357.gurobi.log
20260711-004425,kstar_nI20_nJ20_nK100_nL10_tI6_tJ6_s3,exact,1,0,0,600,OPTIMAL,129687.00,129687.00,0.00000000,186.63,186.80,-1.00,-1.00,-1.00,26294,-1.00,129687.00,1,13.0.2,logs/kstar_nI20_nJ20_nK100_nL10_tI6_tJ6_s3_m1_exact_s0_20260711-004425.gurobi.log
20260711-004732,kstar_nI20_nJ20_nK100_nL10_tI6_tJ6_s4,exact,1,0,0,600,FEASIBLE,168094.00,126190.50,0.24928613,600.00,600.00,-1.00,-1.00,-1.00,52504,-1.00,168094.00,1,13.0.2,logs/kstar_nI20_nJ20_nK100_nL10_tI6_tJ6_s4_m1_exact_s0_20260711-004732.gurobi.log
20260711-005735,kstar_nI20_nJ20_nK100_nL10_tI6_tJ6_s5,exact,1,0,0,600,FEASIBLE,170325.00,127815.98,0.24957594,600.00,600.00,-1.00,-1.00,-1.00,52827,-1.00,170325.00,1,13.0.2,logs/kstar_nI20_nJ20_nK100_nL10_tI6_tJ6_s5_m1_exact_s0_20260711-005735.gurobi.log
20260711-010738,kstar_nI20_nJ20_nK100_nL5_tI2_tJ2_s1,exact,1,0,0,600,FEASIBLE,133740.00,63600.81,0.52444439,600.00,600.00,-1.00,-1.00,-1.00,36978,-1.00,133740.00,1,13.0.2,logs/kstar_nI20_nJ20_nK100_nL5_tI2_tJ2_s1_m1_exact_s0_20260711-010738.gurobi.log
20260711-011739,kstar_nI20_nJ20_nK100_nL5_tI2_tJ2_s2,exact,1,0,0,600,FEASIBLE,122503.00,61866.16,0.49498248,600.00,600.00,-1.00,-1.00,-1.00,34915,-1.00,122503.00,1,13.0.2,logs/kstar_nI20_nJ20_nK100_nL5_tI2_tJ2_s2_m1_exact_s0_20260711-011739.gurobi.log
20260711-012741,kstar_nI20_nJ20_nK100_nL5_tI2_tJ2_s3,exact,1,0,0,600,FEASIBLE,126515.00,59864.41,0.52681966,600.00,600.00,-1.00,-1.00,-1.00,36526,-1.00,126515.00,1,13.0.2,logs/kstar_nI20_nJ20_nK100_nL5_tI2_tJ2_s3_m1_exact_s0_20260711-012741.gurobi.log
20260711-013745,kstar_nI20_nJ20_nK100_nL5_tI2_tJ2_s4,exact,1,0,0,600,FEASIBLE,79520.00,61119.91,0.23138941,600.00,600.00,-1.00,-1.00,-1.00,49386,-1.00,79520.00,1,13.0.2,logs/kstar_nI20_nJ20_nK100_nL5_tI2_tJ2_s4_m1_exact_s0_20260711-013745.gurobi.log
20260711-014747,kstar_nI20_nJ20_nK100_nL5_tI2_tJ2_s5,exact,1,0,0,600,FEASIBLE,127698.00,63693.55,0.50121729,600.00,600.00,-1.00,-1.00,-1.00,34591,-1.00,127698.00,1,13.0.2,logs/kstar_nI20_nJ20_nK100_nL5_tI2_tJ2_s5_m1_exact_s0_20260711-014747.gurobi.log
20260711-015749,kstar_nI20_nJ20_nK100_nL5_tI3_tJ3_s1,exact,1,0,0,600,FEASIBLE,102743.00,64153.44,0.37559304,600.00,600.00,-1.00,-1.00,-1.00,33973,-1.00,102743.00,1,13.0.2,logs/kstar_nI20_nJ20_nK100_nL5_tI3_tJ3_s1_m1_exact_s0_20260711-015749.gurobi.log
20260711-020751,kstar_nI20_nJ20_nK100_nL5_tI3_tJ3_s2,exact,1,0,0,600,FEASIBLE,95785.00,57214.26,0.40268040,600.00,600.00,-1.00,-1.00,-1.00,33052,-1.00,95785.00,1,13.0.2,logs/kstar_nI20_nJ20_nK100_nL5_tI3_tJ3_s2_m1_exact_s0_20260711-020751.gurobi.log
20260711-021754,kstar_nI20_nJ20_nK100_nL5_tI3_tJ3_s3,exact,1,0,0,600,FEASIBLE,116635.00,59595.38,0.48904378,600.00,600.00,-1.00,-1.00,-1.00,31661,-1.00,116635.00,1,13.0.2,logs/kstar_nI20_nJ20_nK100_nL5_tI3_tJ3_s3_m1_exact_s0_20260711-021754.gurobi.log
20260711-022756,kstar_nI20_nJ20_nK100_nL5_tI3_tJ3_s4,exact,1,0,0,600,FEASIBLE,111445.00,64831.85,0.41826144,600.00,600.00,-1.00,-1.00,-1.00,34147,-1.00,111445.00,1,13.0.2,logs/kstar_nI20_nJ20_nK100_nL5_tI3_tJ3_s4_m1_exact_s0_20260711-022756.gurobi.log
20260711-023759,kstar_nI20_nJ20_nK100_nL5_tI3_tJ3_s5,exact,1,0,0,600,FEASIBLE,108322.00,63358.89,0.41508748,600.00,600.00,-1.00,-1.00,-1.00,32580,-1.00,108322.00,1,13.0.2,logs/kstar_nI20_nJ20_nK100_nL5_tI3_tJ3_s5_m1_exact_s0_20260711-023759.gurobi.log
20260711-024803,kstar_nI20_nJ20_nK100_nL5_tI4_tJ4_s1,exact,1,0,0,600,FEASIBLE,83806.00,63648.80,0.24052219,600.00,600.00,-1.00,-1.00,-1.00,33964,-1.00,83806.00,1,13.0.2,logs/kstar_nI20_nJ20_nK100_nL5_tI4_tJ4_s1_m1_exact_s0_20260711-024803.gurobi.log
20260711-025805,kstar_nI20_nJ20_nK100_nL5_tI4_tJ4_s2,exact,1,0,0,600,FEASIBLE,94593.00,66147.49,0.30071476,600.00,600.00,-1.00,-1.00,-1.00,33557,-1.00,94593.00,1,13.0.2,logs/kstar_nI20_nJ20_nK100_nL5_tI4_tJ4_s2_m1_exact_s0_20260711-025805.gurobi.log
20260711-030808,kstar_nI20_nJ20_nK100_nL5_tI4_tJ4_s3,exact,1,0,0,600,OPTIMAL,76034.00,76034.00,0.00000000,370.78,370.92,-1.00,-1.00,-1.00,22309,-1.00,76034.00,1,13.0.2,logs/kstar_nI20_nJ20_nK100_nL5_tI4_tJ4_s3_m1_exact_s0_20260711-030808.gurobi.log
20260711-031420,kstar_nI20_nJ20_nK100_nL5_tI4_tJ4_s4,exact,1,0,0,600,FEASIBLE,97160.00,66028.78,0.32041188,600.00,600.00,-1.00,-1.00,-1.00,33771,-1.00,97160.00,1,13.0.2,logs/kstar_nI20_nJ20_nK100_nL5_tI4_tJ4_s4_m1_exact_s0_20260711-031420.gurobi.log
20260711-032422,kstar_nI20_nJ20_nK100_nL5_tI4_tJ4_s5,exact,1,0,0,600,FEASIBLE,90532.00,61339.98,0.32244974,600.00,600.00,-1.00,-1.00,-1.00,31482,-1.00,90532.00,1,13.0.2,logs/kstar_nI20_nJ20_nK100_nL5_tI4_tJ4_s5_m1_exact_s0_20260711-032422.gurobi.log
20260711-033425,kstar_nI20_nJ20_nK100_nL5_tI5_tJ5_s1,exact,1,0,0,600,FEASIBLE,84230.00,67299.41,0.20100422,600.00,600.00,-1.00,-1.00,-1.00,30349,-1.00,84230.00,1,13.0.2,logs/kstar_nI20_nJ20_nK100_nL5_tI5_tJ5_s1_m1_exact_s0_20260711-033425.gurobi.log
20260711-034427,kstar_nI20_nJ20_nK100_nL5_tI5_tJ5_s2,exact,1,0,0,600,FEASIBLE,72406.00,66416.53,0.08272060,600.00,600.00,-1.00,-1.00,-1.00,35288,-1.00,72406.00,1,13.0.2,logs/kstar_nI20_nJ20_nK100_nL5_tI5_tJ5_s2_m1_exact_s0_20260711-034427.gurobi.log
20260711-035429,kstar_nI20_nJ20_nK100_nL5_tI5_tJ5_s3,exact,1,0,0,600,FEASIBLE,85327.00,66715.25,0.21812260,600.00,600.00,-1.00,-1.00,-1.00,31043,-1.00,85327.00,1,13.0.2,logs/kstar_nI20_nJ20_nK100_nL5_tI5_tJ5_s3_m1_exact_s0_20260711-035429.gurobi.log
20260711-040433,kstar_nI20_nJ20_nK100_nL5_tI5_tJ5_s4,exact,1,0,0,600,FEASIBLE,96519.00,65338.26,0.32305285,600.00,600.00,-1.00,-1.00,-1.00,29147,-1.00,96519.00,1,13.0.2,logs/kstar_nI20_nJ20_nK100_nL5_tI5_tJ5_s4_m1_exact_s0_20260711-040433.gurobi.log
20260711-041435,kstar_nI20_nJ20_nK100_nL5_tI5_tJ5_s5,exact,1,0,0,600,FEASIBLE,95724.00,63888.93,0.33257147,600.00,600.00,-1.00,-1.00,-1.00,27909,-1.00,95724.00,1,13.0.2,logs/kstar_nI20_nJ20_nK100_nL5_tI5_tJ5_s5_m1_exact_s0_20260711-041435.gurobi.log
20260711-042437,kstar_nI20_nJ20_nK100_nL5_tI6_tJ6_s1,exact,1,0,0,600,FEASIBLE,80894.00,67048.18,0.17115998,600.00,600.00,-1.00,-1.00,-1.00,35086,-1.00,80894.00,1,13.0.2,logs/kstar_nI20_nJ20_nK100_nL5_tI6_tJ6_s1_m1_exact_s0_20260711-042437.gurobi.log
20260711-043441,kstar_nI20_nJ20_nK100_nL5_tI6_tJ6_s2,exact,1,0,0,600,FEASIBLE,85323.00,65180.36,0.23607511,600.00,600.00,-1.00,-1.00,-1.00,31937,-1.00,85323.00,1,13.0.2,logs/kstar_nI20_nJ20_nK100_nL5_tI6_tJ6_s2_m1_exact_s0_20260711-043441.gurobi.log
20260711-044444,kstar_nI20_nJ20_nK100_nL5_tI6_tJ6_s3,exact,1,0,0,600,FEASIBLE,73570.00,67257.75,0.08579917,600.00,600.00,-1.00,-1.00,-1.00,31256,-1.00,73570.00,1,13.0.2,logs/kstar_nI20_nJ20_nK100_nL5_tI6_tJ6_s3_m1_exact_s0_20260711-044444.gurobi.log
20260711-045447,kstar_nI20_nJ20_nK100_nL5_tI6_tJ6_s4,exact,1,0,0,600,FEASIBLE,82874.00,69243.39,0.16447393,600.00,600.00,-1.00,-1.00,-1.00,38208,-1.00,82874.00,1,13.0.2,logs/kstar_nI20_nJ20_nK100_nL5_tI6_tJ6_s4_m1_exact_s0_20260711-045447.gurobi.log
20260711-050451,kstar_nI20_nJ20_nK100_nL5_tI6_tJ6_s5,exact,1,0,0,600,OPTIMAL,72934.00,72934.00,0.00000000,559.00,559.28,-1.00,-1.00,-1.00,25359,-1.00,72934.00,1,13.0.2,logs/kstar_nI20_nJ20_nK100_nL5_tI6_tJ6_s5_m1_exact_s0_20260711-050451.gurobi.log
20260711-051410,kstar_nI20_nJ20_nK50_nL10_tI2_tJ2_s1,exact,1,0,0,600,FEASIBLE,146907.00,58740.69,0.60015052,600.00,600.00,-1.00,-1.00,-1.00,44069,-1.00,146907.00,1,13.0.2,logs/kstar_nI20_nJ20_nK50_nL10_tI2_tJ2_s1_m1_exact_s0_20260711-051410.gurobi.log
20260711-052412,kstar_nI20_nJ20_nK50_nL10_tI2_tJ2_s2,exact,1,0,0,600,FEASIBLE,135283.00,58729.21,0.56587883,600.00,600.00,-1.00,-1.00,-1.00,47130,-1.00,135283.00,1,13.0.2,logs/kstar_nI20_nJ20_nK50_nL10_tI2_tJ2_s2_m1_exact_s0_20260711-052412.gurobi.log
20260711-053415,kstar_nI20_nJ20_nK50_nL10_tI2_tJ2_s3,exact,1,0,0,600,FEASIBLE,118380.00,61343.59,0.48180779,600.00,600.00,-1.00,-1.00,-1.00,42745,-1.00,118380.00,1,13.0.2,logs/kstar_nI20_nJ20_nK50_nL10_tI2_tJ2_s3_m1_exact_s0_20260711-053415.gurobi.log
20260711-054417,kstar_nI20_nJ20_nK50_nL10_tI2_tJ2_s4,exact,1,0,0,600,FEASIBLE,139854.00,60850.64,0.56489881,600.00,600.00,-1.00,-1.00,-1.00,43654,-1.00,139854.00,1,13.0.2,logs/kstar_nI20_nJ20_nK50_nL10_tI2_tJ2_s4_m1_exact_s0_20260711-054417.gurobi.log
20260711-055419,kstar_nI20_nJ20_nK50_nL10_tI2_tJ2_s5,exact,1,0,0,600,FEASIBLE,117961.00,55996.12,0.52529976,600.00,600.00,-1.00,-1.00,-1.00,42013,-1.00,117961.00,1,13.0.2,logs/kstar_nI20_nJ20_nK50_nL10_tI2_tJ2_s5_m1_exact_s0_20260711-055419.gurobi.log
20260711-060421,kstar_nI20_nJ20_nK50_nL10_tI3_tJ3_s1,exact,1,0,0,600,FEASIBLE,72989.00,69710.53,0.04491736,600.00,600.00,-1.00,-1.00,-1.00,37740,-1.00,72989.00,1,13.0.2,logs/kstar_nI20_nJ20_nK50_nL10_tI3_tJ3_s1_m1_exact_s0_20260711-060421.gurobi.log
20260711-061423,kstar_nI20_nJ20_nK50_nL10_tI3_tJ3_s2,exact,1,0,0,600,FEASIBLE,93336.00,56546.70,0.39415979,600.00,600.00,-1.00,-1.00,-1.00,32854,-1.00,93336.00,1,13.0.2,logs/kstar_nI20_nJ20_nK50_nL10_tI3_tJ3_s2_m1_exact_s0_20260711-061423.gurobi.log
20260711-062425,kstar_nI20_nJ20_nK50_nL10_tI3_tJ3_s3,exact,1,0,0,600,FEASIBLE,76654.00,67693.34,0.11689750,600.00,600.00,-1.00,-1.00,-1.00,39541,-1.00,76654.00,1,13.0.2,logs/kstar_nI20_nJ20_nK50_nL10_tI3_tJ3_s3_m1_exact_s0_20260711-062425.gurobi.log
20260711-063426,kstar_nI20_nJ20_nK50_nL10_tI3_tJ3_s4,exact,1,0,0,600,FEASIBLE,108889.00,62640.64,0.42472936,600.00,600.00,-1.00,-1.00,-1.00,43672,-1.00,108889.00,1,13.0.2,logs/kstar_nI20_nJ20_nK50_nL10_tI3_tJ3_s4_m1_exact_s0_20260711-063426.gurobi.log
20260711-064428,kstar_nI20_nJ20_nK50_nL10_tI3_tJ3_s5,exact,1,0,0,600,FEASIBLE,82125.00,65046.16,0.20796153,600.00,600.00,-1.00,-1.00,-1.00,43376,-1.00,82125.00,1,13.0.2,logs/kstar_nI20_nJ20_nK50_nL10_tI3_tJ3_s5_m1_exact_s0_20260711-064428.gurobi.log
20260711-065429,kstar_nI20_nJ20_nK50_nL10_tI4_tJ4_s1,exact,1,0,0,600,FEASIBLE,97727.00,63461.36,0.35062609,600.00,600.00,-1.00,-1.00,-1.00,44564,-1.00,97727.00,1,13.0.2,logs/kstar_nI20_nJ20_nK50_nL10_tI4_tJ4_s1_m1_exact_s0_20260711-065429.gurobi.log
20260711-070432,kstar_nI20_nJ20_nK50_nL10_tI4_tJ4_s2,exact,1,0,0,600,FEASIBLE,89407.00,66569.41,0.25543402,600.00,600.00,-1.00,-1.00,-1.00,43839,-1.00,89407.00,1,13.0.2,logs/kstar_nI20_nJ20_nK50_nL10_tI4_tJ4_s2_m1_exact_s0_20260711-070432.gurobi.log
20260711-071435,kstar_nI20_nJ20_nK50_nL10_tI4_tJ4_s3,exact,1,0,0,600,FEASIBLE,78848.00,71257.69,0.09626509,600.00,600.00,-1.00,-1.00,-1.00,41520,-1.00,78848.00,1,13.0.2,logs/kstar_nI20_nJ20_nK50_nL10_tI4_tJ4_s3_m1_exact_s0_20260711-071435.gurobi.log
20260711-072436,kstar_nI20_nJ20_nK50_nL10_tI4_tJ4_s4,exact,1,0,0,600,FEASIBLE,96313.00,62341.09,0.35272407,600.00,600.00,-1.00,-1.00,-1.00,43256,-1.00,96313.00,1,13.0.2,logs/kstar_nI20_nJ20_nK50_nL10_tI4_tJ4_s4_m1_exact_s0_20260711-072436.gurobi.log
20260711-073439,kstar_nI20_nJ20_nK50_nL10_tI4_tJ4_s5,exact,1,0,0,600,FEASIBLE,79842.00,67230.99,0.15794956,600.00,600.00,-1.00,-1.00,-1.00,43641,-1.00,79842.00,1,13.0.2,logs/kstar_nI20_nJ20_nK50_nL10_tI4_tJ4_s5_m1_exact_s0_20260711-073439.gurobi.log
20260711-074442,kstar_nI20_nJ20_nK50_nL10_tI5_tJ5_s1,exact,1,0,0,600,FEASIBLE,78175.00,72962.30,0.06667990,600.00,600.00,-1.00,-1.00,-1.00,40152,-1.00,78175.00,1,13.0.2,logs/kstar_nI20_nJ20_nK50_nL10_tI5_tJ5_s1_m1_exact_s0_20260711-074442.gurobi.log
20260711-075444,kstar_nI20_nJ20_nK50_nL10_tI5_tJ5_s2,exact,1,0,0,600,OPTIMAL,70792.00,70792.00,0.00000000,539.73,539.87,-1.00,-1.00,-1.00,26886,-1.00,70792.00,1,13.0.2,logs/kstar_nI20_nJ20_nK50_nL10_tI5_tJ5_s2_m1_exact_s0_20260711-075444.gurobi.log
20260711-080344,kstar_nI20_nJ20_nK50_nL10_tI5_tJ5_s3,exact,1,0,0,600,FEASIBLE,77589.00,65174.69,0.16000086,600.00,600.00,-1.00,-1.00,-1.00,45291,-1.00,77589.00,1,13.0.2,logs/kstar_nI20_nJ20_nK50_nL10_tI5_tJ5_s3_m1_exact_s0_20260711-080344.gurobi.log
20260711-081346,kstar_nI20_nJ20_nK50_nL10_tI5_tJ5_s4,exact,1,0,0,600,FEASIBLE,75344.00,70117.71,0.06936570,600.00,600.00,-1.00,-1.00,-1.00,37226,-1.00,75344.00,1,13.0.2,logs/kstar_nI20_nJ20_nK50_nL10_tI5_tJ5_s4_m1_exact_s0_20260711-081346.gurobi.log
20260711-082348,kstar_nI20_nJ20_nK50_nL10_tI5_tJ5_s5,exact,1,0,0,600,FEASIBLE,73935.00,68900.19,0.06809781,600.00,600.00,-1.00,-1.00,-1.00,33642,-1.00,73935.00,1,13.0.2,logs/kstar_nI20_nJ20_nK50_nL10_tI5_tJ5_s5_m1_exact_s0_20260711-082348.gurobi.log
20260711-083349,kstar_nI20_nJ20_nK50_nL10_tI6_tJ6_s1,exact,1,0,0,600,FEASIBLE,72284.00,65036.78,0.10026039,600.00,600.00,-1.00,-1.00,-1.00,39123,-1.00,72284.00,1,13.0.2,logs/kstar_nI20_nJ20_nK50_nL10_tI6_tJ6_s1_m1_exact_s0_20260711-083349.gurobi.log
20260711-084352,kstar_nI20_nJ20_nK50_nL10_tI6_tJ6_s2,exact,1,0,0,600,OPTIMAL,71580.00,71580.00,0.00000000,420.35,420.64,-1.00,-1.00,-1.00,29117,-1.00,71580.00,1,13.0.2,logs/kstar_nI20_nJ20_nK50_nL10_tI6_tJ6_s2_m1_exact_s0_20260711-084352.gurobi.log
20260711-085053,kstar_nI20_nJ20_nK50_nL10_tI6_tJ6_s3,exact,1,0,0,600,FEASIBLE,80785.00,64802.03,0.19784581,600.00,600.00,-1.00,-1.00,-1.00,42541,-1.00,80785.00,1,13.0.2,logs/kstar_nI20_nJ20_nK50_nL10_tI6_tJ6_s3_m1_exact_s0_20260711-085053.gurobi.log
20260711-090055,kstar_nI20_nJ20_nK50_nL10_tI6_tJ6_s4,exact,1,0,0,600,FEASIBLE,65626.00,63716.91,0.02909043,600.00,600.00,-1.00,-1.00,-1.00,38145,-1.00,65626.00,1,13.0.2,logs/kstar_nI20_nJ20_nK50_nL10_tI6_tJ6_s4_m1_exact_s0_20260711-090055.gurobi.log
20260711-091058,kstar_nI20_nJ20_nK50_nL10_tI6_tJ6_s5,exact,1,0,0,600,FEASIBLE,77732.00,72453.66,0.06790436,600.00,600.00,-1.00,-1.00,-1.00,38675,-1.00,77732.00,1,13.0.2,logs/kstar_nI20_nJ20_nK50_nL10_tI6_tJ6_s5_m1_exact_s0_20260711-091058.gurobi.log
20260711-092100,kstar_nI20_nJ20_nK50_nL5_tI2_tJ2_s1,exact,1,0,0,600,FEASIBLE,45304.00,32484.71,0.28296146,600.00,600.00,-1.00,-1.00,-1.00,38317,-1.00,45304.00,1,13.0.2,logs/kstar_nI20_nJ20_nK50_nL5_tI2_tJ2_s1_m1_exact_s0_20260711-092100.gurobi.log
20260711-093102,kstar_nI20_nJ20_nK50_nL5_tI2_tJ2_s2,exact,1,0,0,600,FEASIBLE,49397.00,32171.33,0.34871891,600.00,600.00,-1.00,-1.00,-1.00,39313,-1.00,49397.00,1,13.0.2,logs/kstar_nI20_nJ20_nK50_nL5_tI2_tJ2_s2_m1_exact_s0_20260711-093102.gurobi.log
20260715-205731,kstar_nI20_nJ20_nK50_nL5_tI2_tJ2_s3,exact,1,0,0,600,FEASIBLE,51149.00,33626.02,0.34258689,600.00,600.00,-1.00,-1.00,-1.00,49184,-1.00,51149.00,1,13.0.2,logs/kstar_nI20_nJ20_nK50_nL5_tI2_tJ2_s3_m1_exact_s0_20260715-205731.gurobi.log
20260715-210734,kstar_nI20_nJ20_nK50_nL5_tI2_tJ2_s4,exact,1,0,0,600,FEASIBLE,44162.00,31890.42,0.27787653,600.00,600.00,-1.00,-1.00,-1.00,47796,-1.00,44162.00,1,13.0.2,logs/kstar_nI20_nJ20_nK50_nL5_tI2_tJ2_s4_m1_exact_s0_20260715-210734.gurobi.log
20260715-211736,kstar_nI20_nJ20_nK50_nL5_tI2_tJ2_s5,exact,1,0,0,600,FEASIBLE,44513.00,31132.39,0.30060002,600.00,600.00,-1.00,-1.00,-1.00,47099,-1.00,44513.00,1,13.0.2,logs/kstar_nI20_nJ20_nK50_nL5_tI2_tJ2_s5_m1_exact_s0_20260715-211736.gurobi.log
20260715-212738,kstar_nI20_nJ20_nK50_nL5_tI3_tJ3_s1,exact,1,0,0,600,FEASIBLE,56848.00,31430.36,0.44711587,600.00,599.60,-1.00,-1.00,-1.00,40483,-1.00,56848.00,1,13.0.2,logs/kstar_nI20_nJ20_nK50_nL5_tI3_tJ3_s1_m1_exact_s0_20260715-212738.gurobi.log
20260715-213740,kstar_nI20_nJ20_nK50_nL5_tI3_tJ3_s2,exact,1,0,0,600,FEASIBLE,59030.00,36147.31,0.38764511,600.00,600.00,-1.00,-1.00,-1.00,40979,-1.00,59030.00,1,13.0.2,logs/kstar_nI20_nJ20_nK50_nL5_tI3_tJ3_s2_m1_exact_s0_20260715-213740.gurobi.log
20260715-214742,kstar_nI20_nJ20_nK50_nL5_tI3_tJ3_s3,exact,1,0,0,600,FEASIBLE,65404.00,29520.09,0.54865013,600.00,600.00,-1.00,-1.00,-1.00,41143,-1.00,65404.00,1,13.0.2,logs/kstar_nI20_nJ20_nK50_nL5_tI3_tJ3_s3_m1_exact_s0_20260715-214742.gurobi.log
20260715-215744,kstar_nI20_nJ20_nK50_nL5_tI3_tJ3_s4,exact,1,0,0,600,FEASIBLE,44300.00,34066.83,0.23099699,600.00,600.00,-1.00,-1.00,-1.00,42405,-1.00,44300.00,1,13.0.2,logs/kstar_nI20_nJ20_nK50_nL5_tI3_tJ3_s4_m1_exact_s0_20260715-215744.gurobi.log
20260715-220746,kstar_nI20_nJ20_nK50_nL5_tI3_tJ3_s5,exact,1,0,0,600,FEASIBLE,58289.00,34447.55,0.40902148,600.00,600.00,-1.00,-1.00,-1.00,43241,-1.00,58289.00,1,13.0.2,logs/kstar_nI20_nJ20_nK50_nL5_tI3_tJ3_s5_m1_exact_s0_20260715-220746.gurobi.log
20260715-221749,kstar_nI20_nJ20_nK50_nL5_tI4_tJ4_s1,exact,1,0,0,600,FEASIBLE,45576.00,31302.00,0.31319113,600.00,600.00,-1.00,-1.00,-1.00,39726,-1.00,45576.00,1,13.0.2,logs/kstar_nI20_nJ20_nK50_nL5_tI4_tJ4_s1_m1_exact_s0_20260715-221749.gurobi.log
20260715-222751,kstar_nI20_nJ20_nK50_nL5_tI4_tJ4_s2,exact,1,0,0,600,FEASIBLE,51270.00,36052.19,0.29681705,600.00,600.00,-1.00,-1.00,-1.00,41304,-1.00,51270.00,1,13.0.2,logs/kstar_nI20_nJ20_nK50_nL5_tI4_tJ4_s2_m1_exact_s0_20260715-222751.gurobi.log
20260715-223753,kstar_nI20_nJ20_nK50_nL5_tI4_tJ4_s3,exact,1,0,0,600,FEASIBLE,45101.00,36342.38,0.19420009,600.00,600.00,-1.00,-1.00,-1.00,43132,-1.00,45101.00,1,13.0.2,logs/kstar_nI20_nJ20_nK50_nL5_tI4_tJ4_s3_m1_exact_s0_20260715-223753.gurobi.log
20260715-224755,kstar_nI20_nJ20_nK50_nL5_tI4_tJ4_s4,exact,1,0,0,600,FEASIBLE,45844.00,35642.91,0.22251756,600.00,600.00,-1.00,-1.00,-1.00,40560,-1.00,45844.00,1,13.0.2,logs/kstar_nI20_nJ20_nK50_nL5_tI4_tJ4_s4_m1_exact_s0_20260715-224755.gurobi.log
20260715-225757,kstar_nI20_nJ20_nK50_nL5_tI4_tJ4_s5,exact,1,0,0,600,FEASIBLE,56453.00,33984.02,0.39801215,600.00,600.00,-1.00,-1.00,-1.00,38824,-1.00,56453.00,1,13.0.2,logs/kstar_nI20_nJ20_nK50_nL5_tI4_tJ4_s5_m1_exact_s0_20260715-225757.gurobi.log
20260715-230759,kstar_nI20_nJ20_nK50_nL5_tI5_tJ5_s1,exact,1,0,0,600,FEASIBLE,43303.00,35909.55,0.17073758,600.00,600.00,-1.00,-1.00,-1.00,38915,-1.00,43303.00,1,13.0.2,logs/kstar_nI20_nJ20_nK50_nL5_tI5_tJ5_s1_m1_exact_s0_20260715-230759.gurobi.log
20260715-231802,kstar_nI20_nJ20_nK50_nL5_tI5_tJ5_s2,exact,1,0,0,600,FEASIBLE,48605.00,40511.34,0.16651903,600.00,600.00,-1.00,-1.00,-1.00,42388,-1.00,48605.00,1,13.0.2,logs/kstar_nI20_nJ20_nK50_nL5_tI5_tJ5_s2_m1_exact_s0_20260715-231802.gurobi.log
20260715-232805,kstar_nI20_nJ20_nK50_nL5_tI5_tJ5_s3,exact,1,0,0,600,FEASIBLE,47229.00,36771.00,0.22143175,600.00,600.00,-1.00,-1.00,-1.00,39153,-1.00,47229.00,1,13.0.2,logs/kstar_nI20_nJ20_nK50_nL5_tI5_tJ5_s3_m1_exact_s0_20260715-232805.gurobi.log
20260715-233808,kstar_nI20_nJ20_nK50_nL5_tI5_tJ5_s4,exact,1,0,0,600,FEASIBLE,48648.00,39669.29,0.18456482,600.00,600.00,-1.00,-1.00,-1.00,41632,-1.00,48648.00,1,13.0.2,logs/kstar_nI20_nJ20_nK50_nL5_tI5_tJ5_s4_m1_exact_s0_20260715-233808.gurobi.log
20260715-234810,kstar_nI20_nJ20_nK50_nL5_tI5_tJ5_s5,exact,1,0,0,600,FEASIBLE,42850.00,32697.77,0.23692478,600.00,600.00,-1.00,-1.00,-1.00,41185,-1.00,42850.00,1,13.0.2,logs/kstar_nI20_nJ20_nK50_nL5_tI5_tJ5_s5_m1_exact_s0_20260715-234810.gurobi.log
20260715-235814,kstar_nI20_nJ20_nK50_nL5_tI6_tJ6_s1,exact,1,0,0,600,FEASIBLE,45545.00,32982.48,0.27582648,600.00,600.00,-1.00,-1.00,-1.00,39010,-1.00,45545.00,1,13.0.2,logs/kstar_nI20_nJ20_nK50_nL5_tI6_tJ6_s1_m1_exact_s0_20260715-235814.gurobi.log
20260716-000815,kstar_nI20_nJ20_nK50_nL5_tI6_tJ6_s2,exact,1,0,0,600,FEASIBLE,40728.00,34382.40,0.15580425,600.00,600.00,-1.00,-1.00,-1.00,36062,-1.00,40728.00,1,13.0.2,logs/kstar_nI20_nJ20_nK50_nL5_tI6_tJ6_s2_m1_exact_s0_20260716-000815.gurobi.log
20260716-001817,kstar_nI20_nJ20_nK50_nL5_tI6_tJ6_s3,exact,1,0,0,600,FEASIBLE,44421.00,36967.54,0.16779137,600.00,600.00,-1.00,-1.00,-1.00,42658,-1.00,44421.00,1,13.0.2,logs/kstar_nI20_nJ20_nK50_nL5_tI6_tJ6_s3_m1_exact_s0_20260716-001817.gurobi.log
20260716-002820,kstar_nI20_nJ20_nK50_nL5_tI6_tJ6_s4,exact,1,0,0,600,FEASIBLE,40742.00,34145.68,0.16190461,600.00,600.00,-1.00,-1.00,-1.00,40450,-1.00,40742.00,1,13.0.2,logs/kstar_nI20_nJ20_nK50_nL5_tI6_tJ6_s4_m1_exact_s0_20260716-002820.gurobi.log
20260716-003822,kstar_nI20_nJ20_nK50_nL5_tI6_tJ6_s5,exact,1,0,0,600,FEASIBLE,44682.00,35162.03,0.21306051,600.00,600.00,-1.00,-1.00,-1.00,39325,-1.00,44682.00,1,13.0.2,logs/kstar_nI20_nJ20_nK50_nL5_tI6_tJ6_s5_m1_exact_s0_20260716-003822.gurobi.log
20260716-004825,kstar_nI20_nJ40_nK100_nL10_tI2_tJ2_s1,exact,1,0,0,600,FEASIBLE,293979.00,78637.65,0.73250590,600.00,600.00,-1.00,-1.00,-1.00,46863,-1.00,293979.00,1,13.0.2,logs/kstar_nI20_nJ40_nK100_nL10_tI2_tJ2_s1_m1_exact_s0_20260716-004825.gurobi.log
20260716-005828,kstar_nI20_nJ40_nK100_nL10_tI2_tJ2_s2,exact,1,0,0,600,FEASIBLE,297705.00,80815.24,0.72853919,600.00,600.00,-1.00,-1.00,-1.00,48371,-1.00,297705.00,1,13.0.2,logs/kstar_nI20_nJ40_nK100_nL10_tI2_tJ2_s2_m1_exact_s0_20260716-005828.gurobi.log
20260716-010831,kstar_nI20_nJ40_nK100_nL10_tI2_tJ2_s3,exact,1,0,0,600,FEASIBLE,250453.00,80206.44,0.67975451,600.00,600.00,-1.00,-1.00,-1.00,47944,-1.00,250453.00,1,13.0.2,logs/kstar_nI20_nJ40_nK100_nL10_tI2_tJ2_s3_m1_exact_s0_20260716-010831.gurobi.log
20260716-011835,kstar_nI20_nJ40_nK100_nL10_tI2_tJ2_s4,exact,1,0,0,600,FEASIBLE,276296.00,83578.91,0.69750227,600.00,600.00,-1.00,-1.00,-1.00,43895,-1.00,276296.00,1,13.0.2,logs/kstar_nI20_nJ40_nK100_nL10_tI2_tJ2_s4_m1_exact_s0_20260716-011835.gurobi.log
20260716-012837,kstar_nI20_nJ40_nK100_nL10_tI2_tJ2_s5,exact,1,0,0,600,FEASIBLE,263720.00,79546.87,0.69836618,600.00,600.00,-1.00,-1.00,-1.00,47689,-1.00,263720.00,1,13.0.2,logs/kstar_nI20_nJ40_nK100_nL10_tI2_tJ2_s5_m1_exact_s0_20260716-012837.gurobi.log
20260716-013841,kstar_nI20_nJ40_nK100_nL10_tI3_tJ3_s1,exact,1,0,0,600,FEASIBLE,248646.00,79281.61,0.68114664,600.00,600.00,-1.00,-1.00,-1.00,43223,-1.00,248646.00,1,13.0.2,logs/kstar_nI20_nJ40_nK100_nL10_tI3_tJ3_s1_m1_exact_s0_20260716-013841.gurobi.log
20260716-014845,kstar_nI20_nJ40_nK100_nL10_tI3_tJ3_s2,exact,1,0,0,600,FEASIBLE,194931.00,84000.84,0.56907397,600.00,600.00,-1.00,-1.00,-1.00,42358,-1.00,194931.00,1,13.0.2,logs/kstar_nI20_nJ40_nK100_nL10_tI3_tJ3_s2_m1_exact_s0_20260716-014845.gurobi.log
20260716-015848,kstar_nI20_nJ40_nK100_nL10_tI3_tJ3_s3,exact,1,0,0,600,FEASIBLE,294500.00,78477.36,0.73352340,600.00,600.00,-1.00,-1.00,-1.00,47621,-1.00,294500.00,1,13.0.2,logs/kstar_nI20_nJ40_nK100_nL10_tI3_tJ3_s3_m1_exact_s0_20260716-015848.gurobi.log
20260716-020851,kstar_nI20_nJ40_nK100_nL10_tI3_tJ3_s4,exact,1,0,0,600,FEASIBLE,259863.00,82063.10,0.68420630,600.00,600.00,-1.00,-1.00,-1.00,41702,-1.00,259863.00,1,13.0.2,logs/kstar_nI20_nJ40_nK100_nL10_tI3_tJ3_s4_m1_exact_s0_20260716-020851.gurobi.log
20260716-021855,kstar_nI20_nJ40_nK100_nL10_tI3_tJ3_s5,exact,1,0,0,600,FEASIBLE,302369.00,82135.58,0.72835978,600.00,600.00,-1.00,-1.00,-1.00,43795,-1.00,302369.00,1,13.0.2,logs/kstar_nI20_nJ40_nK100_nL10_tI3_tJ3_s5_m1_exact_s0_20260716-021855.gurobi.log
20260716-022857,kstar_nI20_nJ40_nK100_nL10_tI4_tJ4_s1,exact,1,0,0,600,FEASIBLE,194397.00,77882.94,0.59936140,600.00,600.00,-1.00,-1.00,-1.00,44508,-1.00,194397.00,1,13.0.2,logs/kstar_nI20_nJ40_nK100_nL10_tI4_tJ4_s1_m1_exact_s0_20260716-022857.gurobi.log
20260716-023858,kstar_nI20_nJ40_nK100_nL10_tI4_tJ4_s2,exact,1,0,0,600,FEASIBLE,251265.00,84861.80,0.66226176,600.00,600.00,-1.00,-1.00,-1.00,40455,-1.00,251265.00,1,13.0.2,logs/kstar_nI20_nJ40_nK100_nL10_tI4_tJ4_s2_m1_exact_s0_20260716-023858.gurobi.log
20260716-024901,kstar_nI20_nJ40_nK100_nL10_tI4_tJ4_s3,exact,1,0,0,600,FEASIBLE,216224.00,83157.55,0.61541016,600.00,600.00,-1.00,-1.00,-1.00,44979,-1.00,216224.00,1,13.0.2,logs/kstar_nI20_nJ40_nK100_nL10_tI4_tJ4_s3_m1_exact_s0_20260716-024901.gurobi.log
20260716-025903,kstar_nI20_nJ40_nK100_nL10_tI4_tJ4_s4,exact,1,0,0,600,FEASIBLE,201979.00,84742.27,0.58044018,600.00,600.00,-1.00,-1.00,-1.00,42307,-1.00,201979.00,1,13.0.2,logs/kstar_nI20_nJ40_nK100_nL10_tI4_tJ4_s4_m1_exact_s0_20260716-025903.gurobi.log
20260716-030904,kstar_nI20_nJ40_nK100_nL10_tI4_tJ4_s5,exact,1,0,0,600,FEASIBLE,237273.00,83734.86,0.64709488,600.00,600.00,-1.00,-1.00,-1.00,45266,-1.00,237273.00,1,13.0.2,logs/kstar_nI20_nJ40_nK100_nL10_tI4_tJ4_s5_m1_exact_s0_20260716-030904.gurobi.log
20260716-031907,kstar_nI20_nJ40_nK100_nL10_tI5_tJ5_s1,exact,1,0,0,600,FEASIBLE,176135.00,84348.38,0.52111516,600.00,600.00,-1.00,-1.00,-1.00,39864,-1.00,176135.00,1,13.0.2,logs/kstar_nI20_nJ40_nK100_nL10_tI5_tJ5_s1_m1_exact_s0_20260716-031907.gurobi.log
20260716-032909,kstar_nI20_nJ40_nK100_nL10_tI5_tJ5_s2,exact,1,0,0,600,FEASIBLE,169054.00,84978.15,0.49733135,600.00,600.00,-1.00,-1.00,-1.00,41779,-1.00,169054.00,1,13.0.2,logs/kstar_nI20_nJ40_nK100_nL10_tI5_tJ5_s2_m1_exact_s0_20260716-032909.gurobi.log
20260716-033912,kstar_nI20_nJ40_nK100_nL10_tI5_tJ5_s3,exact,1,0,0,600,FEASIBLE,222811.00,83585.00,0.62486141,600.00,600.00,-1.00,-1.00,-1.00,40419,-1.00,222811.00,1,13.0.2,logs/kstar_nI20_nJ40_nK100_nL10_tI5_tJ5_s3_m1_exact_s0_20260716-033912.gurobi.log
20260716-034915,kstar_nI20_nJ40_nK100_nL10_tI5_tJ5_s4,exact,1,0,0,600,FEASIBLE,191098.00,89255.60,0.53293284,600.00,600.00,-1.00,-1.00,-1.00,40319,-1.00,191098.00,1,13.0.2,logs/kstar_nI20_nJ40_nK100_nL10_tI5_tJ5_s4_m1_exact_s0_20260716-034915.gurobi.log
20260716-035919,kstar_nI20_nJ40_nK100_nL10_tI5_tJ5_s5,exact,1,0,0,600,FEASIBLE,176550.00,82240.61,0.53417950,600.00,600.00,-1.00,-1.00,-1.00,41142,-1.00,176550.00,1,13.0.2,logs/kstar_nI20_nJ40_nK100_nL10_tI5_tJ5_s5_m1_exact_s0_20260716-035919.gurobi.log
20260716-040922,kstar_nI20_nJ40_nK100_nL10_tI6_tJ6_s1,exact,1,0,0,600,FEASIBLE,146963.00,84122.49,0.42759409,600.00,600.00,-1.00,-1.00,-1.00,41222,-1.00,146963.00,1,13.0.2,logs/kstar_nI20_nJ40_nK100_nL10_tI6_tJ6_s1_m1_exact_s0_20260716-040922.gurobi.log
20260716-041925,kstar_nI20_nJ40_nK100_nL10_tI6_tJ6_s2,exact,1,0,0,600,FEASIBLE,174386.00,83318.86,0.52221590,600.00,600.00,-1.00,-1.00,-1.00,38801,-1.00,174386.00,1,13.0.2,logs/kstar_nI20_nJ40_nK100_nL10_tI6_tJ6_s2_m1_exact_s0_20260716-041925.gurobi.log
20260716-042927,kstar_nI20_nJ40_nK100_nL10_tI6_tJ6_s3,exact,1,0,0,600,FEASIBLE,156728.00,81599.33,0.47935704,600.00,600.00,-1.00,-1.00,-1.00,41004,-1.00,156728.00,1,13.0.2,logs/kstar_nI20_nJ40_nK100_nL10_tI6_tJ6_s3_m1_exact_s0_20260716-042927.gurobi.log
20260716-043931,kstar_nI20_nJ40_nK100_nL10_tI6_tJ6_s4,exact,1,0,0,600,FEASIBLE,174307.00,84007.85,0.51804663,600.00,600.00,-1.00,-1.00,-1.00,42312,-1.00,174307.00,1,13.0.2,logs/kstar_nI20_nJ40_nK100_nL10_tI6_tJ6_s4_m1_exact_s0_20260716-043931.gurobi.log
20260716-044934,kstar_nI20_nJ40_nK100_nL10_tI6_tJ6_s5,exact,1,0,0,600,FEASIBLE,160839.00,83029.70,0.48377136,600.00,600.00,-1.00,-1.00,-1.00,40759,-1.00,160839.00,1,13.0.2,logs/kstar_nI20_nJ40_nK100_nL10_tI6_tJ6_s5_m1_exact_s0_20260716-044934.gurobi.log
20260716-045938,kstar_nI20_nJ40_nK100_nL5_tI2_tJ2_s1,exact,1,0,0,600,FEASIBLE,117003.00,40742.82,0.65177968,600.00,600.00,-1.00,-1.00,-1.00,36069,-1.00,117003.00,1,13.0.2,logs/kstar_nI20_nJ40_nK100_nL5_tI2_tJ2_s1_m1_exact_s0_20260716-045938.gurobi.log
20260716-050942,kstar_nI20_nJ40_nK100_nL5_tI2_tJ2_s2,exact,1,0,0,600,FEASIBLE,119857.00,42503.21,0.64538397,600.00,600.00,-1.00,-1.00,-1.00,38842,-1.00,119857.00,1,13.0.2,logs/kstar_nI20_nJ40_nK100_nL5_tI2_tJ2_s2_m1_exact_s0_20260716-050942.gurobi.log
20260716-051945,kstar_nI20_nJ40_nK100_nL5_tI2_tJ2_s3,exact,1,0,0,600,FEASIBLE,141252.00,40969.99,0.70995110,600.00,600.00,-1.00,-1.00,-1.00,36380,-1.00,141252.00,1,13.0.2,logs/kstar_nI20_nJ40_nK100_nL5_tI2_tJ2_s3_m1_exact_s0_20260716-051945.gurobi.log
20260716-052948,kstar_nI20_nJ40_nK100_nL5_tI2_tJ2_s4,exact,1,0,0,600,FEASIBLE,153397.00,40134.41,0.73836246,600.00,600.00,-1.00,-1.00,-1.00,36075,-1.00,153397.00,1,13.0.2,logs/kstar_nI20_nJ40_nK100_nL5_tI2_tJ2_s4_m1_exact_s0_20260716-052948.gurobi.log
20260716-053951,kstar_nI20_nJ40_nK100_nL5_tI2_tJ2_s5,exact,1,0,0,600,FEASIBLE,132872.00,40580.17,0.69459198,600.00,600.00,-1.00,-1.00,-1.00,36850,-1.00,132872.00,1,13.0.2,logs/kstar_nI20_nJ40_nK100_nL5_tI2_tJ2_s5_m1_exact_s0_20260716-053951.gurobi.log
20260716-054955,kstar_nI20_nJ40_nK100_nL5_tI3_tJ3_s1,exact,1,0,0,600,FEASIBLE,122728.00,41256.21,0.66384032,600.00,600.00,-1.00,-1.00,-1.00,31278,-1.00,122728.00,1,13.0.2,logs/kstar_nI20_nJ40_nK100_nL5_tI3_tJ3_s1_m1_exact_s0_20260716-054955.gurobi.log
20260716-055957,kstar_nI20_nJ40_nK100_nL5_tI3_tJ3_s2,exact,1,0,0,600,FEASIBLE,142110.00,40343.72,0.71610923,600.00,600.00,-1.00,-1.00,-1.00,33136,-1.00,142110.00,1,13.0.2,logs/kstar_nI20_nJ40_nK100_nL5_tI3_tJ3_s2_m1_exact_s0_20260716-055957.gurobi.log
20260716-061001,kstar_nI20_nJ40_nK100_nL5_tI3_tJ3_s3,exact,1,0,0,600,FEASIBLE,111601.00,38454.31,0.65543043,600.00,600.00,-1.00,-1.00,-1.00,30512,-1.00,111601.00,1,13.0.2,logs/kstar_nI20_nJ40_nK100_nL5_tI3_tJ3_s3_m1_exact_s0_20260716-061001.gurobi.log
20260716-062004,kstar_nI20_nJ40_nK100_nL5_tI3_tJ3_s4,exact,1,0,0,600,FEASIBLE,141837.00,43950.58,0.69013316,600.00,600.00,-1.00,-1.00,-1.00,29499,-1.00,141837.00,1,13.0.2,logs/kstar_nI20_nJ40_nK100_nL5_tI3_tJ3_s4_m1_exact_s0_20260716-062004.gurobi.log
20260716-063006,kstar_nI20_nJ40_nK100_nL5_tI3_tJ3_s5,exact,1,0,0,600,FEASIBLE,125744.00,41480.07,0.67012289,600.00,600.00,-1.00,-1.00,-1.00,32043,-1.00,125744.00,1,13.0.2,logs/kstar_nI20_nJ40_nK100_nL5_tI3_tJ3_s5_m1_exact_s0_20260716-063006.gurobi.log
20260716-064009,kstar_nI20_nJ40_nK100_nL5_tI4_tJ4_s1,exact,1,0,0,600,FEASIBLE,101216.00,41736.99,0.58764435,600.00,600.00,-1.00,-1.00,-1.00,29538,-1.00,101216.00,1,13.0.2,logs/kstar_nI20_nJ40_nK100_nL5_tI4_tJ4_s1_m1_exact_s0_20260716-064009.gurobi.log
20260716-065013,kstar_nI20_nJ40_nK100_nL5_tI4_tJ4_s2,exact,1,0,0,600,FEASIBLE,101121.00,41203.65,0.59253125,600.00,600.00,-1.00,-1.00,-1.00,29866,-1.00,101121.00,1,13.0.2,logs/kstar_nI20_nJ40_nK100_nL5_tI4_tJ4_s2_m1_exact_s0_20260716-065013.gurobi.log
20260716-070016,kstar_nI20_nJ40_nK100_nL5_tI4_tJ4_s3,exact,1,0,0,600,FEASIBLE,110663.00,43306.43,0.60866383,600.00,600.00,-1.00,-1.00,-1.00,28951,-1.00,110663.00,1,13.0.2,logs/kstar_nI20_nJ40_nK100_nL5_tI4_tJ4_s3_m1_exact_s0_20260716-070016.gurobi.log
20260716-071018,kstar_nI20_nJ40_nK100_nL5_tI4_tJ4_s4,exact,1,0,0,600,FEASIBLE,123715.00,42988.42,0.65252055,600.00,600.00,-1.00,-1.00,-1.00,29334,-1.00,123715.00,1,13.0.2,logs/kstar_nI20_nJ40_nK100_nL5_tI4_tJ4_s4_m1_exact_s0_20260716-071018.gurobi.log
20260716-072021,kstar_nI20_nJ40_nK100_nL5_tI4_tJ4_s5,exact,1,0,0,600,FEASIBLE,115727.00,40296.94,0.65179309,600.00,600.00,-1.00,-1.00,-1.00,30408,-1.00,115727.00,1,13.0.2,logs/kstar_nI20_nJ40_nK100_nL5_tI4_tJ4_s5_m1_exact_s0_20260716-072021.gurobi.log
20260716-073024,kstar_nI20_nJ40_nK100_nL5_tI5_tJ5_s1,exact,1,0,0,600,FEASIBLE,110305.00,42706.15,0.61283578,600.00,600.00,-1.00,-1.00,-1.00,28183,-1.00,110305.00,1,13.0.2,logs/kstar_nI20_nJ40_nK100_nL5_tI5_tJ5_s1_m1_exact_s0_20260716-073024.gurobi.log
20260716-074027,kstar_nI20_nJ40_nK100_nL5_tI5_tJ5_s2,exact,1,0,0,600,FEASIBLE,96297.00,42231.52,0.56144508,600.00,600.00,-1.00,-1.00,-1.00,28370,-1.00,96297.00,1,13.0.2,logs/kstar_nI20_nJ40_nK100_nL5_tI5_tJ5_s2_m1_exact_s0_20260716-074027.gurobi.log
20260716-075030,kstar_nI20_nJ40_nK100_nL5_tI5_tJ5_s3,exact,1,0,0,600,FEASIBLE,93784.00,47906.45,0.48918311,600.00,600.00,-1.00,-1.00,-1.00,28028,-1.00,93784.00,1,13.0.2,logs/kstar_nI20_nJ40_nK100_nL5_tI5_tJ5_s3_m1_exact_s0_20260716-075030.gurobi.log
20260716-080034,kstar_nI20_nJ40_nK100_nL5_tI5_tJ5_s4,exact,1,0,0,600,FEASIBLE,89312.00,46367.09,0.48084149,600.00,600.00,-1.00,-1.00,-1.00,27763,-1.00,89312.00,1,13.0.2,logs/kstar_nI20_nJ40_nK100_nL5_tI5_tJ5_s4_m1_exact_s0_20260716-080034.gurobi.log
20260716-081035,kstar_nI20_nJ40_nK100_nL5_tI5_tJ5_s5,exact,1,0,0,600,FEASIBLE,91113.00,42057.99,0.53839754,600.00,600.00,-1.00,-1.00,-1.00,28853,-1.00,91113.00,1,13.0.2,logs/kstar_nI20_nJ40_nK100_nL5_tI5_tJ5_s5_m1_exact_s0_20260716-081035.gurobi.log
20260716-082039,kstar_nI20_nJ40_nK100_nL5_tI6_tJ6_s1,exact,1,0,0,600,FEASIBLE,84115.00,47743.93,0.43239700,600.00,600.00,-1.00,-1.00,-1.00,27850,-1.00,84115.00,1,13.0.2,logs/kstar_nI20_nJ40_nK100_nL5_tI6_tJ6_s1_m1_exact_s0_20260716-082039.gurobi.log
20260716-083041,kstar_nI20_nJ40_nK100_nL5_tI6_tJ6_s2,exact,1,0,0,600,FEASIBLE,82817.00,44437.23,0.46342864,600.00,600.00,-1.00,-1.00,-1.00,26252,-1.00,82817.00,1,13.0.2,logs/kstar_nI20_nJ40_nK100_nL5_tI6_tJ6_s2_m1_exact_s0_20260716-083041.gurobi.log
20260716-084044,kstar_nI20_nJ40_nK100_nL5_tI6_tJ6_s3,exact,1,0,0,600,FEASIBLE,82048.00,43449.02,0.47044393,600.00,600.00,-1.00,-1.00,-1.00,28704,-1.00,82048.00,1,13.0.2,logs/kstar_nI20_nJ40_nK100_nL5_tI6_tJ6_s3_m1_exact_s0_20260716-084044.gurobi.log
20260716-085048,kstar_nI20_nJ40_nK100_nL5_tI6_tJ6_s4,exact,1,0,0,600,FEASIBLE,96048.00,43687.20,0.54515238,600.00,600.00,-1.00,-1.00,-1.00,27829,-1.00,96048.00,1,13.0.2,logs/kstar_nI20_nJ40_nK100_nL5_tI6_tJ6_s4_m1_exact_s0_20260716-085048.gurobi.log
20260716-090051,kstar_nI20_nJ40_nK100_nL5_tI6_tJ6_s5,exact,1,0,0,600,FEASIBLE,91832.00,47045.31,0.48770241,600.00,600.00,-1.00,-1.00,-1.00,27837,-1.00,91832.00,1,13.0.2,logs/kstar_nI20_nJ40_nK100_nL5_tI6_tJ6_s5_m1_exact_s0_20260716-090051.gurobi.log
20260716-091054,kstar_nI20_nJ40_nK50_nL10_tI2_tJ2_s1,exact,1,0,0,600,FEASIBLE,132564.00,40929.53,0.69124703,600.00,600.00,-1.00,-1.00,-1.00,42591,-1.00,132564.00,1,13.0.2,logs/kstar_nI20_nJ40_nK50_nL10_tI2_tJ2_s1_m1_exact_s0_20260716-091054.gurobi.log
20260716-092056,kstar_nI20_nJ40_nK50_nL10_tI2_tJ2_s2,exact,1,0,0,600,FEASIBLE,200249.00,42074.85,0.78988733,600.00,600.00,-1.00,-1.00,-1.00,43591,-1.00,200249.00,1,13.0.2,logs/kstar_nI20_nJ40_nK50_nL10_tI2_tJ2_s2_m1_exact_s0_20260716-092056.gurobi.log
20260716-093059,kstar_nI20_nJ40_nK50_nL10_tI2_tJ2_s3,exact,1,0,0,600,FEASIBLE,153420.00,41688.49,0.72827215,600.00,600.00,-1.00,-1.00,-1.00,43392,-1.00,153420.00,1,13.0.2,logs/kstar_nI20_nJ40_nK50_nL10_tI2_tJ2_s3_m1_exact_s0_20260716-093059.gurobi.log
20260716-094102,kstar_nI20_nJ40_nK50_nL10_tI2_tJ2_s4,exact,1,0,0,600,FEASIBLE,135868.00,40424.74,0.70247051,600.00,600.00,-1.00,-1.00,-1.00,42411,-1.00,135868.00,1,13.0.2,logs/kstar_nI20_nJ40_nK50_nL10_tI2_tJ2_s4_m1_exact_s0_20260716-094102.gurobi.log
20260716-095105,kstar_nI20_nJ40_nK50_nL10_tI2_tJ2_s5,exact,1,0,0,600,FEASIBLE,142380.00,38633.62,0.72865835,600.00,600.00,-1.00,-1.00,-1.00,43265,-1.00,142380.00,1,13.0.2,logs/kstar_nI20_nJ40_nK50_nL10_tI2_tJ2_s5_m1_exact_s0_20260716-095105.gurobi.log
20260716-100108,kstar_nI20_nJ40_nK50_nL10_tI3_tJ3_s1,exact,1,0,0,600,FEASIBLE,126811.00,41163.97,0.67539120,600.00,600.00,-1.00,-1.00,-1.00,40536,-1.00,126811.00,1,13.0.2,logs/kstar_nI20_nJ40_nK50_nL10_tI3_tJ3_s1_m1_exact_s0_20260716-100108.gurobi.log
20260716-101109,kstar_nI20_nJ40_nK50_nL10_tI3_tJ3_s2,exact,1,0,0,600,FEASIBLE,152875.00,43242.57,0.71713771,600.00,600.00,-1.00,-1.00,-1.00,42746,-1.00,152875.00,1,13.0.2,logs/kstar_nI20_nJ40_nK50_nL10_tI3_tJ3_s2_m1_exact_s0_20260716-101109.gurobi.log
20260716-102111,kstar_nI20_nJ40_nK50_nL10_tI3_tJ3_s3,exact,1,0,0,600,FEASIBLE,126078.00,41629.77,0.66980938,600.00,600.00,-1.00,-1.00,-1.00,38175,-1.00,126078.00,1,13.0.2,logs/kstar_nI20_nJ40_nK50_nL10_tI3_tJ3_s3_m1_exact_s0_20260716-102111.gurobi.log
20260716-103112,kstar_nI20_nJ40_nK50_nL10_tI3_tJ3_s4,exact,1,0,0,600,FEASIBLE,119193.00,41818.29,0.64915482,600.00,600.00,-1.00,-1.00,-1.00,38542,-1.00,119193.00,1,13.0.2,logs/kstar_nI20_nJ40_nK50_nL10_tI3_tJ3_s4_m1_exact_s0_20260716-103112.gurobi.log
20260716-104114,kstar_nI20_nJ40_nK50_nL10_tI3_tJ3_s5,exact,1,0,0,600,FEASIBLE,119215.00,42474.85,0.64371216,600.00,600.00,-1.00,-1.00,-1.00,40539,-1.00,119215.00,1,13.0.2,logs/kstar_nI20_nJ40_nK50_nL10_tI3_tJ3_s5_m1_exact_s0_20260716-104114.gurobi.log
20260716-105116,kstar_nI20_nJ40_nK50_nL10_tI4_tJ4_s1,exact,1,0,0,600,FEASIBLE,88590.00,42212.09,0.52351175,600.00,600.00,-1.00,-1.00,-1.00,39835,-1.00,88590.00,1,13.0.2,logs/kstar_nI20_nJ40_nK50_nL10_tI4_tJ4_s1_m1_exact_s0_20260716-105116.gurobi.log
20260716-110119,kstar_nI20_nJ40_nK50_nL10_tI4_tJ4_s2,exact,1,0,0,600,FEASIBLE,93436.00,44391.73,0.52489693,600.00,600.00,-1.00,-1.00,-1.00,38653,-1.00,93436.00,1,13.0.2,logs/kstar_nI20_nJ40_nK50_nL10_tI4_tJ4_s2_m1_exact_s0_20260716-110119.gurobi.log
20260716-111121,kstar_nI20_nJ40_nK50_nL10_tI4_tJ4_s3,exact,1,0,0,600,FEASIBLE,101395.00,42605.38,0.57980786,600.00,600.00,-1.00,-1.00,-1.00,36389,-1.00,101395.00,1,13.0.2,logs/kstar_nI20_nJ40_nK50_nL10_tI4_tJ4_s3_m1_exact_s0_20260716-111121.gurobi.log
20260716-112124,kstar_nI20_nJ40_nK50_nL10_tI4_tJ4_s4,exact,1,0,0,600,FEASIBLE,94060.00,41630.23,0.55740774,600.00,600.00,-1.00,-1.00,-1.00,39034,-1.00,94060.00,1,13.0.2,logs/kstar_nI20_nJ40_nK50_nL10_tI4_tJ4_s4_m1_exact_s0_20260716-112124.gurobi.log
20260716-113127,kstar_nI20_nJ40_nK50_nL10_tI4_tJ4_s5,exact,1,0,0,600,FEASIBLE,109383.00,41419.37,0.62133628,600.00,600.00,-1.00,-1.00,-1.00,38843,-1.00,109383.00,1,13.0.2,logs/kstar_nI20_nJ40_nK50_nL10_tI4_tJ4_s5_m1_exact_s0_20260716-113127.gurobi.log
20260716-114130,kstar_nI20_nJ40_nK50_nL10_tI5_tJ5_s1,exact,1,0,0,600,FEASIBLE,84925.00,42992.92,0.49375427,600.00,600.00,-1.00,-1.00,-1.00,35237,-1.00,84925.00,1,13.0.2,logs/kstar_nI20_nJ40_nK50_nL10_tI5_tJ5_s1_m1_exact_s0_20260716-114130.gurobi.log
20260716-115132,kstar_nI20_nJ40_nK50_nL10_tI5_tJ5_s2,exact,1,0,0,600,FEASIBLE,98561.00,42479.00,0.56900807,600.00,600.00,-1.00,-1.00,-1.00,38223,-1.00,98561.00,1,13.0.2,logs/kstar_nI20_nJ40_nK50_nL10_tI5_tJ5_s2_m1_exact_s0_20260716-115132.gurobi.log
20260716-120135,kstar_nI20_nJ40_nK50_nL10_tI5_tJ5_s3,exact,1,0,0,600,FEASIBLE,84496.00,42348.64,0.49880888,600.00,600.00,-1.00,-1.00,-1.00,39427,-1.00,84496.00,1,13.0.2,logs/kstar_nI20_nJ40_nK50_nL10_tI5_tJ5_s3_m1_exact_s0_20260716-120135.gurobi.log
20260716-121138,kstar_nI20_nJ40_nK50_nL10_tI5_tJ5_s4,exact,1,0,0,600,FEASIBLE,89555.00,43705.42,0.51197122,600.00,600.00,-1.00,-1.00,-1.00,37914,-1.00,89555.00,1,13.0.2,logs/kstar_nI20_nJ40_nK50_nL10_tI5_tJ5_s4_m1_exact_s0_20260716-121138.gurobi.log
20260716-122141,kstar_nI20_nJ40_nK50_nL10_tI5_tJ5_s5,exact,1,0,0,600,FEASIBLE,98585.00,42268.22,0.57125101,600.00,600.00,-1.00,-1.00,-1.00,40977,-1.00,98585.00,1,13.0.2,logs/kstar_nI20_nJ40_nK50_nL10_tI5_tJ5_s5_m1_exact_s0_20260716-122141.gurobi.log
20260716-123144,kstar_nI20_nJ40_nK50_nL10_tI6_tJ6_s1,exact,1,0,0,600,FEASIBLE,81264.00,44985.45,0.44642834,600.00,600.00,-1.00,-1.00,-1.00,41373,-1.00,81264.00,1,13.0.2,logs/kstar_nI20_nJ40_nK50_nL10_tI6_tJ6_s1_m1_exact_s0_20260716-123144.gurobi.log
20260716-124147,kstar_nI20_nJ40_nK50_nL10_tI6_tJ6_s2,exact,1,0,0,600,FEASIBLE,94337.00,45736.16,0.51518318,600.00,600.00,-1.00,-1.00,-1.00,36017,-1.00,94337.00,1,13.0.2,logs/kstar_nI20_nJ40_nK50_nL10_tI6_tJ6_s2_m1_exact_s0_20260716-124147.gurobi.log
20260716-125150,kstar_nI20_nJ40_nK50_nL10_tI6_tJ6_s3,exact,1,0,0,600,FEASIBLE,75494.00,46962.19,0.37793478,600.00,600.00,-1.00,-1.00,-1.00,38434,-1.00,75494.00,1,13.0.2,logs/kstar_nI20_nJ40_nK50_nL10_tI6_tJ6_s3_m1_exact_s0_20260716-125150.gurobi.log
20260716-130152,kstar_nI20_nJ40_nK50_nL10_tI6_tJ6_s4,exact,1,0,0,600,FEASIBLE,87858.00,45092.82,0.48675341,600.00,600.00,-1.00,-1.00,-1.00,38319,-1.00,87858.00,1,13.0.2,logs/kstar_nI20_nJ40_nK50_nL10_tI6_tJ6_s4_m1_exact_s0_20260716-130152.gurobi.log
20260716-131155,kstar_nI20_nJ40_nK50_nL10_tI6_tJ6_s5,exact,1,0,0,600,FEASIBLE,80023.00,45421.77,0.43239112,600.00,600.00,-1.00,-1.00,-1.00,35820,-1.00,80023.00,1,13.0.2,logs/kstar_nI20_nJ40_nK50_nL10_tI6_tJ6_s5_m1_exact_s0_20260716-131155.gurobi.log
20260716-132157,kstar_nI20_nJ40_nK50_nL5_tI2_tJ2_s1,exact,1,0,0,600,FEASIBLE,75818.00,20490.54,0.72974042,600.00,600.00,-1.00,-1.00,-1.00,32257,-1.00,75818.00,1,13.0.2,logs/kstar_nI20_nJ40_nK50_nL5_tI2_tJ2_s1_m1_exact_s0_20260716-132157.gurobi.log
20260716-133201,kstar_nI20_nJ40_nK50_nL5_tI2_tJ2_s2,exact,1,0,0,600,FEASIBLE,57138.00,20888.54,0.63441954,600.00,600.00,-1.00,-1.00,-1.00,32548,-1.00,57138.00,1,13.0.2,logs/kstar_nI20_nJ40_nK50_nL5_tI2_tJ2_s2_m1_exact_s0_20260716-133201.gurobi.log
20260716-134204,kstar_nI20_nJ40_nK50_nL5_tI2_tJ2_s3,exact,1,0,0,600,FEASIBLE,71711.00,20418.09,0.71527255,600.00,600.00,-1.00,-1.00,-1.00,31937,-1.00,71711.00,1,13.0.2,logs/kstar_nI20_nJ40_nK50_nL5_tI2_tJ2_s3_m1_exact_s0_20260716-134204.gurobi.log
20260716-135206,kstar_nI20_nJ40_nK50_nL5_tI2_tJ2_s4,exact,1,0,0,600,FEASIBLE,76512.00,21474.32,0.71933390,600.00,600.00,-1.00,-1.00,-1.00,31444,-1.00,76512.00,1,13.0.2,logs/kstar_nI20_nJ40_nK50_nL5_tI2_tJ2_s4_m1_exact_s0_20260716-135206.gurobi.log
20260716-140209,kstar_nI20_nJ40_nK50_nL5_tI2_tJ2_s5,exact,1,0,0,600,FEASIBLE,77068.00,22063.33,0.71371607,600.00,600.00,-1.00,-1.00,-1.00,33057,-1.00,77068.00,1,13.0.2,logs/kstar_nI20_nJ40_nK50_nL5_tI2_tJ2_s5_m1_exact_s0_20260716-140209.gurobi.log
20260716-141213,kstar_nI20_nJ40_nK50_nL5_tI3_tJ3_s1,exact,1,0,0,600,FEASIBLE,73309.00,22329.94,0.69539970,600.00,600.00,-1.00,-1.00,-1.00,30945,-1.00,73309.00,1,13.0.2,logs/kstar_nI20_nJ40_nK50_nL5_tI3_tJ3_s1_m1_exact_s0_20260716-141213.gurobi.log
20260716-142216,kstar_nI20_nJ40_nK50_nL5_tI3_tJ3_s2,exact,1,0,0,600,FEASIBLE,58384.00,21638.28,0.62938001,600.00,600.00,-1.00,-1.00,-1.00,31416,-1.00,58384.00,1,13.0.2,logs/kstar_nI20_nJ40_nK50_nL5_tI3_tJ3_s2_m1_exact_s0_20260716-142216.gurobi.log
20260716-143219,kstar_nI20_nJ40_nK50_nL5_tI3_tJ3_s3,exact,1,0,0,600,FEASIBLE,68391.00,22089.18,0.67701623,600.00,600.00,-1.00,-1.00,-1.00,29831,-1.00,68391.00,1,13.0.2,logs/kstar_nI20_nJ40_nK50_nL5_tI3_tJ3_s3_m1_exact_s0_20260716-143219.gurobi.log
20260716-144221,kstar_nI20_nJ40_nK50_nL5_tI3_tJ3_s4,exact,1,0,0,600,FEASIBLE,73280.00,23078.31,0.68506675,600.00,600.00,-1.00,-1.00,-1.00,28558,-1.00,73280.00,1,13.0.2,logs/kstar_nI20_nJ40_nK50_nL5_tI3_tJ3_s4_m1_exact_s0_20260716-144221.gurobi.log
20260716-145223,kstar_nI20_nJ40_nK50_nL5_tI3_tJ3_s5,exact,1,0,0,600,FEASIBLE,58301.00,24002.40,0.58830201,600.00,600.00,-1.00,-1.00,-1.00,29955,-1.00,58301.00,1,13.0.2,logs/kstar_nI20_nJ40_nK50_nL5_tI3_tJ3_s5_m1_exact_s0_20260716-145223.gurobi.log
20260716-150225,kstar_nI20_nJ40_nK50_nL5_tI4_tJ4_s1,exact,1,0,0,600,FEASIBLE,52232.00,20968.10,0.59855836,600.00,600.00,-1.00,-1.00,-1.00,26762,-1.00,52232.00,1,13.0.2,logs/kstar_nI20_nJ40_nK50_nL5_tI4_tJ4_s1_m1_exact_s0_20260716-150225.gurobi.log
20260716-151228,kstar_nI20_nJ40_nK50_nL5_tI4_tJ4_s2,exact,1,0,0,600,FEASIBLE,54478.00,21893.48,0.59812263,600.00,600.00,-1.00,-1.00,-1.00,30084,-1.00,54478.00,1,13.0.2,logs/kstar_nI20_nJ40_nK50_nL5_tI4_tJ4_s2_m1_exact_s0_20260716-151228.gurobi.log
20260716-152231,kstar_nI20_nJ40_nK50_nL5_tI4_tJ4_s3,exact,1,0,0,600,FEASIBLE,44618.00,23465.10,0.47408894,600.00,600.00,-1.00,-1.00,-1.00,29782,-1.00,44618.00,1,13.0.2,logs/kstar_nI20_nJ40_nK50_nL5_tI4_tJ4_s3_m1_exact_s0_20260716-152231.gurobi.log
20260716-153233,kstar_nI20_nJ40_nK50_nL5_tI4_tJ4_s4,exact,1,0,0,600,FEASIBLE,52487.00,23059.49,0.56066288,600.00,600.00,-1.00,-1.00,-1.00,28470,-1.00,52487.00,1,13.0.2,logs/kstar_nI20_nJ40_nK50_nL5_tI4_tJ4_s4_m1_exact_s0_20260716-153233.gurobi.log
20260716-154236,kstar_nI20_nJ40_nK50_nL5_tI4_tJ4_s5,exact,1,0,0,600,FEASIBLE,57277.00,23539.48,0.58902387,600.00,600.00,-1.00,-1.00,-1.00,28271,-1.00,57277.00,1,13.0.2,logs/kstar_nI20_nJ40_nK50_nL5_tI4_tJ4_s5_m1_exact_s0_20260716-154236.gurobi.log
20260716-155238,kstar_nI20_nJ40_nK50_nL5_tI5_tJ5_s1,exact,1,0,0,600,FEASIBLE,48450.00,25980.81,0.46376038,600.00,600.00,-1.00,-1.00,-1.00,28662,-1.00,48450.00,1,13.0.2,logs/kstar_nI20_nJ40_nK50_nL5_tI5_tJ5_s1_m1_exact_s0_20260716-155238.gurobi.log
20260716-160241,kstar_nI20_nJ40_nK50_nL5_tI5_tJ5_s2,exact,1,0,0,600,FEASIBLE,44235.00,26942.66,0.39091990,600.00,600.00,-1.00,-1.00,-1.00,28202,-1.00,44235.00,1,13.0.2,logs/kstar_nI20_nJ40_nK50_nL5_tI5_tJ5_s2_m1_exact_s0_20260716-160241.gurobi.log
20260716-161244,kstar_nI20_nJ40_nK50_nL5_tI5_tJ5_s3,exact,1,0,0,600,FEASIBLE,47887.00,23906.52,0.50077214,600.00,600.00,-1.00,-1.00,-1.00,28644,-1.00,47887.00,1,13.0.2,logs/kstar_nI20_nJ40_nK50_nL5_tI5_tJ5_s3_m1_exact_s0_20260716-161244.gurobi.log
20260716-162247,kstar_nI20_nJ40_nK50_nL5_tI5_tJ5_s4,exact,1,0,0,600,FEASIBLE,44198.00,24113.35,0.45442438,600.00,600.00,-1.00,-1.00,-1.00,27858,-1.00,44198.00,1,13.0.2,logs/kstar_nI20_nJ40_nK50_nL5_tI5_tJ5_s4_m1_exact_s0_20260716-162247.gurobi.log
20260716-163249,kstar_nI20_nJ40_nK50_nL5_tI5_tJ5_s5,exact,1,0,0,600,FEASIBLE,50203.00,23919.35,0.52354737,600.00,600.00,-1.00,-1.00,-1.00,27655,-1.00,50203.00,1,13.0.2,logs/kstar_nI20_nJ40_nK50_nL5_tI5_tJ5_s5_m1_exact_s0_20260716-163249.gurobi.log
20260716-164252,kstar_nI20_nJ40_nK50_nL5_tI6_tJ6_s1,exact,1,0,0,600,FEASIBLE,46333.00,25777.51,0.44364682,600.00,600.00,-1.00,-1.00,-1.00,27837,-1.00,46333.00,1,13.0.2,logs/kstar_nI20_nJ40_nK50_nL5_tI6_tJ6_s1_m1_exact_s0_20260716-164252.gurobi.log
20260716-165255,kstar_nI20_nJ40_nK50_nL5_tI6_tJ6_s2,exact,1,0,0,600,FEASIBLE,47513.00,24677.54,0.48061504,600.00,600.00,-1.00,-1.00,-1.00,26038,-1.00,47513.00,1,13.0.2,logs/kstar_nI20_nJ40_nK50_nL5_tI6_tJ6_s2_m1_exact_s0_20260716-165255.gurobi.log
20260716-170256,kstar_nI20_nJ40_nK50_nL5_tI6_tJ6_s3,exact,1,0,0,600,FEASIBLE,41178.00,26190.18,0.36397639,600.00,600.00,-1.00,-1.00,-1.00,27745,-1.00,41178.00,1,13.0.2,logs/kstar_nI20_nJ40_nK50_nL5_tI6_tJ6_s3_m1_exact_s0_20260716-170256.gurobi.log
20260716-171259,kstar_nI20_nJ40_nK50_nL5_tI6_tJ6_s4,exact,1,0,0,600,FEASIBLE,41131.00,25396.49,0.38254623,600.00,600.00,-1.00,-1.00,-1.00,26842,-1.00,41131.00,1,13.0.2,logs/kstar_nI20_nJ40_nK50_nL5_tI6_tJ6_s4_m1_exact_s0_20260716-171259.gurobi.log
20260716-172303,kstar_nI20_nJ40_nK50_nL5_tI6_tJ6_s5,exact,1,0,0,600,FEASIBLE,43990.00,26219.45,0.40396795,600.00,600.00,-1.00,-1.00,-1.00,25477,-1.00,43990.00,1,13.0.2,logs/kstar_nI20_nJ40_nK50_nL5_tI6_tJ6_s5_m1_exact_s0_20260716-172303.gurobi.log
20260716-173305,kstar_nI40_nJ20_nK100_nL10_tI2_tJ2_s1,exact,1,0,0,600,FEASIBLE,318216.00,100778.98,0.68330010,600.00,600.00,-1.00,-1.00,-1.00,43895,-1.00,318216.00,1,13.0.2,logs/kstar_nI40_nJ20_nK100_nL10_tI2_tJ2_s1_m1_exact_s0_20260716-173305.gurobi.log
20260716-174306,kstar_nI40_nJ20_nK100_nL10_tI2_tJ2_s2,exact,1,0,0,600,FEASIBLE,234087.00,100009.24,0.57276891,600.00,600.00,-1.00,-1.00,-1.00,48095,-1.00,234087.00,1,13.0.2,logs/kstar_nI40_nJ20_nK100_nL10_tI2_tJ2_s2_m1_exact_s0_20260716-174306.gurobi.log
20260716-175309,kstar_nI40_nJ20_nK100_nL10_tI2_tJ2_s3,exact,1,0,0,600,FEASIBLE,248854.00,101012.38,0.59408978,600.00,600.00,-1.00,-1.00,-1.00,44555,-1.00,248854.00,1,13.0.2,logs/kstar_nI40_nJ20_nK100_nL10_tI2_tJ2_s3_m1_exact_s0_20260716-175309.gurobi.log
20260716-180312,kstar_nI40_nJ20_nK100_nL10_tI2_tJ2_s4,exact,1,0,0,600,FEASIBLE,224402.00,97501.16,0.56550673,600.00,600.00,-1.00,-1.00,-1.00,47397,-1.00,224402.00,1,13.0.2,logs/kstar_nI40_nJ20_nK100_nL10_tI2_tJ2_s4_m1_exact_s0_20260716-180312.gurobi.log
20260716-181314,kstar_nI40_nJ20_nK100_nL10_tI2_tJ2_s5,exact,1,0,0,600,FEASIBLE,193866.00,95923.68,0.50520627,600.00,600.00,-1.00,-1.00,-1.00,46996,-1.00,193866.00,1,13.0.2,logs/kstar_nI40_nJ20_nK100_nL10_tI2_tJ2_s5_m1_exact_s0_20260716-181314.gurobi.log
20260716-182317,kstar_nI40_nJ20_nK100_nL10_tI3_tJ3_s1,exact,1,0,0,600,FEASIBLE,234074.00,101645.47,0.56575496,600.00,600.00,-1.00,-1.00,-1.00,48478,-1.00,234074.00,1,13.0.2,logs/kstar_nI40_nJ20_nK100_nL10_tI3_tJ3_s1_m1_exact_s0_20260716-182317.gurobi.log
20260716-183319,kstar_nI40_nJ20_nK100_nL10_tI3_tJ3_s2,exact,1,0,0,600,FEASIBLE,250487.00,98257.75,0.60773316,600.00,600.00,-1.00,-1.00,-1.00,42627,-1.00,250487.00,1,13.0.2,logs/kstar_nI40_nJ20_nK100_nL10_tI3_tJ3_s2_m1_exact_s0_20260716-183319.gurobi.log
20260716-184321,kstar_nI40_nJ20_nK100_nL10_tI3_tJ3_s3,exact,1,0,0,600,FEASIBLE,247499.00,102890.55,0.58427892,600.00,600.00,-1.00,-1.00,-1.00,44111,-1.00,247499.00,1,13.0.2,logs/kstar_nI40_nJ20_nK100_nL10_tI3_tJ3_s3_m1_exact_s0_20260716-184321.gurobi.log
20260716-185325,kstar_nI40_nJ20_nK100_nL10_tI3_tJ3_s4,exact,1,0,0,600,FEASIBLE,222497.00,105549.79,0.52561250,600.00,600.00,-1.00,-1.00,-1.00,43255,-1.00,222497.00,1,13.0.2,logs/kstar_nI40_nJ20_nK100_nL10_tI3_tJ3_s4_m1_exact_s0_20260716-185325.gurobi.log
20260716-190327,kstar_nI40_nJ20_nK100_nL10_tI3_tJ3_s5,exact,1,0,0,600,FEASIBLE,266768.00,93746.29,0.64858497,600.00,600.00,-1.00,-1.00,-1.00,48663,-1.00,266768.00,1,13.0.2,logs/kstar_nI40_nJ20_nK100_nL10_tI3_tJ3_s5_m1_exact_s0_20260716-190327.gurobi.log
20260716-191330,kstar_nI40_nJ20_nK100_nL10_tI4_tJ4_s1,exact,1,0,0,600,FEASIBLE,188108.00,103832.05,0.44801898,600.00,600.00,-1.00,-1.00,-1.00,41932,-1.00,188108.00,1,13.0.2,logs/kstar_nI40_nJ20_nK100_nL10_tI4_tJ4_s1_m1_exact_s0_20260716-191330.gurobi.log
20260716-192333,kstar_nI40_nJ20_nK100_nL10_tI4_tJ4_s2,exact,1,0,0,600,FEASIBLE,196428.00,103308.13,0.47406618,600.00,600.00,-1.00,-1.00,-1.00,42747,-1.00,196428.00,1,13.0.2,logs/kstar_nI40_nJ20_nK100_nL10_tI4_tJ4_s2_m1_exact_s0_20260716-192333.gurobi.log
20260716-193334,kstar_nI40_nJ20_nK100_nL10_tI4_tJ4_s3,exact,1,0,0,600,FEASIBLE,157316.00,101198.17,0.35672044,600.00,600.00,-1.00,-1.00,-1.00,44454,-1.00,157316.00,1,13.0.2,logs/kstar_nI40_nJ20_nK100_nL10_tI4_tJ4_s3_m1_exact_s0_20260716-193334.gurobi.log
20260716-194337,kstar_nI40_nJ20_nK100_nL10_tI4_tJ4_s4,exact,1,0,0,600,FEASIBLE,162272.00,99767.89,0.38518113,600.00,600.00,-1.00,-1.00,-1.00,43368,-1.00,162272.00,1,13.0.2,logs/kstar_nI40_nJ20_nK100_nL10_tI4_tJ4_s4_m1_exact_s0_20260716-194337.gurobi.log
20260716-195340,kstar_nI40_nJ20_nK100_nL10_tI4_tJ4_s5,exact,1,0,0,600,FEASIBLE,181568.00,96831.69,0.46669185,600.00,600.00,-1.00,-1.00,-1.00,43111,-1.00,181568.00,1,13.0.2,logs/kstar_nI40_nJ20_nK100_nL10_tI4_tJ4_s5_m1_exact_s0_20260716-195340.gurobi.log
20260716-200343,kstar_nI40_nJ20_nK100_nL10_tI5_tJ5_s1,exact,1,0,0,600,FEASIBLE,157159.00,100119.27,0.36294281,600.00,600.00,-1.00,-1.00,-1.00,41642,-1.00,157159.00,1,13.0.2,logs/kstar_nI40_nJ20_nK100_nL10_tI5_tJ5_s1_m1_exact_s0_20260716-200343.gurobi.log
20260716-201346,kstar_nI40_nJ20_nK100_nL10_tI5_tJ5_s2,exact,1,0,0,600,FEASIBLE,150552.00,99784.32,0.33721028,600.00,600.00,-1.00,-1.00,-1.00,42355,-1.00,150552.00,1,13.0.2,logs/kstar_nI40_nJ20_nK100_nL10_tI5_tJ5_s2_m1_exact_s0_20260716-201346.gurobi.log
20260716-202349,kstar_nI40_nJ20_nK100_nL10_tI5_tJ5_s3,exact,1,0,0,600,FEASIBLE,189246.00,96703.73,0.48900516,600.00,600.00,-1.00,-1.00,-1.00,37573,-1.00,189246.00,1,13.0.2,logs/kstar_nI40_nJ20_nK100_nL10_tI5_tJ5_s3_m1_exact_s0_20260716-202349.gurobi.log
20260716-203352,kstar_nI40_nJ20_nK100_nL10_tI5_tJ5_s4,exact,1,0,0,600,FEASIBLE,166710.00,108743.40,0.34770918,600.00,600.00,-1.00,-1.00,-1.00,38538,-1.00,166710.00,1,13.0.2,logs/kstar_nI40_nJ20_nK100_nL10_tI5_tJ5_s4_m1_exact_s0_20260716-203352.gurobi.log
20260716-204355,kstar_nI40_nJ20_nK100_nL10_tI5_tJ5_s5,exact,1,0,0,600,FEASIBLE,170288.00,102061.92,0.40065114,600.00,600.00,-1.00,-1.00,-1.00,38523,-1.00,170288.00,1,13.0.2,logs/kstar_nI40_nJ20_nK100_nL10_tI5_tJ5_s5_m1_exact_s0_20260716-204355.gurobi.log
20260716-205359,kstar_nI40_nJ20_nK100_nL10_tI6_tJ6_s1,exact,1,0,0,600,FEASIBLE,166315.00,105214.96,0.36737538,600.00,600.00,-1.00,-1.00,-1.00,37886,-1.00,166315.00,1,13.0.2,logs/kstar_nI40_nJ20_nK100_nL10_tI6_tJ6_s1_m1_exact_s0_20260716-205359.gurobi.log
20260716-210402,kstar_nI40_nJ20_nK100_nL10_tI6_tJ6_s2,exact,1,0,0,600,FEASIBLE,136519.00,104667.01,0.23331545,600.00,600.00,-1.00,-1.00,-1.00,39514,-1.00,136519.00,1,13.0.2,logs/kstar_nI40_nJ20_nK100_nL10_tI6_tJ6_s2_m1_exact_s0_20260716-210402.gurobi.log
20260716-211406,kstar_nI40_nJ20_nK100_nL10_tI6_tJ6_s3,exact,1,0,0,600,FEASIBLE,179207.00,102469.27,0.42820723,600.00,600.00,-1.00,-1.00,-1.00,36169,-1.00,179207.00,1,13.0.2,logs/kstar_nI40_nJ20_nK100_nL10_tI6_tJ6_s3_m1_exact_s0_20260716-211406.gurobi.log
20260716-212409,kstar_nI40_nJ20_nK100_nL10_tI6_tJ6_s4,exact,1,0,0,600,FEASIBLE,132587.00,108403.59,0.18239655,600.00,600.00,-1.00,-1.00,-1.00,40006,-1.00,132587.00,1,13.0.2,logs/kstar_nI40_nJ20_nK100_nL10_tI6_tJ6_s4_m1_exact_s0_20260716-212409.gurobi.log
20260716-213412,kstar_nI40_nJ20_nK100_nL10_tI6_tJ6_s5,exact,1,0,0,600,FEASIBLE,169710.00,98560.49,0.41924169,600.00,600.00,-1.00,-1.00,-1.00,41394,-1.00,169710.00,1,13.0.2,logs/kstar_nI40_nJ20_nK100_nL10_tI6_tJ6_s5_m1_exact_s0_20260716-213412.gurobi.log
20260716-214414,kstar_nI40_nJ20_nK100_nL5_tI2_tJ2_s1,exact,1,0,0,600,FEASIBLE,117639.00,52896.44,0.55034949,600.00,600.00,-1.00,-1.00,-1.00,37016,-1.00,117639.00,1,13.0.2,logs/kstar_nI40_nJ20_nK100_nL5_tI2_tJ2_s1_m1_exact_s0_20260716-214414.gurobi.log
20260716-215417,kstar_nI40_nJ20_nK100_nL5_tI2_tJ2_s2,exact,1,0,0,600,FEASIBLE,121032.00,49377.18,0.59203202,600.00,600.00,-1.00,-1.00,-1.00,34317,-1.00,121032.00,1,13.0.2,logs/kstar_nI40_nJ20_nK100_nL5_tI2_tJ2_s2_m1_exact_s0_20260716-215417.gurobi.log
20260716-220420,kstar_nI40_nJ20_nK100_nL5_tI2_tJ2_s3,exact,1,0,0,600,FEASIBLE,127242.00,51941.28,0.59179136,600.00,600.00,-1.00,-1.00,-1.00,35483,-1.00,127242.00,1,13.0.2,logs/kstar_nI40_nJ20_nK100_nL5_tI2_tJ2_s3_m1_exact_s0_20260716-220420.gurobi.log
20260716-221424,kstar_nI40_nJ20_nK100_nL5_tI2_tJ2_s4,exact,1,0,0,600,FEASIBLE,136973.00,50574.26,0.63077202,600.00,600.00,-1.00,-1.00,-1.00,34988,-1.00,136973.00,1,13.0.2,logs/kstar_nI40_nJ20_nK100_nL5_tI2_tJ2_s4_m1_exact_s0_20260716-221424.gurobi.log
20260716-222428,kstar_nI40_nJ20_nK100_nL5_tI2_tJ2_s5,exact,1,0,0,600,FEASIBLE,121092.00,46268.54,0.61790585,600.00,600.00,-1.00,-1.00,-1.00,36543,-1.00,121092.00,1,13.0.2,logs/kstar_nI40_nJ20_nK100_nL5_tI2_tJ2_s5_m1_exact_s0_20260716-222428.gurobi.log
20260716-223431,kstar_nI40_nJ20_nK100_nL5_tI3_tJ3_s1,exact,1,0,0,600,FEASIBLE,88383.00,50686.13,0.42651724,600.00,600.00,-1.00,-1.00,-1.00,33850,-1.00,88383.00,1,13.0.2,logs/kstar_nI40_nJ20_nK100_nL5_tI3_tJ3_s1_m1_exact_s0_20260716-223431.gurobi.log
20260716-224434,kstar_nI40_nJ20_nK100_nL5_tI3_tJ3_s2,exact,1,0,0,600,FEASIBLE,95239.00,50125.23,0.47369012,600.00,600.00,-1.00,-1.00,-1.00,33322,-1.00,95239.00,1,13.0.2,logs/kstar_nI40_nJ20_nK100_nL5_tI3_tJ3_s2_m1_exact_s0_20260716-224434.gurobi.log
20260716-225436,kstar_nI40_nJ20_nK100_nL5_tI3_tJ3_s3,exact,1,0,0,600,FEASIBLE,131887.00,53801.98,0.59206003,600.00,600.00,-1.00,-1.00,-1.00,32854,-1.00,131887.00,1,13.0.2,logs/kstar_nI40_nJ20_nK100_nL5_tI3_tJ3_s3_m1_exact_s0_20260716-225436.gurobi.log
20260716-230439,kstar_nI40_nJ20_nK100_nL5_tI3_tJ3_s4,exact,1,0,0,600,FEASIBLE,103942.00,54258.55,0.47799202,600.00,600.00,-1.00,-1.00,-1.00,34578,-1.00,103942.00,1,13.0.2,logs/kstar_nI40_nJ20_nK100_nL5_tI3_tJ3_s4_m1_exact_s0_20260716-230439.gurobi.log
20260716-231442,kstar_nI40_nJ20_nK100_nL5_tI3_tJ3_s5,exact,1,0,0,600,FEASIBLE,121669.00,48477.04,0.60156624,600.00,600.00,-1.00,-1.00,-1.00,30538,-1.00,121669.00,1,13.0.2,logs/kstar_nI40_nJ20_nK100_nL5_tI3_tJ3_s5_m1_exact_s0_20260716-231442.gurobi.log
20260716-232446,kstar_nI40_nJ20_nK100_nL5_tI4_tJ4_s1,exact,1,0,0,600,FEASIBLE,97910.00,55791.02,0.43018057,600.00,600.00,-1.00,-1.00,-1.00,30322,-1.00,97910.00,1,13.0.2,logs/kstar_nI40_nJ20_nK100_nL5_tI4_tJ4_s1_m1_exact_s0_20260716-232446.gurobi.log
20260716-233449,kstar_nI40_nJ20_nK100_nL5_tI4_tJ4_s2,exact,1,0,0,600,FEASIBLE,109549.00,53851.88,0.50842196,600.00,600.00,-1.00,-1.00,-1.00,31273,-1.00,109549.00,1,13.0.2,logs/kstar_nI40_nJ20_nK100_nL5_tI4_tJ4_s2_m1_exact_s0_20260716-233449.gurobi.log
20260716-234451,kstar_nI40_nJ20_nK100_nL5_tI4_tJ4_s3,exact,1,0,0,600,FEASIBLE,91071.00,52028.70,0.42870181,600.00,600.00,-1.00,-1.00,-1.00,30971,-1.00,91071.00,1,13.0.2,logs/kstar_nI40_nJ20_nK100_nL5_tI4_tJ4_s3_m1_exact_s0_20260716-234451.gurobi.log
20260716-235453,kstar_nI40_nJ20_nK100_nL5_tI4_tJ4_s4,exact,1,0,0,600,FEASIBLE,100797.00,53350.85,0.47070993,600.00,600.00,-1.00,-1.00,-1.00,32524,-1.00,100797.00,1,13.0.2,logs/kstar_nI40_nJ20_nK100_nL5_tI4_tJ4_s4_m1_exact_s0_20260716-235453.gurobi.log
20260717-000456,kstar_nI40_nJ20_nK100_nL5_tI4_tJ4_s5,exact,1,0,0,600,FEASIBLE,97944.00,50188.85,0.48757602,600.00,600.00,-1.00,-1.00,-1.00,34052,-1.00,97944.00,1,13.0.2,logs/kstar_nI40_nJ20_nK100_nL5_tI4_tJ4_s5_m1_exact_s0_20260717-000456.gurobi.log
20260717-001500,kstar_nI40_nJ20_nK100_nL5_tI5_tJ5_s1,exact,1,0,0,600,FEASIBLE,87472.00,52858.79,0.39570611,600.00,600.00,-1.00,-1.00,-1.00,31010,-1.00,87472.00,1,13.0.2,logs/kstar_nI40_nJ20_nK100_nL5_tI5_tJ5_s1_m1_exact_s0_20260717-001500.gurobi.log
20260717-002502,kstar_nI40_nJ20_nK100_nL5_tI5_tJ5_s2,exact,1,0,0,600,FEASIBLE,81492.00,54509.69,0.33110375,600.00,600.00,-1.00,-1.00,-1.00,33160,-1.00,81492.00,1,13.0.2,logs/kstar_nI40_nJ20_nK100_nL5_tI5_tJ5_s2_m1_exact_s0_20260717-002502.gurobi.log
20260717-003506,kstar_nI40_nJ20_nK100_nL5_tI5_tJ5_s3,exact,1,0,0,600,FEASIBLE,83379.00,50621.61,0.39287337,600.00,600.00,-1.00,-1.00,-1.00,31097,-1.00,83379.00,1,13.0.2,logs/kstar_nI40_nJ20_nK100_nL5_tI5_tJ5_s3_m1_exact_s0_20260717-003506.gurobi.log
20260717-004509,kstar_nI40_nJ20_nK100_nL5_tI5_tJ5_s4,exact,1,0,0,600,FEASIBLE,79178.00,54467.21,0.31209158,600.00,600.00,-1.00,-1.00,-1.00,35520,-1.00,79178.00,1,13.0.2,logs/kstar_nI40_nJ20_nK100_nL5_tI5_tJ5_s4_m1_exact_s0_20260717-004509.gurobi.log
20260717-005511,kstar_nI40_nJ20_nK100_nL5_tI5_tJ5_s5,exact,1,0,0,600,FEASIBLE,88906.00,55596.80,0.37465641,600.00,600.00,-1.00,-1.00,-1.00,34424,-1.00,88906.00,1,13.0.2,logs/kstar_nI40_nJ20_nK100_nL5_tI5_tJ5_s5_m1_exact_s0_20260717-005511.gurobi.log
20260717-010514,kstar_nI40_nJ20_nK100_nL5_tI6_tJ6_s1,exact,1,0,0,600,FEASIBLE,80510.00,54454.15,0.32363498,600.00,600.00,-1.00,-1.00,-1.00,33538,-1.00,80510.00,1,13.0.2,logs/kstar_nI40_nJ20_nK100_nL5_tI6_tJ6_s1_m1_exact_s0_20260717-010514.gurobi.log
20260717-011517,kstar_nI40_nJ20_nK100_nL5_tI6_tJ6_s2,exact,1,0,0,600,FEASIBLE,79935.00,61546.41,0.23004424,600.00,600.00,-1.00,-1.00,-1.00,33007,-1.00,79935.00,1,13.0.2,logs/kstar_nI40_nJ20_nK100_nL5_tI6_tJ6_s2_m1_exact_s0_20260717-011517.gurobi.log
20260717-012519,kstar_nI40_nJ20_nK100_nL5_tI6_tJ6_s3,exact,1,0,0,600,FEASIBLE,74162.00,51956.26,0.29942205,600.00,600.00,-1.00,-1.00,-1.00,33571,-1.00,74162.00,1,13.0.2,logs/kstar_nI40_nJ20_nK100_nL5_tI6_tJ6_s3_m1_exact_s0_20260717-012519.gurobi.log
20260717-013522,kstar_nI40_nJ20_nK100_nL5_tI6_tJ6_s4,exact,1,0,0,600,FEASIBLE,78633.00,53728.00,0.31672452,600.00,600.00,-1.00,-1.00,-1.00,35916,-1.00,78633.00,1,13.0.2,logs/kstar_nI40_nJ20_nK100_nL5_tI6_tJ6_s4_m1_exact_s0_20260717-013522.gurobi.log
20260717-014525,kstar_nI40_nJ20_nK100_nL5_tI6_tJ6_s5,exact,1,0,0,600,FEASIBLE,88397.00,55069.59,0.37701973,600.00,600.00,-1.00,-1.00,-1.00,34150,-1.00,88397.00,1,13.0.2,logs/kstar_nI40_nJ20_nK100_nL5_tI6_tJ6_s5_m1_exact_s0_20260717-014525.gurobi.log
20260717-015529,kstar_nI40_nJ20_nK50_nL10_tI2_tJ2_s1,exact,1,0,0,600,FEASIBLE,159250.00,53079.80,0.66668884,600.00,600.00,-1.00,-1.00,-1.00,45852,-1.00,159250.00,1,13.0.2,logs/kstar_nI40_nJ20_nK50_nL10_tI2_tJ2_s1_m1_exact_s0_20260717-015529.gurobi.log
20260717-020532,kstar_nI40_nJ20_nK50_nL10_tI2_tJ2_s2,exact,1,0,0,600,FEASIBLE,143811.00,49275.82,0.65735711,600.00,600.00,-1.00,-1.00,-1.00,43499,-1.00,143811.00,1,13.0.2,logs/kstar_nI40_nJ20_nK50_nL10_tI2_tJ2_s2_m1_exact_s0_20260717-020532.gurobi.log
20260717-021535,kstar_nI40_nJ20_nK50_nL10_tI2_tJ2_s3,exact,1,0,0,600,FEASIBLE,120784.00,49876.73,0.58705847,600.00,600.00,-1.00,-1.00,-1.00,45049,-1.00,120784.00,1,13.0.2,logs/kstar_nI40_nJ20_nK50_nL10_tI2_tJ2_s3_m1_exact_s0_20260717-021535.gurobi.log
20260717-022538,kstar_nI40_nJ20_nK50_nL10_tI2_tJ2_s4,exact,1,0,0,600,FEASIBLE,128392.00,51656.61,0.59766488,600.00,600.00,-1.00,-1.00,-1.00,47613,-1.00,128392.00,1,13.0.2,logs/kstar_nI40_nJ20_nK50_nL10_tI2_tJ2_s4_m1_exact_s0_20260717-022538.gurobi.log
20260717-023540,kstar_nI40_nJ20_nK50_nL10_tI2_tJ2_s5,exact,1,0,0,600,FEASIBLE,129210.00,50563.15,0.60867465,600.00,600.00,-1.00,-1.00,-1.00,47021,-1.00,129210.00,1,13.0.2,logs/kstar_nI40_nJ20_nK50_nL10_tI2_tJ2_s5_m1_exact_s0_20260717-023540.gurobi.log
20260717-024543,kstar_nI40_nJ20_nK50_nL10_tI3_tJ3_s1,exact,1,0,0,600,FEASIBLE,102757.00,51851.93,0.49539268,600.00,600.00,-1.00,-1.00,-1.00,44440,-1.00,102757.00,1,13.0.2,logs/kstar_nI40_nJ20_nK50_nL10_tI3_tJ3_s1_m1_exact_s0_20260717-024543.gurobi.log
20260717-025546,kstar_nI40_nJ20_nK50_nL10_tI3_tJ3_s2,exact,1,0,0,600,FEASIBLE,93590.00,50166.19,0.46397911,600.00,600.00,-1.00,-1.00,-1.00,42815,-1.00,93590.00,1,13.0.2,logs/kstar_nI40_nJ20_nK50_nL10_tI3_tJ3_s2_m1_exact_s0_20260717-025546.gurobi.log
20260717-030548,kstar_nI40_nJ20_nK50_nL10_tI3_tJ3_s3,exact,1,0,0,600,FEASIBLE,128752.00,55748.73,0.56700690,600.00,600.00,-1.00,-1.00,-1.00,46341,-1.00,128752.00,1,13.0.2,logs/kstar_nI40_nJ20_nK50_nL10_tI3_tJ3_s3_m1_exact_s0_20260717-030548.gurobi.log
20260717-031551,kstar_nI40_nJ20_nK50_nL10_tI3_tJ3_s4,exact,1,0,0,600,FEASIBLE,94201.00,50336.54,0.46564752,600.00,600.00,-1.00,-1.00,-1.00,42857,-1.00,94201.00,1,13.0.2,logs/kstar_nI40_nJ20_nK50_nL10_tI3_tJ3_s4_m1_exact_s0_20260717-031551.gurobi.log
20260717-032553,kstar_nI40_nJ20_nK50_nL10_tI3_tJ3_s5,exact,1,0,0,600,FEASIBLE,144221.00,55550.95,0.61482063,600.00,600.00,-1.00,-1.00,-1.00,45595,-1.00,144221.00,1,13.0.2,logs/kstar_nI40_nJ20_nK50_nL10_tI3_tJ3_s5_m1_exact_s0_20260717-032553.gurobi.log
20260717-033556,kstar_nI40_nJ20_nK50_nL10_tI4_tJ4_s1,exact,1,0,0,600,FEASIBLE,97049.00,49936.65,0.48544906,600.00,600.00,-1.00,-1.00,-1.00,43779,-1.00,97049.00,1,13.0.2,logs/kstar_nI40_nJ20_nK50_nL10_tI4_tJ4_s1_m1_exact_s0_20260717-033556.gurobi.log
20260717-034559,kstar_nI40_nJ20_nK50_nL10_tI4_tJ4_s2,exact,1,0,0,600,FEASIBLE,83598.00,49706.01,0.40541633,600.00,600.00,-1.00,-1.00,-1.00,45037,-1.00,83598.00,1,13.0.2,logs/kstar_nI40_nJ20_nK50_nL10_tI4_tJ4_s2_m1_exact_s0_20260717-034559.gurobi.log
20260717-035601,kstar_nI40_nJ20_nK50_nL10_tI4_tJ4_s3,exact,1,0,0,600,FEASIBLE,89485.00,50125.87,0.43984057,600.00,600.00,-1.00,-1.00,-1.00,43924,-1.00,89485.00,1,13.0.2,logs/kstar_nI40_nJ20_nK50_nL10_tI4_tJ4_s3_m1_exact_s0_20260717-035601.gurobi.log
20260717-040603,kstar_nI40_nJ20_nK50_nL10_tI4_tJ4_s4,exact,1,0,0,600,FEASIBLE,90557.00,51245.52,0.43410755,600.00,600.00,-1.00,-1.00,-1.00,46289,-1.00,90557.00,1,13.0.2,logs/kstar_nI40_nJ20_nK50_nL10_tI4_tJ4_s4_m1_exact_s0_20260717-040603.gurobi.log
20260717-041606,kstar_nI40_nJ20_nK50_nL10_tI4_tJ4_s5,exact,1,0,0,600,FEASIBLE,90208.00,51703.50,0.42684135,600.00,600.00,-1.00,-1.00,-1.00,44771,-1.00,90208.00,1,13.0.2,logs/kstar_nI40_nJ20_nK50_nL10_tI4_tJ4_s5_m1_exact_s0_20260717-041606.gurobi.log
20260717-042609,kstar_nI40_nJ20_nK50_nL10_tI5_tJ5_s1,exact,1,0,0,600,FEASIBLE,78626.00,53443.46,0.32028263,600.00,600.00,-1.00,-1.00,-1.00,42169,-1.00,78626.00,1,13.0.2,logs/kstar_nI40_nJ20_nK50_nL10_tI5_tJ5_s1_m1_exact_s0_20260717-042609.gurobi.log
20260717-043612,kstar_nI40_nJ20_nK50_nL10_tI5_tJ5_s2,exact,1,0,0,600,FEASIBLE,69672.00,51527.21,0.26043165,600.00,600.00,-1.00,-1.00,-1.00,40177,-1.00,69672.00,1,13.0.2,logs/kstar_nI40_nJ20_nK50_nL10_tI5_tJ5_s2_m1_exact_s0_20260717-043612.gurobi.log
20260717-044615,kstar_nI40_nJ20_nK50_nL10_tI5_tJ5_s3,exact,1,0,0,600,FEASIBLE,87019.00,52131.11,0.40092269,600.00,600.00,-1.00,-1.00,-1.00,43348,-1.00,87019.00,1,13.0.2,logs/kstar_nI40_nJ20_nK50_nL10_tI5_tJ5_s3_m1_exact_s0_20260717-044615.gurobi.log
20260717-045618,kstar_nI40_nJ20_nK50_nL10_tI5_tJ5_s4,exact,1,0,0,600,FEASIBLE,84202.00,54837.36,0.34874041,600.00,600.00,-1.00,-1.00,-1.00,44975,-1.00,84202.00,1,13.0.2,logs/kstar_nI40_nJ20_nK50_nL10_tI5_tJ5_s4_m1_exact_s0_20260717-045618.gurobi.log
20260717-050621,kstar_nI40_nJ20_nK50_nL10_tI5_tJ5_s5,exact,1,0,0,600,FEASIBLE,73924.00,51788.73,0.29943284,600.00,600.00,-1.00,-1.00,-1.00,41537,-1.00,73924.00,1,13.0.2,logs/kstar_nI40_nJ20_nK50_nL10_tI5_tJ5_s5_m1_exact_s0_20260717-050621.gurobi.log
20260717-051624,kstar_nI40_nJ20_nK50_nL10_tI6_tJ6_s1,exact,1,0,0,600,FEASIBLE,80421.00,55013.38,0.31593265,600.00,600.00,-1.00,-1.00,-1.00,39738,-1.00,80421.00,1,13.0.2,logs/kstar_nI40_nJ20_nK50_nL10_tI6_tJ6_s1_m1_exact_s0_20260717-051624.gurobi.log
20260717-052627,kstar_nI40_nJ20_nK50_nL10_tI6_tJ6_s2,exact,1,0,0,600,FEASIBLE,78716.00,55667.20,0.29280960,600.00,600.00,-1.00,-1.00,-1.00,41372,-1.00,78716.00,1,13.0.2,logs/kstar_nI40_nJ20_nK50_nL10_tI6_tJ6_s2_m1_exact_s0_20260717-052627.gurobi.log
20260717-053630,kstar_nI40_nJ20_nK50_nL10_tI6_tJ6_s3,exact,1,0,0,600,FEASIBLE,76285.00,53516.56,0.29846554,600.00,600.00,-1.00,-1.00,-1.00,40539,-1.00,76285.00,1,13.0.2,logs/kstar_nI40_nJ20_nK50_nL10_tI6_tJ6_s3_m1_exact_s0_20260717-053630.gurobi.log
20260717-054633,kstar_nI40_nJ20_nK50_nL10_tI6_tJ6_s4,exact,1,0,0,600,FEASIBLE,93629.00,55259.48,0.40980382,600.00,600.00,-1.00,-1.00,-1.00,40399,-1.00,93629.00,1,13.0.2,logs/kstar_nI40_nJ20_nK50_nL10_tI6_tJ6_s4_m1_exact_s0_20260717-054633.gurobi.log
20260717-055636,kstar_nI40_nJ20_nK50_nL10_tI6_tJ6_s5,exact,1,0,0,600,FEASIBLE,75380.00,50642.34,0.32817268,600.00,600.00,-1.00,-1.00,-1.00,40739,-1.00,75380.00,1,13.0.2,logs/kstar_nI40_nJ20_nK50_nL10_tI6_tJ6_s5_m1_exact_s0_20260717-055636.gurobi.log
20260717-060639,kstar_nI40_nJ20_nK50_nL5_tI2_tJ2_s1,exact,1,0,0,600,FEASIBLE,54423.00,27524.15,0.49425524,600.00,600.00,-1.00,-1.00,-1.00,38495,-1.00,54423.00,1,13.0.2,logs/kstar_nI40_nJ20_nK50_nL5_tI2_tJ2_s1_m1_exact_s0_20260717-060639.gurobi.log
20260717-061642,kstar_nI40_nJ20_nK50_nL5_tI2_tJ2_s2,exact,1,0,0,600,FEASIBLE,60718.00,25926.01,0.57300947,600.00,600.00,-1.00,-1.00,-1.00,33676,-1.00,60718.00,1,13.0.2,logs/kstar_nI40_nJ20_nK50_nL5_tI2_tJ2_s2_m1_exact_s0_20260717-061642.gurobi.log
20260717-062645,kstar_nI40_nJ20_nK50_nL5_tI2_tJ2_s3,exact,1,0,0,600,FEASIBLE,70684.00,26909.91,0.61929281,600.00,600.00,-1.00,-1.00,-1.00,34202,-1.00,70684.00,1,13.0.2,logs/kstar_nI40_nJ20_nK50_nL5_tI2_tJ2_s3_m1_exact_s0_20260717-062645.gurobi.log
20260717-063648,kstar_nI40_nJ20_nK50_nL5_tI2_tJ2_s4,exact,1,0,0,600,FEASIBLE,52069.00,26043.38,0.49982953,600.00,600.00,-1.00,-1.00,-1.00,38356,-1.00,52069.00,1,13.0.2,logs/kstar_nI40_nJ20_nK50_nL5_tI2_tJ2_s4_m1_exact_s0_20260717-063648.gurobi.log
20260717-064651,kstar_nI40_nJ20_nK50_nL5_tI2_tJ2_s5,exact,1,0,0,600,FEASIBLE,54234.00,27732.60,0.48864922,600.00,600.00,-1.00,-1.00,-1.00,36275,-1.00,54234.00,1,13.0.2,logs/kstar_nI40_nJ20_nK50_nL5_tI2_tJ2_s5_m1_exact_s0_20260717-064651.gurobi.log
20260717-065654,kstar_nI40_nJ20_nK50_nL5_tI3_tJ3_s1,exact,1,0,0,600,FEASIBLE,54007.00,24460.99,0.54707733,600.00,600.00,-1.00,-1.00,-1.00,31220,-1.00,54007.00,1,13.0.2,logs/kstar_nI40_nJ20_nK50_nL5_tI3_tJ3_s1_m1_exact_s0_20260717-065654.gurobi.log
20260717-070657,kstar_nI40_nJ20_nK50_nL5_tI3_tJ3_s2,exact,1,0,0,600,FEASIBLE,52041.00,26847.63,0.48410626,600.00,600.00,-1.00,-1.00,-1.00,33348,-1.00,52041.00,1,13.0.2,logs/kstar_nI40_nJ20_nK50_nL5_tI3_tJ3_s2_m1_exact_s0_20260717-070657.gurobi.log
20260717-071700,kstar_nI40_nJ20_nK50_nL5_tI3_tJ3_s3,exact,1,0,0,600,FEASIBLE,51242.00,28051.31,0.45257197,600.00,600.00,-1.00,-1.00,-1.00,32375,-1.00,51242.00,1,13.0.2,logs/kstar_nI40_nJ20_nK50_nL5_tI3_tJ3_s3_m1_exact_s0_20260717-071700.gurobi.log
20260717-072703,kstar_nI40_nJ20_nK50_nL5_tI3_tJ3_s4,exact,1,0,0,600,FEASIBLE,48492.00,27432.36,0.43429096,600.00,600.00,-1.00,-1.00,-1.00,32271,-1.00,48492.00,1,13.0.2,logs/kstar_nI40_nJ20_nK50_nL5_tI3_tJ3_s4_m1_exact_s0_20260717-072703.gurobi.log
20260717-073706,kstar_nI40_nJ20_nK50_nL5_tI3_tJ3_s5,exact,1,0,0,600,FEASIBLE,58111.00,27878.05,0.52026211,600.00,600.00,-1.00,-1.00,-1.00,31113,-1.00,58111.00,1,13.0.2,logs/kstar_nI40_nJ20_nK50_nL5_tI3_tJ3_s5_m1_exact_s0_20260717-073706.gurobi.log
20260717-074709,kstar_nI40_nJ20_nK50_nL5_tI4_tJ4_s1,exact,1,0,0,600,FEASIBLE,54714.00,27691.36,0.49388894,600.00,600.00,-1.00,-1.00,-1.00,31778,-1.00,54714.00,1,13.0.2,logs/kstar_nI40_nJ20_nK50_nL5_tI4_tJ4_s1_m1_exact_s0_20260717-074709.gurobi.log
20260717-075711,kstar_nI40_nJ20_nK50_nL5_tI4_tJ4_s2,exact,1,0,0,600,FEASIBLE,54922.00,28318.41,0.48438865,600.00,600.00,-1.00,-1.00,-1.00,30905,-1.00,54922.00,1,13.0.2,logs/kstar_nI40_nJ20_nK50_nL5_tI4_tJ4_s2_m1_exact_s0_20260717-075711.gurobi.log
20260717-080714,kstar_nI40_nJ20_nK50_nL5_tI4_tJ4_s3,exact,1,0,0,600,FEASIBLE,50070.00,27636.76,0.44803758,600.00,600.00,-1.00,-1.00,-1.00,33741,-1.00,50070.00,1,13.0.2,logs/kstar_nI40_nJ20_nK50_nL5_tI4_tJ4_s3_m1_exact_s0_20260717-080714.gurobi.log
20260717-081716,kstar_nI40_nJ20_nK50_nL5_tI4_tJ4_s4,exact,1,0,0,600,FEASIBLE,47919.00,27789.32,0.42007712,600.00,600.00,-1.00,-1.00,-1.00,32379,-1.00,47919.00,1,13.0.2,logs/kstar_nI40_nJ20_nK50_nL5_tI4_tJ4_s4_m1_exact_s0_20260717-081716.gurobi.log
20260717-082720,kstar_nI40_nJ20_nK50_nL5_tI4_tJ4_s5,exact,1,0,0,600,FEASIBLE,47937.00,29553.13,0.38350053,600.00,600.00,-1.00,-1.00,-1.00,31513,-1.00,47937.00,1,13.0.2,logs/kstar_nI40_nJ20_nK50_nL5_tI4_tJ4_s5_m1_exact_s0_20260717-082720.gurobi.log
20260717-083722,kstar_nI40_nJ20_nK50_nL5_tI5_tJ5_s1,exact,1,0,0,600,FEASIBLE,46101.00,30951.05,0.32862530,600.00,600.00,-1.00,-1.00,-1.00,28425,-1.00,46101.00,1,13.0.2,logs/kstar_nI40_nJ20_nK50_nL5_tI5_tJ5_s1_m1_exact_s0_20260717-083722.gurobi.log
20260717-084725,kstar_nI40_nJ20_nK50_nL5_tI5_tJ5_s2,exact,1,0,0,600,FEASIBLE,46934.00,29112.70,0.37970970,600.00,600.00,-1.00,-1.00,-1.00,30881,-1.00,46934.00,1,13.0.2,logs/kstar_nI40_nJ20_nK50_nL5_tI5_tJ5_s2_m1_exact_s0_20260717-084725.gurobi.log
20260717-085728,kstar_nI40_nJ20_nK50_nL5_tI5_tJ5_s3,exact,1,0,0,600,FEASIBLE,47506.00,32297.36,0.32014141,600.00,600.00,-1.00,-1.00,-1.00,28608,-1.00,47506.00,1,13.0.2,logs/kstar_nI40_nJ20_nK50_nL5_tI5_tJ5_s3_m1_exact_s0_20260717-085728.gurobi.log
20260717-090731,kstar_nI40_nJ20_nK50_nL5_tI5_tJ5_s4,exact,1,0,0,600,FEASIBLE,52484.00,29550.75,0.43695697,600.00,600.00,-1.00,-1.00,-1.00,29820,-1.00,52484.00,1,13.0.2,logs/kstar_nI40_nJ20_nK50_nL5_tI5_tJ5_s4_m1_exact_s0_20260717-090731.gurobi.log
20260717-091733,kstar_nI40_nJ20_nK50_nL5_tI5_tJ5_s5,exact,1,0,0,600,FEASIBLE,47817.00,29750.49,0.37782600,600.00,600.00,-1.00,-1.00,-1.00,29332,-1.00,47817.00,1,13.0.2,logs/kstar_nI40_nJ20_nK50_nL5_tI5_tJ5_s5_m1_exact_s0_20260717-091733.gurobi.log
20260717-092735,kstar_nI40_nJ20_nK50_nL5_tI6_tJ6_s1,exact,1,0,0,600,FEASIBLE,42632.00,29965.21,0.29711925,600.00,600.00,-1.00,-1.00,-1.00,25600,-1.00,42632.00,1,13.0.2,logs/kstar_nI40_nJ20_nK50_nL5_tI6_tJ6_s1_m1_exact_s0_20260717-092735.gurobi.log
20260717-093738,kstar_nI40_nJ20_nK50_nL5_tI6_tJ6_s2,exact,1,0,0,600,FEASIBLE,44853.00,33597.32,0.25094602,600.00,600.00,-1.00,-1.00,-1.00,28842,-1.00,44853.00,1,13.0.2,logs/kstar_nI40_nJ20_nK50_nL5_tI6_tJ6_s2_m1_exact_s0_20260717-093738.gurobi.log
20260717-094740,kstar_nI40_nJ20_nK50_nL5_tI6_tJ6_s3,exact,1,0,0,600,FEASIBLE,43418.00,31438.89,0.27590186,600.00,600.00,-1.00,-1.00,-1.00,30441,-1.00,43418.00,1,13.0.2,logs/kstar_nI40_nJ20_nK50_nL5_tI6_tJ6_s3_m1_exact_s0_20260717-094740.gurobi.log
20260717-095743,kstar_nI40_nJ20_nK50_nL5_tI6_tJ6_s4,exact,1,0,0,600,FEASIBLE,44533.00,31206.66,0.29924646,600.00,600.00,-1.00,-1.00,-1.00,27803,-1.00,44533.00,1,13.0.2,logs/kstar_nI40_nJ20_nK50_nL5_tI6_tJ6_s4_m1_exact_s0_20260717-095743.gurobi.log
20260717-100746,kstar_nI40_nJ20_nK50_nL5_tI6_tJ6_s5,exact,1,0,0,600,FEASIBLE,47294.00,30645.66,0.35201795,600.00,600.00,-1.00,-1.00,-1.00,27468,-1.00,47294.00,1,13.0.2,logs/kstar_nI40_nJ20_nK50_nL5_tI6_tJ6_s5_m1_exact_s0_20260717-100746.gurobi.log
20260717-101749,kstar_nI40_nJ40_nK100_nL10_tI2_tJ2_s1,exact,1,0,0,600,FEASIBLE,245550.00,65224.77,0.73437275,600.00,600.00,-1.00,-1.00,-1.00,38129,-1.00,245550.00,1,13.0.2,logs/kstar_nI40_nJ40_nK100_nL10_tI2_tJ2_s1_m1_exact_s0_20260717-101749.gurobi.log
20260717-102752,kstar_nI40_nJ40_nK100_nL10_tI2_tJ2_s2,exact,1,0,0,600,FEASIBLE,231103.00,67521.95,0.70782748,600.00,600.00,-1.00,-1.00,-1.00,40018,-1.00,231103.00,1,13.0.2,logs/kstar_nI40_nJ40_nK100_nL10_tI2_tJ2_s2_m1_exact_s0_20260717-102752.gurobi.log
20260717-103756,kstar_nI40_nJ40_nK100_nL10_tI2_tJ2_s3,exact,1,0,0,600,FEASIBLE,262905.00,68596.95,0.73908085,600.00,600.00,-1.00,-1.00,-1.00,39537,-1.00,262905.00,1,13.0.2,logs/kstar_nI40_nJ40_nK100_nL10_tI2_tJ2_s3_m1_exact_s0_20260717-103756.gurobi.log
20260717-104800,kstar_nI40_nJ40_nK100_nL10_tI2_tJ2_s4,exact,1,0,0,600,FEASIBLE,320358.00,67773.82,0.78844348,600.00,600.00,-1.00,-1.00,-1.00,37141,-1.00,320358.00,1,13.0.2,logs/kstar_nI40_nJ40_nK100_nL10_tI2_tJ2_s4_m1_exact_s0_20260717-104800.gurobi.log
20260717-105805,kstar_nI40_nJ40_nK100_nL10_tI2_tJ2_s5,exact,1,0,0,600,FEASIBLE,291763.00,66781.16,0.77111162,600.00,600.00,-1.00,-1.00,-1.00,36901,-1.00,291763.00,1,13.0.2,logs/kstar_nI40_nJ40_nK100_nL10_tI2_tJ2_s5_m1_exact_s0_20260717-105805.gurobi.log
20260717-110810,kstar_nI40_nJ40_nK100_nL10_tI3_tJ3_s1,exact,1,0,0,600,FEASIBLE,282073.00,67323.88,0.76132463,600.00,600.00,-1.00,-1.00,-1.00,31609,-1.00,282073.00,1,13.0.2,logs/kstar_nI40_nJ40_nK100_nL10_tI3_tJ3_s1_m1_exact_s0_20260717-110810.gurobi.log
20260717-111813,kstar_nI40_nJ40_nK100_nL10_tI3_tJ3_s2,exact,1,0,0,600,FEASIBLE,229481.00,63991.97,0.72114482,600.00,600.00,-1.00,-1.00,-1.00,33900,-1.00,229481.00,1,13.0.2,logs/kstar_nI40_nJ40_nK100_nL10_tI3_tJ3_s2_m1_exact_s0_20260717-111813.gurobi.log
20260717-112814,kstar_nI40_nJ40_nK100_nL10_tI3_tJ3_s3,exact,1,0,0,600,FEASIBLE,245819.00,66482.34,0.72954759,600.00,600.00,-1.00,-1.00,-1.00,31825,-1.00,245819.00,1,13.0.2,logs/kstar_nI40_nJ40_nK100_nL10_tI3_tJ3_s3_m1_exact_s0_20260717-112814.gurobi.log
20260717-113815,kstar_nI40_nJ40_nK100_nL10_tI3_tJ3_s4,exact,1,0,0,600,FEASIBLE,182181.00,68890.47,0.62185700,600.00,600.00,-1.00,-1.00,-1.00,34660,-1.00,182181.00,1,13.0.2,logs/kstar_nI40_nJ40_nK100_nL10_tI3_tJ3_s4_m1_exact_s0_20260717-113815.gurobi.log
20260717-114817,kstar_nI40_nJ40_nK100_nL10_tI3_tJ3_s5,exact,1,0,0,600,FEASIBLE,262316.00,65447.89,0.75049980,600.00,600.00,-1.00,-1.00,-1.00,35479,-1.00,262316.00,1,13.0.2,logs/kstar_nI40_nJ40_nK100_nL10_tI3_tJ3_s5_m1_exact_s0_20260717-114817.gurobi.log
20260717-115820,kstar_nI40_nJ40_nK100_nL10_tI4_tJ4_s1,exact,1,0,0,600,FEASIBLE,220508.00,69146.66,0.68642110,600.00,600.00,-1.00,-1.00,-1.00,32379,-1.00,220508.00,1,13.0.2,logs/kstar_nI40_nJ40_nK100_nL10_tI4_tJ4_s1_m1_exact_s0_20260717-115820.gurobi.log
20260717-120822,kstar_nI40_nJ40_nK100_nL10_tI4_tJ4_s2,exact,1,0,0,600,FEASIBLE,163862.00,69131.19,0.57811333,600.00,600.00,-1.00,-1.00,-1.00,29806,-1.00,163862.00,1,13.0.2,logs/kstar_nI40_nJ40_nK100_nL10_tI4_tJ4_s2_m1_exact_s0_20260717-120822.gurobi.log
20260717-121825,kstar_nI40_nJ40_nK100_nL10_tI4_tJ4_s3,exact,1,0,0,600,FEASIBLE,192646.00,66087.49,0.65694852,600.00,600.00,-1.00,-1.00,-1.00,35170,-1.00,192646.00,1,13.0.2,logs/kstar_nI40_nJ40_nK100_nL10_tI4_tJ4_s3_m1_exact_s0_20260717-121825.gurobi.log
20260717-122829,kstar_nI40_nJ40_nK100_nL10_tI4_tJ4_s4,exact,1,0,0,600,FEASIBLE,197752.00,69668.86,0.64769581,600.00,600.00,-1.00,-1.00,-1.00,33051,-1.00,197752.00,1,13.0.2,logs/kstar_nI40_nJ40_nK100_nL10_tI4_tJ4_s4_m1_exact_s0_20260717-122829.gurobi.log
20260717-123831,kstar_nI40_nJ40_nK100_nL10_tI4_tJ4_s5,exact,1,0,0,600,FEASIBLE,236527.00,70405.26,0.70233732,600.00,600.00,-1.00,-1.00,-1.00,35964,-1.00,236527.00,1,13.0.2,logs/kstar_nI40_nJ40_nK100_nL10_tI4_tJ4_s5_m1_exact_s0_20260717-123831.gurobi.log
20260717-124835,kstar_nI40_nJ40_nK100_nL10_tI5_tJ5_s1,exact,1,0,0,600,FEASIBLE,177924.00,70838.38,0.60186159,600.00,600.00,-1.00,-1.00,-1.00,32155,-1.00,177924.00,1,13.0.2,logs/kstar_nI40_nJ40_nK100_nL10_tI5_tJ5_s1_m1_exact_s0_20260717-124835.gurobi.log
20260717-125838,kstar_nI40_nJ40_nK100_nL10_tI5_tJ5_s2,exact,1,0,0,600,FEASIBLE,191925.00,68901.50,0.64099776,600.00,600.00,-1.00,-1.00,-1.00,34171,-1.00,191925.00,1,13.0.2,logs/kstar_nI40_nJ40_nK100_nL10_tI5_tJ5_s2_m1_exact_s0_20260717-125838.gurobi.log
20260717-130840,kstar_nI40_nJ40_nK100_nL10_tI5_tJ5_s3,exact,1,0,0,600,FEASIBLE,181774.00,66544.46,0.63391651,600.00,600.00,-1.00,-1.00,-1.00,31701,-1.00,181774.00,1,13.0.2,logs/kstar_nI40_nJ40_nK100_nL10_tI5_tJ5_s3_m1_exact_s0_20260717-130840.gurobi.log
20260717-131844,kstar_nI40_nJ40_nK100_nL10_tI5_tJ5_s4,exact,1,0,0,600,FEASIBLE,173234.00,70426.50,0.59346030,600.00,600.00,-1.00,-1.00,-1.00,33486,-1.00,173234.00,1,13.0.2,logs/kstar_nI40_nJ40_nK100_nL10_tI5_tJ5_s4_m1_exact_s0_20260717-131844.gurobi.log
20260717-132848,kstar_nI40_nJ40_nK100_nL10_tI5_tJ5_s5,exact,1,0,0,600,FEASIBLE,182033.00,66207.83,0.63628665,600.00,600.00,-1.00,-1.00,-1.00,37078,-1.00,182033.00,1,13.0.2,logs/kstar_nI40_nJ40_nK100_nL10_tI5_tJ5_s5_m1_exact_s0_20260717-132848.gurobi.log
20260717-133850,kstar_nI40_nJ40_nK100_nL10_tI6_tJ6_s1,exact,1,0,0,600,FEASIBLE,175747.00,67684.34,0.61487630,600.00,600.00,-1.00,-1.00,-1.00,32599,-1.00,175747.00,1,13.0.2,logs/kstar_nI40_nJ40_nK100_nL10_tI6_tJ6_s1_m1_exact_s0_20260717-133850.gurobi.log
20260717-134853,kstar_nI40_nJ40_nK100_nL10_tI6_tJ6_s2,exact,1,0,0,600,FEASIBLE,180794.00,69896.98,0.61338885,600.00,600.00,-1.00,-1.00,-1.00,34178,-1.00,180794.00,1,13.0.2,logs/kstar_nI40_nJ40_nK100_nL10_tI6_tJ6_s2_m1_exact_s0_20260717-134853.gurobi.log
20260717-135856,kstar_nI40_nJ40_nK100_nL10_tI6_tJ6_s3,exact,1,0,0,600,FEASIBLE,187938.00,70070.07,0.62716392,600.00,600.00,-1.00,-1.00,-1.00,35553,-1.00,187938.00,1,13.0.2,logs/kstar_nI40_nJ40_nK100_nL10_tI6_tJ6_s3_m1_exact_s0_20260717-135856.gurobi.log
20260717-140900,kstar_nI40_nJ40_nK100_nL10_tI6_tJ6_s4,exact,1,0,0,600,FEASIBLE,158394.00,70426.56,0.55537101,600.00,600.00,-1.00,-1.00,-1.00,33456,-1.00,158394.00,1,13.0.2,logs/kstar_nI40_nJ40_nK100_nL10_tI6_tJ6_s4_m1_exact_s0_20260717-140900.gurobi.log
20260717-141904,kstar_nI40_nJ40_nK100_nL10_tI6_tJ6_s5,exact,1,0,0,600,FEASIBLE,154439.00,69915.95,0.54729087,600.00,600.00,-1.00,-1.00,-1.00,34461,-1.00,154439.00,1,13.0.2,logs/kstar_nI40_nJ40_nK100_nL10_tI6_tJ6_s5_m1_exact_s0_20260717-141904.gurobi.log
20260717-142906,kstar_nI40_nJ40_nK100_nL5_tI2_tJ2_s1,exact,1,0,0,600,FEASIBLE,170430.00,33538.33,0.80321344,600.00,600.00,-1.00,-1.00,-1.00,31597,-1.00,170430.00,1,13.0.2,logs/kstar_nI40_nJ40_nK100_nL5_tI2_tJ2_s1_m1_exact_s0_20260717-142906.gurobi.log
20260717-143910,kstar_nI40_nJ40_nK100_nL5_tI2_tJ2_s2,exact,1,0,0,600,FEASIBLE,199323.00,33304.97,0.83290954,600.00,600.00,-1.00,-1.00,-1.00,31554,-1.00,199323.00,1,13.0.2,logs/kstar_nI40_nJ40_nK100_nL5_tI2_tJ2_s2_m1_exact_s0_20260717-143910.gurobi.log
20260717-144915,kstar_nI40_nJ40_nK100_nL5_tI2_tJ2_s3,exact,1,0,0,600,FEASIBLE,132087.00,34689.32,0.73737521,600.00,600.00,-1.00,-1.00,-1.00,29426,-1.00,132087.00,1,13.0.2,logs/kstar_nI40_nJ40_nK100_nL5_tI2_tJ2_s3_m1_exact_s0_20260717-144915.gurobi.log
20260717-145918,kstar_nI40_nJ40_nK100_nL5_tI2_tJ2_s4,exact,1,0,0,600,FEASIBLE,143297.00,34885.72,0.75654954,600.00,600.00,-1.00,-1.00,-1.00,31680,-1.00,143297.00,1,13.0.2,logs/kstar_nI40_nJ40_nK100_nL5_tI2_tJ2_s4_m1_exact_s0_20260717-145918.gurobi.log
20260717-150922,kstar_nI40_nJ40_nK100_nL5_tI2_tJ2_s5,exact,1,0,0,600,FEASIBLE,175783.00,35063.08,0.80053199,600.00,600.00,-1.00,-1.00,-1.00,30860,-1.00,175783.00,1,13.0.2,logs/kstar_nI40_nJ40_nK100_nL5_tI2_tJ2_s5_m1_exact_s0_20260717-150922.gurobi.log
20260717-151926,kstar_nI40_nJ40_nK100_nL5_tI3_tJ3_s1,exact,1,0,0,600,FEASIBLE,110397.00,33436.81,0.69712212,600.00,600.00,-1.00,-1.00,-1.00,27537,-1.00,110397.00,1,13.0.2,logs/kstar_nI40_nJ40_nK100_nL5_tI3_tJ3_s1_m1_exact_s0_20260717-151926.gurobi.log
20260717-152930,kstar_nI40_nJ40_nK100_nL5_tI3_tJ3_s2,exact,1,0,0,600,FEASIBLE,125507.00,35915.20,0.71383909,600.00,600.00,-1.00,-1.00,-1.00,26887,-1.00,125507.00,1,13.0.2,logs/kstar_nI40_nJ40_nK100_nL5_tI3_tJ3_s2_m1_exact_s0_20260717-152930.gurobi.log
20260717-153934,kstar_nI40_nJ40_nK100_nL5_tI3_tJ3_s3,exact,1,0,0,600,FEASIBLE,122195.00,34829.62,0.71496691,600.00,600.00,-1.00,-1.00,-1.00,27406,-1.00,122195.00,1,13.0.2,logs/kstar_nI40_nJ40_nK100_nL5_tI3_tJ3_s3_m1_exact_s0_20260717-153934.gurobi.log
20260717-154938,kstar_nI40_nJ40_nK100_nL5_tI3_tJ3_s4,exact,1,0,0,600,FEASIBLE,130455.00,35489.03,0.72795964,600.00,600.00,-1.00,-1.00,-1.00,28520,-1.00,130455.00,1,13.0.2,logs/kstar_nI40_nJ40_nK100_nL5_tI3_tJ3_s4_m1_exact_s0_20260717-154938.gurobi.log
20260717-155942,kstar_nI40_nJ40_nK100_nL5_tI3_tJ3_s5,exact,1,0,0,600,FEASIBLE,121816.00,33967.53,0.72115711,600.00,600.00,-1.00,-1.00,-1.00,27512,-1.00,121816.00,1,13.0.2,logs/kstar_nI40_nJ40_nK100_nL5_tI3_tJ3_s5_m1_exact_s0_20260717-155942.gurobi.log
20260717-160945,kstar_nI40_nJ40_nK100_nL5_tI4_tJ4_s1,exact,1,0,0,600,FEASIBLE,105197.00,36826.24,0.64993066,600.00,600.00,-1.00,-1.00,-1.00,25191,-1.00,105197.00,1,13.0.2,logs/kstar_nI40_nJ40_nK100_nL5_tI4_tJ4_s1_m1_exact_s0_20260717-160945.gurobi.log
20260717-161949,kstar_nI40_nJ40_nK100_nL5_tI4_tJ4_s2,exact,1,0,0,600,FEASIBLE,106873.00,34291.78,0.67913523,600.00,600.00,-1.00,-1.00,-1.00,26033,-1.00,106873.00,1,13.0.2,logs/kstar_nI40_nJ40_nK100_nL5_tI4_tJ4_s2_m1_exact_s0_20260717-161949.gurobi.log
20260717-162952,kstar_nI40_nJ40_nK100_nL5_tI4_tJ4_s3,exact,1,0,0,600,FEASIBLE,99963.00,38018.90,0.61967030,600.00,600.00,-1.00,-1.00,-1.00,25163,-1.00,99963.00,1,13.0.2,logs/kstar_nI40_nJ40_nK100_nL5_tI4_tJ4_s3_m1_exact_s0_20260717-162952.gurobi.log
20260717-163954,kstar_nI40_nJ40_nK100_nL5_tI4_tJ4_s4,exact,1,0,0,600,FEASIBLE,106050.00,35734.66,0.66303949,600.00,600.00,-1.00,-1.00,-1.00,24856,-1.00,106050.00,1,13.0.2,logs/kstar_nI40_nJ40_nK100_nL5_tI4_tJ4_s4_m1_exact_s0_20260717-163954.gurobi.log
20260717-164957,kstar_nI40_nJ40_nK100_nL5_tI4_tJ4_s5,exact,1,0,0,600,FEASIBLE,133952.00,37126.37,0.72283828,600.00,600.00,-1.00,-1.00,-1.00,25883,-1.00,133952.00,1,13.0.2,logs/kstar_nI40_nJ40_nK100_nL5_tI4_tJ4_s5_m1_exact_s0_20260717-164957.gurobi.log
20260717-170000,kstar_nI40_nJ40_nK100_nL5_tI5_tJ5_s1,exact,1,0,0,600,FEASIBLE,86148.00,35661.10,0.58604848,600.00,600.00,-1.00,-1.00,-1.00,25591,-1.00,86148.00,1,13.0.2,logs/kstar_nI40_nJ40_nK100_nL5_tI5_tJ5_s1_m1_exact_s0_20260717-170000.gurobi.log
20260717-171002,kstar_nI40_nJ40_nK100_nL5_tI5_tJ5_s2,exact,1,0,0,600,FEASIBLE,89571.00,36779.17,0.58938530,600.00,600.00,-1.00,-1.00,-1.00,25058,-1.00,89571.00,1,13.0.2,logs/kstar_nI40_nJ40_nK100_nL5_tI5_tJ5_s2_m1_exact_s0_20260717-171002.gurobi.log
20260717-172005,kstar_nI40_nJ40_nK100_nL5_tI5_tJ5_s3,exact,1,0,0,600,FEASIBLE,112557.00,35713.46,0.68270777,600.00,600.00,-1.00,-1.00,-1.00,25265,-1.00,112557.00,1,13.0.2,logs/kstar_nI40_nJ40_nK100_nL5_tI5_tJ5_s3_m1_exact_s0_20260717-172005.gurobi.log
20260717-173007,kstar_nI40_nJ40_nK100_nL5_tI5_tJ5_s4,exact,1,0,0,600,FEASIBLE,91127.00,36302.66,0.60162565,600.00,600.00,-1.00,-1.00,-1.00,24796,-1.00,91127.00,1,13.0.2,logs/kstar_nI40_nJ40_nK100_nL5_tI5_tJ5_s4_m1_exact_s0_20260717-173007.gurobi.log
20260717-174009,kstar_nI40_nJ40_nK100_nL5_tI5_tJ5_s5,exact,1,0,0,600,FEASIBLE,103632.00,35963.68,0.65296747,600.00,600.00,-1.00,-1.00,-1.00,24299,-1.00,103632.00,1,13.0.2,logs/kstar_nI40_nJ40_nK100_nL5_tI5_tJ5_s5_m1_exact_s0_20260717-174009.gurobi.log
20260717-175013,kstar_nI40_nJ40_nK100_nL5_tI6_tJ6_s1,exact,1,0,0,600,FEASIBLE,80897.00,38475.88,0.52438431,600.00,600.00,-1.00,-1.00,-1.00,25299,-1.00,80897.00,1,13.0.2,logs/kstar_nI40_nJ40_nK100_nL5_tI6_tJ6_s1_m1_exact_s0_20260717-175013.gurobi.log
20260717-180015,kstar_nI40_nJ40_nK100_nL5_tI6_tJ6_s2,exact,1,0,0,600,FEASIBLE,88155.00,37733.60,0.57196300,600.00,600.00,-1.00,-1.00,-1.00,23645,-1.00,88155.00,1,13.0.2,logs/kstar_nI40_nJ40_nK100_nL5_tI6_tJ6_s2_m1_exact_s0_20260717-180015.gurobi.log
20260717-181018,kstar_nI40_nJ40_nK100_nL5_tI6_tJ6_s3,exact,1,0,0,600,FEASIBLE,79247.00,37017.20,0.53288829,600.00,600.00,-1.00,-1.00,-1.00,24386,-1.00,79247.00,1,13.0.2,logs/kstar_nI40_nJ40_nK100_nL5_tI6_tJ6_s3_m1_exact_s0_20260717-181018.gurobi.log
20260717-182019,kstar_nI40_nJ40_nK100_nL5_tI6_tJ6_s4,exact,1,0,0,600,FEASIBLE,87547.00,36467.87,0.58344812,600.00,600.00,-1.00,-1.00,-1.00,26254,-1.00,87547.00,1,13.0.2,logs/kstar_nI40_nJ40_nK100_nL5_tI6_tJ6_s4_m1_exact_s0_20260717-182019.gurobi.log
20260717-183416,kstar_nI40_nJ40_nK100_nL5_tI6_tJ6_s5,exact,1,0,0,600,FEASIBLE,83516.00,38513.05,0.53885423,600.00,600.00,-1.00,-1.00,-1.00,23008,-1.00,83516.00,1,13.0.2,logs/kstar_nI40_nJ40_nK100_nL5_tI6_tJ6_s5_m1_exact_s0_20260717-183416.gurobi.log
20260717-184419,kstar_nI40_nJ40_nK50_nL10_tI2_tJ2_s1,exact,1,0,0,600,FEASIBLE,137753.00,33198.19,0.75900207,600.00,600.00,-1.00,-1.00,-1.00,36240,-1.00,137753.00,1,13.0.2,logs/kstar_nI40_nJ40_nK50_nL10_tI2_tJ2_s1_m1_exact_s0_20260717-184419.gurobi.log
20260717-185423,kstar_nI40_nJ40_nK50_nL10_tI2_tJ2_s2,exact,1,0,0,600,FEASIBLE,102746.00,32557.43,0.68312706,600.00,600.00,-1.00,-1.00,-1.00,35345,-1.00,102746.00,1,13.0.2,logs/kstar_nI40_nJ40_nK50_nL10_tI2_tJ2_s2_m1_exact_s0_20260717-185423.gurobi.log
20260717-190425,kstar_nI40_nJ40_nK50_nL10_tI2_tJ2_s3,exact,1,0,0,600,FEASIBLE,138948.00,34142.90,0.75427568,600.00,600.00,-1.00,-1.00,-1.00,40038,-1.00,138948.00,1,13.0.2,logs/kstar_nI40_nJ40_nK50_nL10_tI2_tJ2_s3_m1_exact_s0_20260717-190425.gurobi.log
20260717-191427,kstar_nI40_nJ40_nK50_nL10_tI2_tJ2_s4,exact,1,0,0,600,FEASIBLE,134520.00,33308.29,0.75239154,600.00,600.00,-1.00,-1.00,-1.00,41989,-1.00,134520.00,1,13.0.2,logs/kstar_nI40_nJ40_nK50_nL10_tI2_tJ2_s4_m1_exact_s0_20260717-191427.gurobi.log
20260717-192430,kstar_nI40_nJ40_nK50_nL10_tI2_tJ2_s5,exact,1,0,0,600,FEASIBLE,146806.00,34365.66,0.76591103,600.00,600.00,-1.00,-1.00,-1.00,37120,-1.00,146806.00,1,13.0.2,logs/kstar_nI40_nJ40_nK50_nL10_tI2_tJ2_s5_m1_exact_s0_20260717-192430.gurobi.log
20260717-193434,kstar_nI40_nJ40_nK50_nL10_tI3_tJ3_s1,exact,1,0,0,600,FEASIBLE,107297.00,34419.36,0.67921416,600.00,600.00,-1.00,-1.00,-1.00,35793,-1.00,107297.00,1,13.0.2,logs/kstar_nI40_nJ40_nK50_nL10_tI3_tJ3_s1_m1_exact_s0_20260717-193434.gurobi.log
20260717-194437,kstar_nI40_nJ40_nK50_nL10_tI3_tJ3_s2,exact,1,0,0,600,FEASIBLE,99354.00,32184.72,0.67606010,600.00,600.00,-1.00,-1.00,-1.00,35906,-1.00,99354.00,1,13.0.2,logs/kstar_nI40_nJ40_nK50_nL10_tI3_tJ3_s2_m1_exact_s0_20260717-194437.gurobi.log
20260717-195441,kstar_nI40_nJ40_nK50_nL10_tI3_tJ3_s3,exact,1,0,0,600,FEASIBLE,102597.00,33967.69,0.66892123,600.00,600.00,-1.00,-1.00,-1.00,37074,-1.00,102597.00,1,13.0.2,logs/kstar_nI40_nJ40_nK50_nL10_tI3_tJ3_s3_m1_exact_s0_20260717-195441.gurobi.log
20260717-200443,kstar_nI40_nJ40_nK50_nL10_tI3_tJ3_s4,exact,1,0,0,600,FEASIBLE,125269.00,36579.90,0.70798918,600.00,600.00,-1.00,-1.00,-1.00,36861,-1.00,125269.00,1,13.0.2,logs/kstar_nI40_nJ40_nK50_nL10_tI3_tJ3_s4_m1_exact_s0_20260717-200443.gurobi.log
20260717-201446,kstar_nI40_nJ40_nK50_nL10_tI3_tJ3_s5,exact,1,0,0,600,FEASIBLE,124798.00,35449.54,0.71594462,600.00,600.00,-1.00,-1.00,-1.00,36225,-1.00,124798.00,1,13.0.2,logs/kstar_nI40_nJ40_nK50_nL10_tI3_tJ3_s5_m1_exact_s0_20260717-201446.gurobi.log
20260717-202449,kstar_nI40_nJ40_nK50_nL10_tI4_tJ4_s1,exact,1,0,0,600,FEASIBLE,105175.00,35890.67,0.65875286,600.00,600.00,-1.00,-1.00,-1.00,36001,-1.00,105175.00,1,13.0.2,logs/kstar_nI40_nJ40_nK50_nL10_tI4_tJ4_s1_m1_exact_s0_20260717-202449.gurobi.log
20260717-203453,kstar_nI40_nJ40_nK50_nL10_tI4_tJ4_s2,exact,1,0,0,600,FEASIBLE,118284.00,34562.75,0.70779857,600.00,600.00,-1.00,-1.00,-1.00,34567,-1.00,118284.00,1,13.0.2,logs/kstar_nI40_nJ40_nK50_nL10_tI4_tJ4_s2_m1_exact_s0_20260717-203453.gurobi.log
20260717-204455,kstar_nI40_nJ40_nK50_nL10_tI4_tJ4_s3,exact,1,0,0,600,FEASIBLE,77386.00,35500.06,0.54125993,600.00,600.00,-1.00,-1.00,-1.00,33961,-1.00,77386.00,1,13.0.2,logs/kstar_nI40_nJ40_nK50_nL10_tI4_tJ4_s3_m1_exact_s0_20260717-204455.gurobi.log
20260717-205456,kstar_nI40_nJ40_nK50_nL10_tI4_tJ4_s4,exact,1,0,0,600,FEASIBLE,100217.00,35245.93,0.64830389,600.00,600.00,-1.00,-1.00,-1.00,34618,-1.00,100217.00,1,13.0.2,logs/kstar_nI40_nJ40_nK50_nL10_tI4_tJ4_s4_m1_exact_s0_20260717-205456.gurobi.log
20260717-210459,kstar_nI40_nJ40_nK50_nL10_tI4_tJ4_s5,exact,1,0,0,600,FEASIBLE,112324.00,35643.53,0.68267217,600.00,600.00,-1.00,-1.00,-1.00,34119,-1.00,112324.00,1,13.0.2,logs/kstar_nI40_nJ40_nK50_nL10_tI4_tJ4_s5_m1_exact_s0_20260717-210459.gurobi.log
20260717-211501,kstar_nI40_nJ40_nK50_nL10_tI5_tJ5_s1,exact,1,0,0,600,FEASIBLE,95046.00,35070.48,0.63101575,600.00,600.00,-1.00,-1.00,-1.00,33666,-1.00,95046.00,1,13.0.2,logs/kstar_nI40_nJ40_nK50_nL10_tI5_tJ5_s1_m1_exact_s0_20260717-211501.gurobi.log
20260717-212505,kstar_nI40_nJ40_nK50_nL10_tI5_tJ5_s2,exact,1,0,0,600,FEASIBLE,80647.00,36653.32,0.54550922,600.00,600.00,-1.00,-1.00,-1.00,33473,-1.00,80647.00,1,13.0.2,logs/kstar_nI40_nJ40_nK50_nL10_tI5_tJ5_s2_m1_exact_s0_20260717-212505.gurobi.log
20260717-213508,kstar_nI40_nJ40_nK50_nL10_tI5_tJ5_s3,exact,1,0,0,600,FEASIBLE,89238.00,36466.20,0.59136024,600.00,600.00,-1.00,-1.00,-1.00,34821,-1.00,89238.00,1,13.0.2,logs/kstar_nI40_nJ40_nK50_nL10_tI5_tJ5_s3_m1_exact_s0_20260717-213508.gurobi.log
20260717-214511,kstar_nI40_nJ40_nK50_nL10_tI5_tJ5_s4,exact,1,0,0,600,FEASIBLE,100334.00,36969.92,0.63153150,600.00,600.00,-1.00,-1.00,-1.00,33776,-1.00,100334.00,1,13.0.2,logs/kstar_nI40_nJ40_nK50_nL10_tI5_tJ5_s4_m1_exact_s0_20260717-214511.gurobi.log
20260717-215513,kstar_nI40_nJ40_nK50_nL10_tI5_tJ5_s5,exact,1,0,0,600,FEASIBLE,98150.00,34982.75,0.64357867,600.00,600.00,-1.00,-1.00,-1.00,32494,-1.00,98150.00,1,13.0.2,logs/kstar_nI40_nJ40_nK50_nL10_tI5_tJ5_s5_m1_exact_s0_20260717-215513.gurobi.log
20260717-220517,kstar_nI40_nJ40_nK50_nL10_tI6_tJ6_s1,exact,1,0,0,600,FEASIBLE,78508.00,37806.05,0.51844329,600.00,600.00,-1.00,-1.00,-1.00,33177,-1.00,78508.00,1,13.0.2,logs/kstar_nI40_nJ40_nK50_nL10_tI6_tJ6_s1_m1_exact_s0_20260717-220517.gurobi.log
20260717-221520,kstar_nI40_nJ40_nK50_nL10_tI6_tJ6_s2,exact,1,0,0,600,FEASIBLE,89745.00,38511.98,0.57087326,600.00,600.00,-1.00,-1.00,-1.00,34414,-1.00,89745.00,1,13.0.2,logs/kstar_nI40_nJ40_nK50_nL10_tI6_tJ6_s2_m1_exact_s0_20260717-221520.gurobi.log
20260717-222522,kstar_nI40_nJ40_nK50_nL10_tI6_tJ6_s3,exact,1,0,0,600,FEASIBLE,84272.00,36633.27,0.56529726,600.00,600.00,-1.00,-1.00,-1.00,33172,-1.00,84272.00,1,13.0.2,logs/kstar_nI40_nJ40_nK50_nL10_tI6_tJ6_s3_m1_exact_s0_20260717-222522.gurobi.log
20260717-223526,kstar_nI40_nJ40_nK50_nL10_tI6_tJ6_s4,exact,1,0,0,600,FEASIBLE,72272.00,35253.75,0.51220731,600.00,600.00,-1.00,-1.00,-1.00,35285,-1.00,72272.00,1,13.0.2,logs/kstar_nI40_nJ40_nK50_nL10_tI6_tJ6_s4_m1_exact_s0_20260717-223526.gurobi.log
20260717-224529,kstar_nI40_nJ40_nK50_nL10_tI6_tJ6_s5,exact,1,0,0,600,FEASIBLE,77401.00,35395.72,0.54269688,600.00,600.00,-1.00,-1.00,-1.00,33216,-1.00,77401.00,1,13.0.2,logs/kstar_nI40_nJ40_nK50_nL10_tI6_tJ6_s5_m1_exact_s0_20260717-224529.gurobi.log
20260717-225532,kstar_nI40_nJ40_nK50_nL5_tI2_tJ2_s1,exact,1,0,0,600,FEASIBLE,87361.00,16622.10,0.80973089,600.00,600.00,-1.00,-1.00,-1.00,29722,-1.00,87361.00,1,13.0.2,logs/kstar_nI40_nJ40_nK50_nL5_tI2_tJ2_s1_m1_exact_s0_20260717-225532.gurobi.log
20260717-230536,kstar_nI40_nJ40_nK50_nL5_tI2_tJ2_s2,exact,1,0,0,600,FEASIBLE,76635.00,16685.17,0.78227736,600.00,600.00,-1.00,-1.00,-1.00,32177,-1.00,76635.00,1,13.0.2,logs/kstar_nI40_nJ40_nK50_nL5_tI2_tJ2_s2_m1_exact_s0_20260717-230536.gurobi.log
20260717-231539,kstar_nI40_nJ40_nK50_nL5_tI2_tJ2_s3,exact,1,0,0,600,FEASIBLE,48951.00,17394.31,0.64465873,600.00,600.00,-1.00,-1.00,-1.00,31099,-1.00,48951.00,1,13.0.2,logs/kstar_nI40_nJ40_nK50_nL5_tI2_tJ2_s3_m1_exact_s0_20260717-231539.gurobi.log
20260717-232542,kstar_nI40_nJ40_nK50_nL5_tI2_tJ2_s4,exact,1,0,0,600,FEASIBLE,70565.00,16629.47,0.76433833,600.00,600.00,-1.00,-1.00,-1.00,33465,-1.00,70565.00,1,13.0.2,logs/kstar_nI40_nJ40_nK50_nL5_tI2_tJ2_s4_m1_exact_s0_20260717-232542.gurobi.log
20260717-233546,kstar_nI40_nJ40_nK50_nL5_tI2_tJ2_s5,exact,1,0,0,600,FEASIBLE,69833.00,16773.75,0.75980198,600.00,600.00,-1.00,-1.00,-1.00,33904,-1.00,69833.00,1,13.0.2,logs/kstar_nI40_nJ40_nK50_nL5_tI2_tJ2_s5_m1_exact_s0_20260717-233546.gurobi.log
20260717-234548,kstar_nI40_nJ40_nK50_nL5_tI3_tJ3_s1,exact,1,0,0,600,FEASIBLE,61846.00,18663.17,0.69823159,600.00,600.00,-1.00,-1.00,-1.00,27782,-1.00,61846.00,1,13.0.2,logs/kstar_nI40_nJ40_nK50_nL5_tI3_tJ3_s1_m1_exact_s0_20260717-234548.gurobi.log
20260717-235550,kstar_nI40_nJ40_nK50_nL5_tI3_tJ3_s2,exact,1,0,0,600,FEASIBLE,67482.00,18206.40,0.73020365,600.00,600.00,-1.00,-1.00,-1.00,27057,-1.00,67482.00,1,13.0.2,logs/kstar_nI40_nJ40_nK50_nL5_tI3_tJ3_s2_m1_exact_s0_20260717-235550.gurobi.log
20260718-000553,kstar_nI40_nJ40_nK50_nL5_tI3_tJ3_s3,exact,1,0,0,600,FEASIBLE,53819.00,17009.37,0.68395239,600.00,600.00,-1.00,-1.00,-1.00,29385,-1.00,53819.00,1,13.0.2,logs/kstar_nI40_nJ40_nK50_nL5_tI3_tJ3_s3_m1_exact_s0_20260718-000553.gurobi.log
20260718-001555,kstar_nI40_nJ40_nK50_nL5_tI3_tJ3_s4,exact,1,0,0,600,FEASIBLE,57067.00,18339.12,0.67863876,600.00,600.00,-1.00,-1.00,-1.00,28061,-1.00,57067.00,1,13.0.2,logs/kstar_nI40_nJ40_nK50_nL5_tI3_tJ3_s4_m1_exact_s0_20260718-001555.gurobi.log
20260718-002558,kstar_nI40_nJ40_nK50_nL5_tI3_tJ3_s5,exact,1,0,0,600,FEASIBLE,66975.00,18177.16,0.72859783,600.00,600.00,-1.00,-1.00,-1.00,26500,-1.00,66975.00,1,13.0.2,logs/kstar_nI40_nJ40_nK50_nL5_tI3_tJ3_s5_m1_exact_s0_20260718-002558.gurobi.log
20260718-003602,kstar_nI40_nJ40_nK50_nL5_tI4_tJ4_s1,exact,1,0,0,600,FEASIBLE,54723.00,18722.45,0.65786881,600.00,600.00,-1.00,-1.00,-1.00,25531,-1.00,54723.00,1,13.0.2,logs/kstar_nI40_nJ40_nK50_nL5_tI4_tJ4_s1_m1_exact_s0_20260718-003602.gurobi.log
20260718-004605,kstar_nI40_nJ40_nK50_nL5_tI4_tJ4_s2,exact,1,0,0,600,FEASIBLE,54237.00,19054.71,0.64867691,600.00,600.00,-1.00,-1.00,-1.00,26795,-1.00,54237.00,1,13.0.2,logs/kstar_nI40_nJ40_nK50_nL5_tI4_tJ4_s2_m1_exact_s0_20260718-004605.gurobi.log
20260718-005608,kstar_nI40_nJ40_nK50_nL5_tI4_tJ4_s3,exact,1,0,0,600,FEASIBLE,48781.00,19250.83,0.60536211,600.00,600.00,-1.00,-1.00,-1.00,26723,-1.00,48781.00,1,13.0.2,logs/kstar_nI40_nJ40_nK50_nL5_tI4_tJ4_s3_m1_exact_s0_20260718-005608.gurobi.log
20260718-010611,kstar_nI40_nJ40_nK50_nL5_tI4_tJ4_s4,exact,1,0,0,600,FEASIBLE,50458.00,19054.12,0.62237671,600.00,600.00,-1.00,-1.00,-1.00,25610,-1.00,50458.00,1,13.0.2,logs/kstar_nI40_nJ40_nK50_nL5_tI4_tJ4_s4_m1_exact_s0_20260718-010611.gurobi.log
20260718-011614,kstar_nI40_nJ40_nK50_nL5_tI4_tJ4_s5,exact,1,0,0,600,FEASIBLE,55371.00,18085.48,0.67337634,600.00,600.00,-1.00,-1.00,-1.00,26070,-1.00,55371.00,1,13.0.2,logs/kstar_nI40_nJ40_nK50_nL5_tI4_tJ4_s5_m1_exact_s0_20260718-011614.gurobi.log
20260718-012617,kstar_nI40_nJ40_nK50_nL5_tI5_tJ5_s1,exact,1,0,0,600,FEASIBLE,43345.00,18944.86,0.56292856,600.00,600.00,-1.00,-1.00,-1.00,24536,-1.00,43345.00,1,13.0.2,logs/kstar_nI40_nJ40_nK50_nL5_tI5_tJ5_s1_m1_exact_s0_20260718-012617.gurobi.log
20260718-013619,kstar_nI40_nJ40_nK50_nL5_tI5_tJ5_s2,exact,1,0,0,600,FEASIBLE,51668.00,19706.20,0.61859951,600.00,600.00,-1.00,-1.00,-1.00,24922,-1.00,51668.00,1,13.0.2,logs/kstar_nI40_nJ40_nK50_nL5_tI5_tJ5_s2_m1_exact_s0_20260718-013619.gurobi.log
20260718-014621,kstar_nI40_nJ40_nK50_nL5_tI5_tJ5_s3,exact,1,0,0,600,FEASIBLE,46768.00,20850.49,0.55417192,600.00,600.00,-1.00,-1.00,-1.00,24669,-1.00,46768.00,1,13.0.2,logs/kstar_nI40_nJ40_nK50_nL5_tI5_tJ5_s3_m1_exact_s0_20260718-014621.gurobi.log
20260718-015624,kstar_nI40_nJ40_nK50_nL5_tI5_tJ5_s4,exact,1,0,0,600,FEASIBLE,54500.00,20985.49,0.61494511,600.00,600.00,-1.00,-1.00,-1.00,26240,-1.00,54500.00,1,13.0.2,logs/kstar_nI40_nJ40_nK50_nL5_tI5_tJ5_s4_m1_exact_s0_20260718-015624.gurobi.log
20260718-020627,kstar_nI40_nJ40_nK50_nL5_tI5_tJ5_s5,exact,1,0,0,600,FEASIBLE,48842.00,18939.13,0.61223677,600.00,600.00,-1.00,-1.00,-1.00,25507,-1.00,48842.00,1,13.0.2,logs/kstar_nI40_nJ40_nK50_nL5_tI5_tJ5_s5_m1_exact_s0_20260718-020627.gurobi.log
20260718-021629,kstar_nI40_nJ40_nK50_nL5_tI6_tJ6_s1,exact,1,0,0,600,FEASIBLE,48182.00,21428.76,0.55525382,600.00,600.00,-1.00,-1.00,-1.00,25009,-1.00,48182.00,1,13.0.2,logs/kstar_nI40_nJ40_nK50_nL5_tI6_tJ6_s1_m1_exact_s0_20260718-021629.gurobi.log
20260718-022631,kstar_nI40_nJ40_nK50_nL5_tI6_tJ6_s2,exact,1,0,0,600,FEASIBLE,43881.00,20815.03,0.52564819,600.00,600.00,-1.00,-1.00,-1.00,25131,-1.00,43881.00,1,13.0.2,logs/kstar_nI40_nJ40_nK50_nL5_tI6_tJ6_s2_m1_exact_s0_20260718-022631.gurobi.log
20260718-023634,kstar_nI40_nJ40_nK50_nL5_tI6_tJ6_s3,exact,1,0,0,600,FEASIBLE,39103.00,20157.88,0.48449283,600.00,600.00,-1.00,-1.00,-1.00,25501,-1.00,39103.00,1,13.0.2,logs/kstar_nI40_nJ40_nK50_nL5_tI6_tJ6_s3_m1_exact_s0_20260718-023634.gurobi.log
20260718-024637,kstar_nI40_nJ40_nK50_nL5_tI6_tJ6_s4,exact,1,0,0,600,FEASIBLE,40142.00,21908.76,0.45421842,600.00,600.00,-1.00,-1.00,-1.00,25990,-1.00,40142.00,1,13.0.2,logs/kstar_nI40_nJ40_nK50_nL5_tI6_tJ6_s4_m1_exact_s0_20260718-024637.gurobi.log
20260718-025640,kstar_nI40_nJ40_nK50_nL5_tI6_tJ6_s5,exact,1,0,0,600,FEASIBLE,42861.00,20071.77,0.53170080,600.00,600.00,-1.00,-1.00,-1.00,25670,-1.00,42861.00,1,13.0.2,logs/kstar_nI40_nJ40_nK50_nL5_tI6_tJ6_s5_m1_exact_s0_20260718-025640.gurobi.log
